model_name,cv_f1_macro_mean,cv_f1_macro_std,cv_accuracy_mean,cv_accuracy_std,n_features,n_rows,n_folds
random_forest,0.9114499021860627,0.00486419539806605,0.9596134073617109,0.0009491907257859402,20,145890,5
extra_trees,0.9113373540023375,0.004756394590925163,0.9544040030159711,0.0005716816632255574,20,145890,5
decision_tree,0.8558872251382847,0.005019907556618952,0.9357735280005484,0.0016012216465610316,20,145890,5
gradient_boosting,0.7955429518070314,0.00571993572515915,0.869045171019261,0.0010173765526673385,20,145890,5
knn,0.6038324012289775,0.007471395395846169,0.8664678867640003,0.0012641637402758124,20,145890,5
logistic_regression,0.11975305440299344,0.0008882624657741611,0.7043525944204537,0.00314340476613118,20,145890,5
svc_rbf,0.11846975567979715,6.35187485556639e-05,0.7066214271026117,4.546747262120527e-05,20,145890,5
gaussian_nb,0.005149643992727708,0.00029220154031715323,0.015251216670093905,7.815308966338588e-05,20,145890,5
