model_name,accuracy,f1_macro,f1_weighted,n_features_in,n_train_rows,n_test_rows
random_forest,0.9593872095414353,0.9148731651209923,0.9590653114874274,20,116712,29178
extra_trees,0.9530468160943176,0.910488489050115,0.9525106503200704,20,116712,29178
decision_tree,0.9342655425320447,0.8537984016332035,0.9341673983252676,20,116712,29178
gradient_boosting,0.8692508054013298,0.7976859111062754,0.8609814646584337,20,116712,29178
knn,0.8654808417300706,0.6088355870304107,0.8589974025532121,20,116712,29178
logistic_regression,0.7037151278360408,0.12062872990273302,0.5923024614616158,20,116712,29178
svc_rbf,0.7066968263760367,0.11857586694559459,0.5854592569070434,20,116712,29178
gaussian_nb,0.015456851052162589,0.005624151136960604,0.0017236481229619765,20,116712,29178
