{
  "accuracy": 0.9593872095414353,
  "f1_macro": 0.9148731651209923,
  "f1_weighted": 0.9590653114874274
}