rank_macro_f1,rank_accuracy,model_name,cv_f1_macro_mean,cv_f1_macro_std,cv_accuracy_mean,cv_accuracy_std,n_features,n_rows,n_folds
1,1,random_forest,0.9114499021860628,0.004864195398066,0.9596134073617107,0.0009491907257859,20,145890,5
2,2,extra_trees,0.9113373540023376,0.0047563945909251,0.9544040030159712,0.0005716816632255,20,145890,5
3,3,decision_tree,0.8558872251382847,0.0050199075566189,0.9357735280005484,0.001601221646561,20,145890,5
4,4,gradient_boosting,0.7955429518070314,0.0057199357251591,0.869045171019261,0.0010173765526673,20,145890,5
5,5,knn,0.6038324012289775,0.0074713953958461,0.8664678867640003,0.0012641637402758,20,145890,5
6,7,logistic_regression,0.1197530544029934,0.0008882624657741,0.7043525944204537,0.0031434047661311,20,145890,5
7,6,svc_rbf,0.1184697556797971,6.35187485556639e-05,0.7066214271026117,4.546747262120527e-05,20,145890,5
8,8,gaussian_nb,0.0051496439927277,0.0002922015403171,0.0152512166700939,7.815308966338588e-05,20,145890,5
