actual,predicted,residual
559.0,591.93744,-32.93743896484375
2201.0,2416.1794,-215.179443359375
1238.0,1140.1726,97.827392578125
1304.0,1318.8818,-14.8818359375
6901.0,9546.411,-2645.4111328125
3011.0,3774.4568,-763.456787109375
1765.0,1821.0928,-56.0927734375
1679.0,1879.2836,-200.2835693359375
2102.0,2268.0957,-166.095703125
4789.0,5676.1147,-887.11474609375
855.0,740.5048,114.49517822265625
13134.0,12946.913,187.0869140625
1367.0,1533.4188,-166.4188232421875
2401.0,2352.4824,48.517578125
1440.0,1910.2786,-470.278564453125
10286.0,10339.949,-53.94921875
2958.0,3753.144,-795.14404296875
1397.0,1325.3771,71.6229248046875
9904.0,10489.901,-585.9013671875
552.0,573.0286,-21.02862548828125
18193.0,15723.336,2469.6640625
945.0,832.6446,112.35540771484375
625.0,686.0079,-61.00787353515625
631.0,631.9061,-0.9061279296875
3854.0,3520.6506,333.349365234375
1415.0,1540.728,-125.72802734375
1033.0,848.1137,184.88629150390625
13453.0,15128.389,-1675.388671875
8341.0,8508.121,-167.12109375
493.0,468.63962,24.360382080078125
4416.0,4463.2534,-47.25341796875
1422.0,1573.21,-151.2099609375
11566.0,12123.595,-557.5947265625
1800.0,1799.8965,0.103515625
2153.0,1897.8778,255.1221923828125
373.0,428.89313,-55.89312744140625
776.0,668.3459,107.65411376953125
1885.0,1856.4563,28.543701171875
1974.0,1804.6963,169.3037109375
18443.0,16309.634,2133.3662109375
2206.0,2390.884,-184.884033203125
1724.0,1540.1943,183.8056640625
855.0,742.26245,112.737548828125
15745.0,15158.401,586.5986328125
3016.0,3141.1958,-125.19580078125
722.0,780.15216,-58.15216064453125
12871.0,12691.345,179.6552734375
11588.0,10733.156,854.84375
17608.0,16816.287,791.712890625
7549.0,8120.1484,-571.1484375
925.0,985.1936,-60.193603515625
9088.0,8501.323,586.6767578125
3454.0,2990.2927,463.707275390625
6777.0,6476.406,300.59423828125
4617.0,4587.7246,29.275390625
6015.0,5317.9893,697.0107421875
4137.0,4302.0435,-165.04345703125
435.0,434.67548,0.32452392578125
3924.0,3902.83,21.169921875
1778.0,1791.0203,-13.020263671875
2464.0,2503.827,-39.826904296875
759.0,709.543,49.45697021484375
15465.0,14700.699,764.30078125
2968.0,3993.2083,-1025.208251953125
868.0,863.8706,4.12939453125
516.0,609.8979,-93.89788818359375
2854.0,2981.087,-127.0869140625
1813.0,1771.365,41.635009765625
1656.0,1735.5858,-79.5858154296875
3217.0,3017.983,199.01708984375
4364.0,3869.843,494.156982421875
521.0,564.6953,-43.6953125
4584.0,4379.6714,204.32861328125
13677.0,15105.695,-1428.6953125
1279.0,1171.3077,107.6922607421875
1026.0,1035.2341,-9.234130859375
14394.0,15873.618,-1479.6181640625
2669.0,2788.9363,-119.936279296875
10947.0,9794.965,1152.03515625
10570.0,8754.342,1815.658203125
855.0,781.03503,73.9649658203125
737.0,809.5082,-72.5081787109375
1759.0,1814.6608,-55.6607666015625
1052.0,876.2161,175.78387451171875
3861.0,3963.0889,-102.0888671875
1079.0,1075.8875,3.112548828125
646.0,817.83716,-171.837158203125
2431.0,2702.2583,-271.25830078125
11888.0,10798.398,1089.6015625
2570.0,2709.1606,-139.16064453125
6849.0,5991.7407,857.25927734375
2673.0,2995.2234,-322.223388671875
1603.0,1577.776,25.2239990234375
3102.0,2973.8394,128.16064453125
5411.0,5283.3755,127.62451171875
530.0,492.81613,37.183868408203125
953.0,788.36615,164.63385009765625
1103.0,1054.2788,48.72119140625
4424.0,4419.962,4.0380859375
1715.0,1793.9698,-78.9698486328125
722.0,835.25757,-113.257568359375
4185.0,4751.6807,-566.6806640625
2090.0,1763.521,326.47900390625
5306.0,4874.7593,431.24072265625
462.0,481.96838,-19.9683837890625
15991.0,15006.686,984.314453125
565.0,645.4548,-80.45477294921875
935.0,974.9528,-39.95281982421875
921.0,926.50354,-5.5035400390625
438.0,504.8968,-66.89678955078125
4704.0,4749.551,-45.55078125
723.0,795.3448,-72.34478759765625
2250.0,1621.5885,628.4114990234375
2338.0,2430.5256,-92.525634765625
4786.0,4968.9434,-182.943359375
5303.0,5106.876,196.1240234375
7197.0,6925.937,271.06298828125
3465.0,3483.9734,-18.973388671875
3725.0,3196.729,528.27099609375
2509.0,2498.8667,10.13330078125
5456.0,5460.2476,-4.24755859375
16169.0,14990.95,1178.0498046875
9598.0,8719.817,878.1826171875
9376.0,9392.908,-16.908203125
419.0,495.02008,-76.02008056640625
867.0,893.2656,-26.265625
675.0,591.3409,83.65911865234375
1033.0,1112.5612,-79.5611572265625
700.0,734.7677,-34.7677001953125
4400.0,4194.718,205.2822265625
485.0,519.8267,-34.82672119140625
4485.0,4215.4883,269.51171875
1043.0,1090.1666,-47.1666259765625
602.0,660.91943,-58.91943359375
1060.0,1051.7859,8.214111328125
505.0,561.7697,-56.76971435546875
1250.0,1222.9989,27.0010986328125
4155.0,5304.493,-1149.4931640625
1433.0,1395.1819,37.818115234375
1932.0,2567.639,-635.638916015625
7744.0,7528.5024,215.49755859375
2400.0,2247.294,152.7060546875
802.0,672.49963,129.5003662109375
7421.0,7138.233,282.76708984375
4578.0,4693.216,-115.2158203125
525.0,526.60315,-1.6031494140625
5429.0,5321.4653,107.53466796875
11897.0,11447.243,449.7568359375
781.0,860.5982,-79.59820556640625
1290.0,1162.9844,127.015625
6396.0,6774.683,-378.68310546875
1915.0,1884.509,30.490966796875
15562.0,13967.212,1594.7880859375
1052.0,950.89453,101.10546875
2721.0,2977.8892,-256.88916015625
723.0,815.31604,-92.3160400390625
2939.0,2963.8345,-24.83447265625
2297.0,2473.8506,-176.8505859375
13168.0,11117.845,2050.1552734375
12512.0,11606.055,905.9453125
6439.0,6291.4067,147.59326171875
10401.0,13101.014,-2700.013671875
1169.0,1175.5662,-6.566162109375
2123.0,1857.6542,265.3458251953125
1668.0,1829.554,-161.553955078125
5433.0,5552.04,-119.0400390625
2080.0,3038.0332,-958.033203125
4469.0,4411.8027,57.197265625
4237.0,4218.497,18.5029296875
686.0,762.7641,-76.76409912109375
8254.0,7610.156,643.84423828125
11060.0,11113.869,-53.869140625
1668.0,1621.85,46.1500244140625
7187.0,6710.0396,476.96044921875
7598.0,7644.9087,-46.90869140625
886.0,938.3921,-52.39208984375
3175.0,3316.9277,-141.927734375
825.0,897.3425,-72.342529296875
647.0,558.56775,88.4322509765625
2951.0,2927.2817,23.71826171875
608.0,528.3114,79.6885986328125
931.0,828.86176,102.13824462890625
906.0,789.7318,116.2681884765625
2190.0,2315.6934,-125.693359375
684.0,636.0123,47.9876708984375
2114.0,2362.886,-248.885986328125
2945.0,3111.553,-166.552978515625
1097.0,1011.4485,85.551513671875
478.0,576.1154,-98.11541748046875
1079.0,1066.8505,12.1495361328125
6291.0,6817.3354,-526.33544921875
1250.0,1362.4109,-112.410888671875
605.0,672.0245,-67.02447509765625
10314.0,10173.804,140.1962890625
14752.0,14420.675,331.3251953125
6664.0,6318.8247,345.17529296875
755.0,772.04865,-17.04864501953125
5387.0,4349.081,1037.9189453125
8924.0,8266.033,657.966796875
4864.0,5283.7837,-419.78369140625
772.0,850.9299,-78.92987060546875
5053.0,6121.4697,-1068.4697265625
1030.0,1021.92926,8.07073974609375
2513.0,2323.8293,189.170654296875
932.0,853.5708,78.42919921875
3091.0,3101.3704,-10.370361328125
1786.0,1828.1335,-42.133544921875
3679.0,3796.0386,-117.03857421875
687.0,734.67474,-47.67474365234375
3780.0,4982.508,-1202.5078125
984.0,845.8239,138.17608642578125
16363.0,16069.691,293.30859375
11025.0,10068.046,956.9541015625
3715.0,3710.3909,4.609130859375
1187.0,1188.0645,-1.064453125
1073.0,1288.3215,-215.321533203125
1608.0,1663.7352,-55.7352294921875
4788.0,4440.8345,347.16552734375
13156.0,11675.378,1480.6220703125
1671.0,1768.045,-97.0450439453125
5257.0,5258.4233,-1.42333984375
573.0,483.07553,89.92446899414062
878.0,803.6127,74.3873291015625
658.0,570.3034,87.69659423828125
1161.0,1205.9214,-44.92138671875
5251.0,4946.6177,304.38232421875
599.0,562.6487,36.351318359375
2929.0,2821.838,107.162109375
4355.0,4591.971,-236.97119140625
666.0,711.9194,-45.91937255859375
3250.0,3613.0283,-363.0283203125
422.0,490.7101,-68.71011352539062
4375.0,4347.8906,27.109375
1806.0,2084.761,-278.760986328125
945.0,899.7317,45.268310546875
4764.0,4605.9785,158.021484375
3264.0,2925.2185,338.781494140625
8679.0,9332.061,-653.060546875
5893.0,5972.586,-79.5859375
10623.0,10357.913,265.0869140625
918.0,952.22675,-34.22674560546875
12196.0,13395.151,-1199.1513671875
1107.0,955.932,151.0679931640625
8690.0,8018.831,671.1689453125
956.0,791.46625,164.53375244140625
3282.0,3079.3125,202.6875
1191.0,1158.2623,32.7376708984375
4542.0,4057.1333,484.86669921875
5807.0,5694.232,112.76806640625
11792.0,11185.394,606.6064453125
1097.0,1072.8835,24.116455078125
1792.0,1802.945,-10.9449462890625
18295.0,14846.942,3448.0576171875
1138.0,1247.6747,-109.6746826171875
17095.0,15385.163,1709.8369140625
2222.0,2197.8457,24.154296875
4490.0,4461.1675,28.83251953125
8743.0,9142.976,-399.9755859375
7834.0,8082.857,-248.85693359375
15801.0,14933.271,867.728515625
882.0,733.9017,148.09832763671875
945.0,790.752,154.24798583984375
2273.0,2295.8591,-22.859130859375
3789.0,4253.7534,-464.75341796875
4410.0,4457.093,-47.0927734375
1056.0,732.2785,323.72149658203125
862.0,899.7566,-37.756591796875
9511.0,9169.804,341.1962890625
7292.0,7545.691,-253.69091796875
15451.0,13177.129,2273.87109375
683.0,817.1741,-134.174072265625
5889.0,6033.4,-144.39990234375
2335.0,2314.1497,20.850341796875
4198.0,4051.5525,146.447509765625
4071.0,4975.1846,-904.1845703125
2197.0,2426.596,-229.595947265625
2387.0,2548.3936,-161.3935546875
665.0,709.664,-44.66400146484375
2734.0,3045.9675,-311.967529296875
659.0,578.11755,80.8824462890625
3191.0,3456.4639,-265.4638671875
5387.0,5287.2476,99.75244140625
13280.0,11489.836,1790.1640625
791.0,845.58527,-54.58526611328125
619.0,696.3949,-77.3948974609375
1013.0,892.27136,120.7286376953125
790.0,760.6187,29.38128662109375
2041.0,1867.2684,173.7315673828125
10589.0,9317.955,1271.044921875
11163.0,9972.99,1190.009765625
854.0,737.57806,116.42193603515625
852.0,909.2513,-57.25128173828125
7535.0,9650.555,-2115.5546875
3023.0,2608.6365,414.363525390625
4675.0,4641.9834,33.0166015625
4518.0,4597.349,-79.34912109375
648.0,651.09564,-3.09564208984375
2308.0,2314.4675,-6.467529296875
492.0,611.3611,-119.361083984375
3860.0,4012.468,-152.468017578125
4322.0,4747.4536,-425.45361328125
850.0,880.2451,-30.2451171875
5077.0,4783.012,293.98779296875
984.0,978.53204,5.46795654296875
875.0,955.5771,-80.57708740234375
580.0,643.24286,-63.24285888671875
422.0,444.77374,-22.77374267578125
14071.0,12870.704,1200.2958984375
2531.0,2369.4167,161.583251953125
4628.0,4436.7485,191.25146484375
3774.0,3718.0652,55.934814453125
2966.0,3299.4695,-333.469482421875
7758.0,7547.2964,210.70361328125
5624.0,5206.542,417.4580078125
769.0,751.46387,17.5361328125
17949.0,14911.084,3037.916015625
1254.0,1238.1736,15.826416015625
471.0,664.2628,-193.2628173828125
626.0,723.0268,-97.02679443359375
1230.0,1134.0521,95.9478759765625
593.0,524.82495,68.175048828125
1653.0,1682.6495,-29.6495361328125
4497.0,4182.703,314.296875
742.0,581.2175,160.782470703125
477.0,559.37415,-82.3741455078125
2610.0,2643.7605,-33.760498046875
1559.0,1717.9347,-158.9346923828125
658.0,731.8559,-73.85589599609375
6774.0,6992.6606,-218.66064453125
8203.0,7737.0435,465.95654296875
3238.0,3413.4763,-175.476318359375
2300.0,2321.3042,-21.30419921875
4719.0,4731.8647,-12.86474609375
17041.0,15329.198,1711.8017578125
4390.0,4231.9546,158.04541015625
6105.0,5531.2085,573.79150390625
13152.0,13955.986,-803.986328125
3281.0,3034.7542,246.245849609375
3079.0,3356.7622,-277.76220703125
2219.0,2187.5369,31.463134765625
14819.0,15794.788,-975.7880859375
9827.0,9132.309,694.69140625
5013.0,4936.5254,76.474609375
4102.0,4495.1997,-393.19970703125
665.0,831.9298,-166.9298095703125
644.0,786.5476,-142.547607421875
1043.0,1069.185,-26.18505859375
12670.0,12608.159,61.8408203125
1944.0,1863.359,80.6409912109375
3228.0,2926.9995,301.00048828125
4783.0,4709.584,73.416015625
876.0,737.39355,138.6064453125
2441.0,2615.4685,-174.468505859375
17724.0,15863.297,1860.703125
814.0,861.21716,-47.2171630859375
765.0,636.4244,128.57562255859375
4238.0,4142.2354,95.7646484375
11948.0,10568.704,1379.2958984375
949.0,954.1769,-5.1768798828125
3622.0,3738.1694,-116.16943359375
7677.0,7113.011,563.98876953125
1765.0,1812.7969,-47.796875
878.0,735.14636,142.8536376953125
5606.0,6110.6484,-504.6484375
5946.0,5988.0156,-42.015625
7127.0,7101.25,25.75
5864.0,5972.5063,-108.50634765625
5165.0,5376.6606,-211.66064453125
715.0,655.868,59.13201904296875
3360.0,3290.0527,69.947265625
15239.0,14021.173,1217.8271484375
5040.0,4787.417,252.5830078125
6962.0,6691.8813,270.11865234375
791.0,887.8347,-96.834716796875
3352.0,3261.2573,90.74267578125
844.0,730.2652,113.73480224609375
624.0,544.6299,79.3701171875
472.0,576.66327,-104.66326904296875
628.0,581.1515,46.8485107421875
11975.0,11230.74,744.259765625
2028.0,1981.7317,46.268310546875
14692.0,12666.048,2025.9521484375
2109.0,2197.6611,-88.6611328125
3297.0,4211.308,-914.30810546875
5806.0,5447.3306,358.66943359375
2642.0,2573.698,68.302001953125
10053.0,9608.894,444.1064453125
5669.0,5764.6587,-95.65869140625
5250.0,5238.1885,11.8115234375
544.0,521.84845,22.15155029296875
2661.0,3032.9626,-371.962646484375
1423.0,1336.7875,86.2125244140625
8120.0,8051.9326,68.0673828125
7423.0,7299.963,123.037109375
1155.0,1191.5759,-36.575927734375
4917.0,4901.789,15.2109375
5356.0,5119.3716,236.62841796875
662.0,624.31396,37.68603515625
12948.0,12863.292,84.7080078125
3923.0,4009.6365,-86.636474609375
2238.0,2431.8606,-193.860595703125
449.0,462.87497,-13.874969482421875
7074.0,7146.0537,-72.0537109375
16530.0,15289.017,1240.9833984375
3298.0,3645.3809,-347.380859375
925.0,842.0266,82.973388671875
2184.0,1841.5076,342.492431640625
1728.0,1690.2944,37.70556640625
15987.0,16418.006,-431.005859375
14294.0,12625.812,1668.1884765625
1007.0,919.5205,87.4794921875
1066.0,1052.5813,13.418701171875
5665.0,6019.1504,-354.150390625
5476.0,5188.4663,287.53369140625
5322.0,5861.221,-539.22119140625
3238.0,2825.2332,412.766845703125
8291.0,8101.945,189.05517578125
746.0,839.28394,-93.283935546875
6167.0,6122.573,44.4267578125
612.0,576.82666,35.17333984375
5179.0,4834.505,344.4951171875
1005.0,902.8708,102.12921142578125
5476.0,5410.0273,65.97265625
2843.0,2728.37,114.6298828125
2706.0,2823.2231,-117.22314453125
1356.0,1228.2648,127.7352294921875
18803.0,15007.76,3795.240234375
2683.0,2690.089,-7.089111328125
3993.0,3999.5554,-6.555419921875
805.0,848.1137,-43.11370849609375
5632.0,6139.55,-507.5498046875
6480.0,6613.8877,-133.8876953125
698.0,608.1494,89.8505859375
1154.0,1227.5165,-73.5164794921875
5315.0,5413.796,-98.7958984375
1013.0,856.64105,156.35894775390625
666.0,736.12146,-70.1214599609375
2539.0,2707.2048,-168.204833984375
7002.0,7469.694,-467.69384765625
4681.0,4571.4478,109.55224609375
1221.0,1178.0271,42.972900390625
14519.0,14335.654,183.345703125
625.0,713.6334,-88.6334228515625
2723.0,2619.625,103.375
3351.0,3570.927,-219.927001953125
828.0,706.166,121.833984375
10018.0,9120.966,897.0341796875
3890.0,3375.4058,514.59423828125
3696.0,4345.092,-649.091796875
583.0,608.55676,-25.5567626953125
6499.0,6557.117,-58.1171875
15032.0,14094.902,937.09765625
696.0,714.81995,-18.8199462890625
1196.0,1319.325,-123.324951171875
941.0,832.5075,108.49249267578125
3309.0,3471.072,-162.072021484375
11971.0,12234.583,-263.5830078125
2410.0,2235.5342,174.4658203125
537.0,653.0538,-116.05377197265625
4662.0,4693.216,-31.2158203125
734.0,811.86176,-77.86175537109375
918.0,1007.61194,-89.6119384765625
6335.0,6445.162,-110.162109375
6805.0,6549.092,255.908203125
12551.0,12645.986,-94.986328125
814.0,857.9802,-43.980224609375
1063.0,1175.325,-112.324951171875
958.0,1103.4766,-145.4765625
2317.0,2314.036,2.964111328125
873.0,996.2687,-123.2686767578125
867.0,918.9948,-51.99481201171875
9521.0,8836.544,684.4560546875
15841.0,14737.198,1103.8017578125
2496.0,2496.7231,-0.72314453125
5662.0,6534.1294,-872.12939453125
2695.0,2864.073,-169.072998046875
781.0,805.69025,-24.69024658203125
1431.0,1307.1238,123.876220703125
2699.0,2596.4578,102.542236328125
2674.0,2613.1602,60.83984375
2134.0,2246.0593,-112.059326171875
776.0,650.3821,125.617919921875
3581.0,3448.2273,132.772705078125
1710.0,1794.8995,-84.8995361328125
746.0,696.9718,49.0281982421875
1687.0,1653.3624,33.6375732421875
4693.0,4360.284,332.7158203125
675.0,736.8508,-61.850830078125
2780.0,2975.21,-195.2099609375
3498.0,3324.6226,173.37744140625
554.0,576.2076,-22.20758056640625
6437.0,4760.927,1676.0732421875
1716.0,1837.6941,-121.694091796875
10528.0,14752.907,-4224.9072265625
3550.0,4059.7117,-509.711669921875
2339.0,2011.1908,327.8092041015625
10633.0,8852.648,1780.3515625
4174.0,4222.5674,-48.5673828125
874.0,975.08594,-101.0859375
6021.0,5807.9507,213.04931640625
8868.0,8807.011,60.9892578125
3949.0,3874.6006,74.3994140625
1388.0,1598.933,-210.9329833984375
1424.0,1592.7296,-168.7296142578125
3052.0,3018.4695,33.530517578125
5958.0,8070.2695,-2112.26953125
1056.0,1099.814,-43.81396484375
787.0,635.3417,151.6583251953125
17595.0,15578.16,2016.83984375
6039.0,6689.3223,-650.322265625
10833.0,14053.64,-3220.6396484375
2686.0,2656.6604,29.339599609375
2001.0,2191.2156,-190.215576171875
11303.0,10861.862,441.1376953125
3295.0,3432.9849,-137.98486328125
1956.0,1787.2567,168.7432861328125
7774.0,8076.661,-302.6611328125
2154.0,2349.3813,-195.38134765625
603.0,691.3222,-88.32220458984375
1000.0,972.01337,27.98663330078125
1781.0,1834.2123,-53.2122802734375
12493.0,12627.582,-134.58203125
7109.0,6674.982,434.01806640625
7044.0,6385.2764,658.7236328125
974.0,855.5772,118.42279052734375
4412.0,3917.9858,494.01416015625
2368.0,2331.1206,36.87939453125
2481.0,2599.5945,-118.594482421875
973.0,1017.5522,-44.55218505859375
524.0,565.77856,-41.778564453125
8442.0,7983.345,458.65478515625
4234.0,5025.5854,-791.58544921875
4291.0,4180.7925,110.20751953125
2098.0,1914.9148,183.085205078125
2275.0,2264.6824,10.317626953125
18168.0,15893.918,2274.08203125
1815.0,1751.1633,63.836669921875
464.0,484.75052,-20.750518798828125
4677.0,6089.208,-1412.2080078125
4240.0,3926.8647,313.13525390625
1024.0,862.1913,161.8087158203125
1993.0,2165.7085,-172.70849609375
1415.0,1334.7822,80.2177734375
1013.0,906.38245,106.6175537109375
5021.0,4660.049,360.951171875
1814.0,1784.1547,29.8453369140625
3196.0,3893.177,-697.177001953125
4666.0,4439.611,226.38916015625
4391.0,4447.7236,-56.7236328125
9552.0,8598.266,953.734375
3138.0,3066.2476,71.75244140625
1368.0,1402.1075,-34.1075439453125
3377.0,3221.6,155.39990234375
1087.0,939.72205,147.2779541015625
506.0,474.16492,31.8350830078125
1578.0,1670.191,-92.1910400390625
956.0,808.1674,147.83258056640625
10137.0,10421.601,-284.6005859375
726.0,730.36633,-4.3663330078125
4295.0,4357.548,-62.5478515625
3525.0,3532.789,-7.7890625
2377.0,2324.885,52.114990234375
18149.0,15329.578,2819.421875
1171.0,1156.5532,14.44677734375
14192.0,14320.076,-128.076171875
5973.0,5307.8643,665.1357421875
2364.0,2540.744,-176.743896484375
719.0,815.31915,-96.31915283203125
4989.0,5054.2666,-65.2666015625
906.0,829.53827,76.46173095703125
828.0,731.9772,96.0228271484375
10098.0,9640.021,457.978515625
1054.0,1073.7292,-19.729248046875
2479.0,2369.1196,109.88037109375
3797.0,4838.3613,-1041.361328125
9292.0,8891.031,400.96875
2232.0,2179.9612,52.038818359375
504.0,501.5634,2.436614990234375
1363.0,1299.1702,63.829833984375
360.0,413.5905,-53.59051513671875
5363.0,5232.2563,130.74365234375
15272.0,15017.3955,254.6044921875
1334.0,1431.3787,-97.378662109375
16988.0,14353.028,2634.9716796875
3894.0,3633.594,260.406005859375
1021.0,947.79987,73.20013427734375
10419.0,11890.06,-1471.0595703125
2188.0,2316.4358,-128.435791015625
1195.0,1338.0806,-143.08056640625
2340.0,2524.496,-184.49609375
3632.0,3839.4014,-207.4013671875
6908.0,6781.4067,126.59326171875
997.0,1107.6995,-110.699462890625
8030.0,7395.054,634.94580078125
4427.0,4074.532,352.468017578125
4452.0,4098.447,353.55322265625
827.0,729.7904,97.2095947265625
1939.0,1957.2338,-18.2337646484375
645.0,699.6919,-54.69189453125
15851.0,13872.092,1978.908203125
12737.0,11666.84,1070.16015625
477.0,565.83856,-88.83856201171875
5871.0,5256.588,614.412109375
1331.0,1285.8169,45.18310546875
6335.0,6707.0703,-372.0703125
805.0,877.2248,-72.22479248046875
2288.0,2350.4778,-62.477783203125
4840.0,4532.4565,307.54345703125
2707.0,2665.101,41.89892578125
15714.0,15319.056,394.9443359375
5993.0,5106.3984,886.6015625
2064.0,1956.4086,107.5914306640625
7371.0,7141.802,229.1982421875
2868.0,2687.265,180.735107421875
4544.0,4642.86,-98.85986328125
940.0,1029.6741,-89.674072265625
1847.0,1785.093,61.906982421875
666.0,790.65875,-124.65875244140625
2308.0,2330.0923,-22.09228515625
633.0,678.6451,-45.64508056640625
7216.0,6169.9067,1046.09326171875
418.0,472.10236,-54.10235595703125
17849.0,15080.505,2768.4951171875
495.0,519.104,-24.10400390625
4788.0,4564.2847,223.71533203125
6518.0,5554.2383,963.76171875
772.0,828.671,-56.6710205078125
3624.0,3703.5908,-79.5908203125
923.0,998.49524,-75.4952392578125
1063.0,891.67865,171.32135009765625
3689.0,3742.3616,-53.361572265625
739.0,879.89813,-140.89813232421875
5710.0,5568.7417,141.25830078125
5239.0,5168.752,70.248046875
707.0,720.4944,-13.494384765625
3845.0,3436.4482,408.5517578125
2328.0,2384.6409,-56.640869140625
12809.0,11300.807,1508.193359375
1041.0,895.1037,145.89630126953125
571.0,522.544,48.45599365234375
4284.0,4381.924,-97.923828125
2427.0,2409.4736,17.5263671875
771.0,820.1503,-49.15032958984375
10694.0,12466.191,-1772.19140625
628.0,530.5914,97.40863037109375
1332.0,1237.7518,94.2481689453125
2482.0,2475.5056,6.494384765625
4868.0,4834.943,33.05712890625
977.0,808.33563,168.66436767578125
5322.0,5898.348,-576.34814453125
477.0,596.26404,-119.2640380859375
1107.0,988.43665,118.5633544921875
2251.0,2462.3525,-211.3525390625
7075.0,7085.5874,-10.58740234375
802.0,855.9968,-53.996826171875
876.0,751.9244,124.07562255859375
603.0,665.80695,-62.80694580078125
4013.0,4362.668,-349.66796875
1791.0,2000.5381,-209.5380859375
874.0,811.48315,62.516845703125
1678.0,1823.374,-145.3740234375
683.0,816.0848,-133.08477783203125
900.0,781.251,118.7490234375
11447.0,11662.868,-215.8681640625
13348.0,13440.12,-92.1201171875
11511.0,12132.687,-621.6865234375
1641.0,1677.0927,-36.0926513671875
2376.0,1797.6274,578.37255859375
784.0,748.812,35.18798828125
3648.0,3341.6116,306.388427734375
523.0,548.94366,-25.94366455078125
2320.0,2077.6064,242.3935546875
1246.0,1138.9984,107.0015869140625
4751.0,4485.798,265.2021484375
14634.0,15437.799,-803.798828125
2254.0,2350.2244,-96.224365234375
2057.0,2101.5288,-44.52880859375
4562.0,4464.224,97.77587890625
4790.0,4693.126,96.8740234375
7464.0,8685.205,-1221.205078125
8996.0,8932.639,63.361328125
2250.0,2324.6143,-74.6142578125
2346.0,2527.4458,-181.44580078125
8283.0,9992.385,-1709.384765625
5260.0,4934.1577,325.84228515625
1443.0,1385.9182,57.081787109375
1625.0,1698.4733,-73.4732666015625
3691.0,3983.4915,-292.491455078125
7577.0,7195.5786,381.42138671875
10656.0,10149.671,506.3291015625
5534.0,5549.6997,-15.69970703125
5572.0,5087.8843,484.11572265625
8107.0,7788.539,318.4609375
1176.0,1409.2463,-233.246337890625
4273.0,3975.6106,297.389404296875
7412.0,7368.3066,43.693359375
1928.0,1967.8785,-39.8785400390625
4113.0,4289.9053,-176.9052734375
645.0,680.61865,-35.61865234375
11345.0,11144.472,200.5283203125
3754.0,4295.028,-541.02783203125
6225.0,5874.923,350.0771484375
1837.0,1853.1661,-16.1661376953125
14838.0,13744.584,1093.416015625
1608.0,1746.1733,-138.17333984375
1400.0,1521.1832,-121.1832275390625
1963.0,2005.245,-42.2449951171875
1114.0,976.10394,137.89605712890625
2125.0,2026.7377,98.2623291015625
1424.0,1558.2737,-134.273681640625
4622.0,4841.547,-219.546875
777.0,891.5365,-114.5364990234375
2879.0,2775.025,103.97509765625
755.0,641.56525,113.43475341796875
13945.0,12444.927,1500.0732421875
536.0,505.1714,30.82861328125
2372.0,2420.441,-48.44091796875
642.0,705.72003,-63.72003173828125
4438.0,4551.8193,-113.8193359375
698.0,615.4633,82.53668212890625
480.0,456.491,23.509002685546875
1362.0,1184.3792,177.620849609375
2810.0,2746.485,63.514892578125
15014.0,13917.572,1096.427734375
2818.0,2756.5166,61.4833984375
4840.0,4594.5522,245.44775390625
3062.0,2777.8552,284.144775390625
1577.0,1526.5303,50.4697265625
7655.0,7559.248,95.751953125
1744.0,1802.3671,-58.3670654296875
4725.0,5163.243,-438.2431640625
7526.0,6722.5635,803.4365234375
3951.0,4095.4258,-144.42578125
5080.0,4674.2812,405.71875
505.0,583.78845,-78.7884521484375
720.0,743.1646,-23.16461181640625
3052.0,3379.7683,-327.768310546875
1060.0,1053.476,6.5240478515625
5379.0,4878.718,500.2822265625
2792.0,2870.5996,-78.599609375
673.0,732.96277,-59.9627685546875
1815.0,1745.7776,69.222412109375
614.0,575.2478,38.752197265625
10824.0,10706.788,117.2119140625
1033.0,870.1216,162.87841796875
1896.0,1558.3481,337.65185546875
13543.0,13369.8545,173.1455078125
945.0,822.908,122.09197998046875
4816.0,4846.519,-30.51904296875
1007.0,1013.7709,-6.7708740234375
807.0,879.479,-72.47900390625
1656.0,1707.2584,-51.2584228515625
1068.0,1102.9954,-34.995361328125
776.0,665.8114,110.1885986328125
811.0,901.7005,-90.70050048828125
8672.0,7851.812,820.18798828125
2382.0,2379.0474,2.95263671875
6453.0,7136.191,-683.19091796875
7466.0,7396.9585,69.04150390625
1919.0,1864.37,54.6300048828125
5005.0,4933.1553,71.8447265625
786.0,817.1881,-31.1881103515625
3539.0,3479.4165,59.58349609375
4278.0,5830.3584,-1552.3583984375
13112.0,11511.982,1600.017578125
3825.0,4014.6924,-189.6923828125
2898.0,2934.826,-36.825927734375
2016.0,2064.846,-48.845947265625
4469.0,4853.208,-384.2080078125
507.0,536.4208,-29.4207763671875
7338.0,8211.835,-873.8349609375
7336.0,5858.231,1477.76904296875
5863.0,6213.6216,-350.62158203125
2583.0,2737.0386,-154.03857421875
556.0,662.45013,-106.45013427734375
638.0,668.7507,-30.75067138671875
14130.0,13072.431,1057.5693359375
7661.0,7443.315,217.68505859375
3342.0,3553.1013,-211.101318359375
1129.0,1079.0377,49.9622802734375
4637.0,4464.914,172.0859375
3327.0,3294.0286,32.971435546875
526.0,522.6923,3.30767822265625
2906.0,3371.4443,-465.4443359375
419.0,451.7505,-32.75048828125
3443.0,3399.5254,43.474609375
2667.0,2321.1072,345.892822265625
1639.0,1461.7717,177.228271484375
5174.0,5405.2666,-231.2666015625
14424.0,13286.377,1137.623046875
17081.0,15376.436,1704.564453125
1090.0,1242.1057,-152.105712890625
1304.0,1274.8503,29.149658203125
1559.0,1733.4862,-174.4862060546875
6569.0,5879.8115,689.1884765625
2263.0,2225.9714,37.028564453125
2005.0,1978.4952,26.5047607421875
2256.0,2377.4443,-121.4443359375
1726.0,1916.539,-190.5389404296875
5049.0,4617.253,431.7470703125
2628.0,2654.5247,-26.524658203125
873.0,950.7289,-77.7288818359375
3891.0,3851.4404,39.5595703125
2728.0,2576.8193,151.1806640625
765.0,660.845,104.155029296875
4138.0,4283.2363,-145.236328125
3250.0,3240.201,9.799072265625
8487.0,8432.206,54.7939453125
4267.0,4536.605,-269.60498046875
907.0,723.20496,183.7950439453125
924.0,836.8993,87.1007080078125
1847.0,1809.1697,37.830322265625
2319.0,2319.2688,-0.268798828125
756.0,647.7968,108.20318603515625
665.0,543.56165,121.4383544921875
2927.0,3140.6506,-213.650634765625
2814.0,2854.851,-40.85107421875
2546.0,2041.2971,504.702880859375
3592.0,4016.9255,-424.925537109375
798.0,662.1433,135.856689453125
419.0,441.7508,-22.75079345703125
472.0,424.9172,47.082794189453125
1547.0,1579.7052,-32.7052001953125
2829.0,2868.5547,-39.5546875
7492.0,7140.848,351.15185546875
1077.0,1109.0955,-32.095458984375
11382.0,10483.6,898.400390625
555.0,568.6742,-13.6741943359375
1176.0,1429.8413,-253.84130859375
1676.0,1677.2463,-1.246337890625
658.0,755.1802,-97.18017578125
11380.0,14313.14,-2933.1396484375
6509.0,6525.1235,-16.12353515625
3997.0,4229.146,-232.14599609375
743.0,752.2903,-9.290283203125
2863.0,2726.8984,136.1015625
7903.0,7998.902,-95.90185546875
798.0,856.06177,-58.061767578125
1193.0,1259.2505,-66.25048828125
9176.0,9221.041,-45.041015625
706.0,708.6566,-2.6566162109375
1689.0,1764.6775,-75.677490234375
5232.0,5045.1675,186.83251953125
3240.0,3195.6162,44.3837890625
1020.0,1020.84894,-0.84893798828125
8669.0,9082.804,-413.8037109375
675.0,571.1709,103.8291015625
10061.0,9338.971,722.029296875
7731.0,5638.1753,2092.82470703125
4144.0,4520.0483,-376.04833984375
795.0,909.6368,-114.63677978515625
2368.0,2639.2698,-271.269775390625
1432.0,1520.2704,-88.2703857421875
529.0,578.11755,-49.1175537109375
1105.0,1162.6241,-57.6241455078125
641.0,517.7227,123.27728271484375
3449.0,3545.9534,-96.953369140625
1775.0,1730.2207,44.779296875
2814.0,3072.757,-258.757080078125
16626.0,15263.403,1362.5966796875
814.0,865.84247,-51.84246826171875
7589.0,7221.0654,367.9345703125
16733.0,14633.54,2099.4599609375
5231.0,5532.549,-301.548828125
878.0,726.8844,151.1156005859375
1092.0,1131.557,-39.5570068359375
3528.0,3989.241,-461.240966796875
1298.0,1170.1267,127.873291015625
5569.0,5399.536,169.4638671875
6169.0,5657.4453,511.5546875
822.0,867.4254,-45.4254150390625
8998.0,8291.617,706.3828125
2732.0,2607.1587,124.84130859375
9028.0,8729.495,298.5048828125
2312.0,2430.2788,-118.27880859375
961.0,983.73364,-22.733642578125
526.0,533.0095,-7.009521484375
804.0,732.8364,71.16357421875
1337.0,1434.1407,-97.1407470703125
5184.0,5016.9214,167.07861328125
842.0,961.40906,-119.4090576171875
18232.0,16196.261,2035.7392578125
400.0,419.3582,-19.358184814453125
4725.0,4488.152,236.84814453125
12734.0,12640.873,93.126953125
2367.0,2383.0364,-16.036376953125
1050.0,984.20703,65.79296875
1153.0,1069.0381,83.9619140625
658.0,572.8507,85.1492919921875
1662.0,2049.3442,-387.34423828125
441.0,497.48148,-56.481475830078125
1367.0,1402.7452,-35.7452392578125
7273.0,7204.6094,68.390625
5964.0,6343.0693,-379.0693359375
9231.0,8310.785,920.21484375
9218.0,9186.524,31.4755859375
911.0,774.32635,136.67364501953125
9586.0,8749.7,836.2998046875
675.0,622.04456,52.9554443359375
2302.0,2392.05,-90.050048828125
540.0,473.03928,66.96072387695312
8271.0,7934.383,336.6171875
2246.0,2348.8638,-102.86376953125
791.0,855.74677,-64.74676513671875
7245.0,6924.233,320.76708984375
2496.0,2783.7512,-287.751220703125
6347.0,5206.388,1140.61181640625
884.0,972.6037,-88.60369873046875
4414.0,4285.018,128.98193359375
589.0,624.2099,-35.20989990234375
6176.0,6600.9683,-424.96826171875
828.0,727.40314,100.59686279296875
10106.0,9703.015,402.9853515625
1233.0,1089.0532,143.94677734375
1400.0,1456.3982,-56.398193359375
802.0,685.0932,116.90679931640625
1050.0,955.9046,94.09539794921875
745.0,820.4856,-75.485595703125
2723.0,2236.7695,486.23046875
568.0,701.63477,-133.634765625
460.0,511.7699,-51.7698974609375
2874.0,2837.621,36.37890625
4516.0,4576.1553,-60.1552734375
1264.0,1248.8721,15.1279296875
1607.0,1531.0596,75.9404296875
732.0,676.7748,55.2252197265625
12606.0,14628.796,-2022.7958984375
4873.0,4447.2695,425.73046875
732.0,667.76013,64.2398681640625
1177.0,1341.5369,-164.536865234375
11526.0,12275.645,-749.64453125
1838.0,1842.7029,-4.702880859375
1407.0,1578.7075,-171.70751953125
3772.0,3828.5134,-56.513427734375
11851.0,14016.307,-2165.306640625
593.0,543.2135,49.7864990234375
2548.0,2164.2068,383.793212890625
7477.0,7848.5176,-371.517578125
2782.0,2740.1138,41.88623046875
2331.0,2079.1194,251.880615234375
1792.0,2114.7368,-322.73681640625
3786.0,4012.7053,-226.705322265625
3055.0,3151.843,-96.843017578125
4561.0,4356.1514,204.8486328125
5820.0,5112.793,707.20703125
7792.0,7270.1187,521.88134765625
12655.0,13026.655,-371.6552734375
911.0,794.6411,116.35888671875
6607.0,4712.3975,1894.6025390625
722.0,793.7792,-71.7791748046875
1749.0,1855.1777,-106.177734375
6918.0,6586.811,331.18896484375
4277.0,4280.504,-3.50390625
5099.0,4698.577,400.4228515625
612.0,583.0377,28.9622802734375
14199.0,12843.433,1355.5673828125
491.0,531.2087,-40.20867919921875
2719.0,2876.4224,-157.42236328125
3478.0,3221.5356,256.46435546875
4152.0,3851.029,300.970947265625
1215.0,1323.5663,-108.5662841796875
1188.0,1430.2794,-242.2794189453125
16304.0,14758.958,1545.0419921875
3282.0,3539.5627,-257.562744140625
2428.0,2492.7603,-64.76025390625
3984.0,3626.3914,357.608642578125
834.0,857.35455,-23.35455322265625
935.0,958.70807,-23.70806884765625
1984.0,2103.2378,-119.23779296875
1787.0,1840.1481,-53.1480712890625
1076.0,1050.4374,25.5626220703125
14813.0,15183.201,-370.201171875
4617.0,4723.1436,-106.1435546875
1069.0,1058.0868,10.9132080078125
6552.0,6666.564,-114.56396484375
4463.0,4021.2388,441.76123046875
13078.0,11297.401,1780.5986328125
9891.0,9643.875,247.125
7550.0,7765.6846,-215.6845703125
4753.0,4501.233,251.76708984375
911.0,796.6955,114.30450439453125
16080.0,16630.285,-550.28515625
9728.0,8174.1777,1553.822265625
6537.0,6568.8105,-31.810546875
8342.0,8314.9795,27.0205078125
625.0,694.17737,-69.1773681640625
825.0,926.2904,-101.2904052734375
9007.0,8002.1753,1004.82470703125
13587.0,13327.561,259.439453125
735.0,787.99963,-52.9996337890625
612.0,530.2158,81.7841796875
1053.0,927.8858,125.11419677734375
6691.0,6525.9824,165.017578125
640.0,574.95996,65.0400390625
11601.0,9913.963,1687.037109375
891.0,734.6663,156.33367919921875
6324.0,5258.92,1065.080078125
1719.0,1783.0382,-64.0382080078125
629.0,639.7365,-10.73651123046875
9537.0,9037.997,499.0029296875
886.0,939.9459,-53.9459228515625
677.0,768.1691,-91.16912841796875
650.0,730.9294,-80.92938232421875
7598.0,7067.761,530.23876953125
5174.0,6314.1494,-1140.1494140625
1234.0,1407.728,-173.72802734375
14375.0,13431.676,943.32421875
1917.0,1790.3094,126.6905517578125
872.0,786.5908,85.4091796875
537.0,612.86676,-75.86676025390625
3777.0,3250.1416,526.8583984375
758.0,846.62823,-88.62823486328125
927.0,867.85034,59.149658203125
675.0,594.90393,80.0960693359375
2985.0,2992.45,-7.449951171875
434.0,425.12015,8.879852294921875
1107.0,962.81854,144.18145751953125
9354.0,9280.969,73.03125
3411.0,3680.2866,-269.28662109375
1279.0,1390.7179,-111.7178955078125
2721.0,2745.1597,-24.15966796875
10556.0,10246.508,309.4921875
485.0,518.0211,-33.0211181640625
3896.0,3589.8213,306.1787109375
4068.0,4186.9946,-118.99462890625
814.0,795.32086,18.67913818359375
2241.0,2327.5427,-86.542724609375
1163.0,1270.3175,-107.3175048828125
853.0,932.60474,-79.604736328125
2724.0,2561.4036,162.596435546875
3818.0,3848.8843,-30.88427734375
422.0,448.10486,-26.1048583984375
8061.0,7425.3257,635.67431640625
3220.0,3263.713,-43.712890625
6467.0,6781.219,-314.21923828125
3207.0,4044.54,-837.5400390625
1758.0,1779.3882,-21.38818359375
1601.0,1537.5964,63.403564453125
1303.0,1507.8121,-204.8121337890625
842.0,843.67395,-1.6739501953125
827.0,883.04736,-56.04736328125
800.0,881.46796,-81.46795654296875
1113.0,966.97473,146.0252685546875
10866.0,10685.609,180.390625
15970.0,15614.931,355.0693359375
4025.0,4604.7573,-579.75732421875
1679.0,1688.6372,-9.63720703125
1287.0,1703.2766,-416.276611328125
3697.0,3523.0427,173.957275390625
18325.0,16287.126,2037.8740234375
991.0,1031.5187,-40.5186767578125
4028.0,4748.744,-720.744140625
8359.0,8897.538,-538.5380859375
13286.0,13607.265,-321.2646484375
18458.0,15043.601,3414.3994140625
4724.0,4464.863,259.13720703125
611.0,429.32135,181.67864990234375
13242.0,15866.353,-2624.3525390625
638.0,631.1102,6.8897705078125
13369.0,13235.143,133.857421875
620.0,589.21136,30.78863525390625
4443.0,4180.609,262.39111328125
1836.0,1828.7755,7.2244873046875
854.0,913.67096,-59.67095947265625
8823.0,7930.464,892.5361328125
2398.0,2521.5076,-123.507568359375
9552.0,9687.185,-135.1845703125
3355.0,2974.604,380.39599609375
1018.0,1012.73346,5.26654052734375
2195.0,2342.6765,-147.676513671875
816.0,828.3894,-12.389404296875
1928.0,1944.8356,-16.8355712890625
7182.0,6549.354,632.64599609375
2745.0,3018.4148,-273.414794921875
15877.0,14218.172,1658.828125
5759.0,5986.097,-227.09716796875
18784.0,15052.11,3731.8896484375
2553.0,2390.7632,162.23681640625
2290.0,2270.0159,19.984130859375
11631.0,11079.262,551.73828125
772.0,851.72076,-79.72076416015625
911.0,731.8566,179.14337158203125
3465.0,3494.885,-29.885009765625
4162.0,4533.118,-371.1181640625
2565.0,2995.2747,-430.274658203125
6401.0,5550.833,850.1669921875
9403.0,9629.895,-226.89453125
689.0,627.4038,61.59619140625
7520.0,7551.7104,-31.71044921875
5798.0,4422.1167,1375.88330078125
4560.0,4565.147,-5.14697265625
4174.0,3541.6162,632.3837890625
4218.0,4591.844,-373.84423828125
394.0,473.06912,-79.06912231445312
880.0,1022.68854,-142.68853759765625
11533.0,11157.638,375.3623046875
7725.0,7607.652,117.34814453125
7260.0,7535.4204,-275.42041015625
10919.0,10300.8125,618.1875
574.0,526.9643,47.03570556640625
2553.0,2542.719,10.281005859375
7528.0,6859.144,668.85595703125
523.0,482.10083,40.899169921875
810.0,746.2514,63.74859619140625
6749.0,6708.913,40.0869140625
633.0,559.0963,73.9036865234375
1105.0,1106.0538,-1.0538330078125
2422.0,2452.9055,-30.905517578125
3662.0,3256.594,405.406005859375
461.0,553.15045,-92.15045166015625
13736.0,12881.806,854.1943359375
1294.0,1467.5956,-173.5955810546875
1180.0,1030.5231,149.4769287109375
3201.0,3092.525,108.47509765625
2775.0,2900.5642,-125.564208984375
469.0,490.25427,-21.2542724609375
575.0,533.56793,41.43206787109375
827.0,883.45044,-56.450439453125
666.0,738.3469,-72.346923828125
625.0,678.14325,-53.14324951171875
2131.0,2129.998,1.001953125
1129.0,1155.5061,-26.506103515625
2633.0,2934.441,-301.44091796875
1781.0,1726.4342,54.5657958984375
5600.0,5896.132,-296.1318359375
754.0,689.2541,64.74591064453125
1203.0,1200.5856,2.4144287109375
11975.0,12233.743,-258.7431640625
958.0,1001.8332,-43.83319091796875
802.0,897.0564,-95.056396484375
969.0,823.1508,145.84918212890625
4209.0,4348.2886,-139.28857421875
15119.0,15241.627,-122.626953125
6546.0,7193.0464,-647.04638671875
5306.0,5198.205,107.794921875
756.0,673.4631,82.53692626953125
3473.0,3843.0215,-370.021484375
2123.0,2022.6045,100.3955078125
403.0,427.50983,-24.50982666015625
789.0,790.2036,-1.20361328125
1859.0,1818.1906,40.8094482421875
378.0,382.52167,-4.52166748046875
765.0,640.86035,124.1396484375
7893.0,8573.992,-680.9921875
836.0,764.55505,71.4449462890625
10959.0,9735.162,1223.837890625
698.0,626.0993,71.90069580078125
1122.0,976.673,145.3270263671875
5273.0,5351.5024,-78.50244140625
13182.0,12118.705,1063.294921875
749.0,750.0007,-1.00067138671875
2084.0,2038.6188,45.3812255859375
8681.0,8217.288,463.7119140625
4334.0,4642.736,-308.73583984375
1788.0,1685.5848,102.4151611328125
2926.0,3038.8015,-112.801513671875
7697.0,6892.7686,804.2314453125
5678.0,6766.3784,-1088.37841796875
2777.0,2533.3809,243.619140625
1976.0,2159.774,-183.77392578125
3858.0,4033.3093,-175.309326171875
3810.0,3376.069,433.930908203125
485.0,505.90662,-20.9066162109375
7965.0,8089.181,-124.18115234375
5998.0,5061.2183,936.78173828125
749.0,692.08124,56.91876220703125
4068.0,4377.6,-309.60009765625
1558.0,1850.4714,-292.471435546875
3534.0,3432.8179,101.18212890625
872.0,783.7388,88.26123046875
1141.0,1115.1399,25.860107421875
593.0,499.03415,93.96585083007812
10184.0,13461.39,-3277.3896484375
576.0,540.50256,35.4974365234375
10065.0,8982.121,1082.87890625
2860.0,2691.4368,168.563232421875
2239.0,2384.302,-145.302001953125
1035.0,1029.6033,5.396728515625
642.0,758.8489,-116.848876953125
945.0,801.5175,143.48248291015625
2817.0,2803.8772,13.122802734375
459.0,446.46875,12.53125
754.0,733.14197,20.8580322265625
9533.0,8407.175,1125.8251953125
7876.0,7834.083,41.9169921875
4134.0,4526.8613,-392.861328125
13587.0,12041.201,1545.798828125
1036.0,1155.2833,-119.2833251953125
462.0,514.5088,-52.5087890625
2518.0,2529.3853,-11.38525390625
2819.0,2993.7378,-174.73779296875
571.0,595.4566,-24.45660400390625
988.0,901.35065,86.64935302734375
394.0,427.35336,-33.353363037109375
1656.0,1613.1,42.9000244140625
8355.0,6398.2437,1956.75634765625
11605.0,11329.352,275.6484375
1123.0,1077.6794,45.320556640625
2443.0,2533.5923,-90.59228515625
1552.0,1325.384,226.615966796875
4823.0,4916.6006,-93.6005859375
781.0,865.34705,-84.3470458984375
2153.0,2088.5776,64.42236328125
961.0,938.5032,22.496826171875
1974.0,1895.7186,78.2813720703125
990.0,859.9608,130.0391845703125
876.0,771.1258,104.87420654296875
872.0,926.3408,-54.3408203125
4844.0,4859.142,-15.14208984375
2027.0,1956.0773,70.9227294921875
5080.0,4913.0283,166.9716796875
4916.0,6265.0464,-1349.04638671875
7526.0,7171.071,354.92919921875
1637.0,1641.3978,-4.3978271484375
2926.0,2888.522,37.47802734375
1053.0,898.795,154.20501708984375
4611.0,4397.9663,213.03369140625
468.0,444.0181,23.981903076171875
14502.0,14128.267,373.7333984375
5757.0,5718.59,38.41015625
2930.0,2963.785,-33.784912109375
1884.0,1915.103,-31.10302734375
9921.0,9831.018,89.982421875
7458.0,7679.872,-221.8720703125
882.0,872.96625,9.03375244140625
1151.0,1130.1904,20.8095703125
576.0,556.8074,19.192626953125
10093.0,9906.496,186.50390625
4413.0,4272.973,140.02685546875
3296.0,4205.6396,-909.6396484375
771.0,831.35846,-60.35845947265625
721.0,788.24915,-67.2491455078125
2365.0,2316.898,48.10205078125
3593.0,3445.0183,147.981689453125
4969.0,5677.6743,-708.67431640625
1572.0,1361.5446,210.4554443359375
18640.0,15014.216,3625.7841796875
1112.0,932.9289,179.07110595703125
477.0,541.1469,-64.14691162109375
6283.0,6196.1626,86.83740234375
526.0,536.7473,-10.747314453125
2395.0,2503.04,-108.0400390625
11782.0,14994.297,-3212.296875
7412.0,7635.29,-223.2900390625
776.0,640.32434,135.6756591796875
5775.0,7116.5264,-1341.5263671875
10349.0,9250.779,1098.220703125
2917.0,2897.793,19.20703125
18113.0,16311.283,1801.716796875
1993.0,1807.9152,185.0848388671875
447.0,510.948,-63.947998046875
7128.0,7028.85,99.14990234375
15984.0,16129.56,-145.5595703125
552.0,569.1245,-17.12451171875
476.0,508.81595,-32.815948486328125
1069.0,871.15735,197.8426513671875
1378.0,1397.5133,-19.5133056640625
5543.0,5510.166,32.833984375
792.0,1049.012,-257.011962890625
4138.0,4519.255,-381.2548828125
1061.0,1207.7955,-146.7955322265625
630.0,612.87085,17.129150390625
1247.0,1310.7441,-63.744140625
1242.0,1174.6733,67.32666015625
776.0,637.3442,138.65582275390625
18431.0,16263.299,2167.701171875
7162.0,6318.903,843.09716796875
5412.0,5316.0825,95.91748046875
1922.0,1749.7736,172.2264404296875
700.0,657.49304,42.5069580078125
4672.0,4640.084,31.916015625
490.0,516.32855,-26.32855224609375
1100.0,1132.3015,-32.301513671875
2373.0,2173.3633,199.63671875
3384.0,3195.4302,188.56982421875
15291.0,16172.489,-881.4892578125
9886.0,9543.489,342.5107421875
2811.0,2780.3555,30.64453125
882.0,757.26715,124.73284912109375
800.0,775.9766,24.02337646484375
3920.0,4152.767,-232.76708984375
743.0,666.1135,76.886474609375
1970.0,2334.8823,-364.88232421875
1063.0,1005.61414,57.3858642578125
758.0,822.79486,-64.79486083984375
798.0,869.47925,-71.479248046875
4401.0,4344.126,56.8740234375
954.0,982.0053,-28.00531005859375
838.0,890.829,-52.8289794921875
2689.0,2738.7585,-49.758544921875
4853.0,6473.293,-1620.29296875
4056.0,3484.3323,571.667724609375
4719.0,4986.9727,-267.97265625
421.0,426.4307,-5.430694580078125
1286.0,1383.4999,-97.4998779296875
4275.0,4553.904,-278.90380859375
596.0,596.62897,-0.62896728515625
544.0,552.21375,-8.2137451171875
1053.0,896.108,156.89202880859375
710.0,784.38794,-74.387939453125
2430.0,2539.4888,-109.48876953125
878.0,793.9528,84.04718017578125
689.0,632.6795,56.32049560546875
9992.0,9775.329,216.6708984375
1743.0,1718.3741,24.6258544921875
506.0,466.33444,39.665557861328125
752.0,784.6171,-32.61712646484375
596.0,682.6723,-86.67230224609375
10210.0,9609.782,600.2177734375
1074.0,1228.9736,-154.9736328125
1124.0,953.09753,170.9024658203125
6738.0,6968.3984,-230.3984375
4373.0,5609.3535,-1236.353515625
6115.0,6942.207,-827.20703125
4435.0,4127.33,307.669921875
13820.0,11664.814,2155.185546875
1273.0,1297.6106,-24.610595703125
1786.0,2041.5006,-255.5006103515625
3572.0,3823.1086,-251.108642578125
9041.0,10765.902,-1724.90234375
8743.0,10106.944,-1363.9443359375
4225.0,4316.5537,-91.5537109375
11355.0,13868.109,-2513.109375
6887.0,6381.9883,505.01171875
5231.0,4966.754,264.24609375
533.0,552.81024,-19.81024169921875
526.0,533.61,-7.6099853515625
6673.0,6566.9688,106.03125
5871.0,5890.1006,-19.1005859375
2617.0,2435.27,181.72998046875
5600.0,5764.0044,-164.00439453125
844.0,744.8069,99.193115234375
1613.0,1664.2465,-51.2464599609375
728.0,842.5932,-114.59320068359375
802.0,689.1429,112.85711669921875
1200.0,1108.9637,91.0362548828125
1240.0,884.43066,355.5693359375
757.0,691.8651,65.1348876953125
3360.0,3142.9133,217.086669921875
478.0,537.2779,-59.27789306640625
1698.0,1720.059,-22.0589599609375
1064.0,947.2508,116.74920654296875
1013.0,946.61847,66.38153076171875
473.0,474.53168,-1.53167724609375
673.0,700.55475,-27.55474853515625
765.0,669.8061,95.19390869140625
1600.0,1653.3214,-53.3214111328125
2299.0,2315.7952,-16.795166015625
6670.0,6010.619,659.380859375
900.0,737.2767,162.72332763671875
642.0,628.8951,13.10491943359375
891.0,889.07996,1.9200439453125
4105.0,3704.8699,400.130126953125
7355.0,6882.9336,472.06640625
766.0,841.02185,-75.0218505859375
3541.0,4827.772,-1286.77197265625
8831.0,9071.816,-240.81640625
4682.0,4859.8047,-177.8046875
951.0,890.8787,60.12127685546875
1959.0,1988.024,-29.0240478515625
3940.0,3911.5479,28.4521484375
530.0,495.59943,34.40057373046875
3739.0,4986.5635,-1247.5634765625
1125.0,1068.7402,56.259765625
4754.0,4655.1484,98.8515625
4241.0,4476.945,-235.94482421875
667.0,853.9356,-186.93560791015625
709.0,619.0875,89.9124755859375
491.0,556.6263,-65.62628173828125
6210.0,6175.659,34.3408203125
710.0,799.89777,-89.89776611328125
8820.0,7888.519,931.48095703125
9069.0,8084.384,984.6162109375
975.0,966.6055,8.39447021484375
1915.0,2021.2338,-106.2337646484375
1815.0,1750.6704,64.32958984375
1731.0,1595.8888,135.1112060546875
583.0,639.7998,-56.7998046875
945.0,1109.4613,-164.4613037109375
3231.0,3870.718,-639.718017578125
2075.0,1972.8588,102.1412353515625
12190.0,14397.725,-2207.724609375
913.0,967.5454,-54.54541015625
2912.0,3347.3352,-435.335205078125
5096.0,4891.602,204.39794921875
503.0,594.0967,-91.0966796875
13084.0,15695.318,-2611.318359375
696.0,770.8847,-74.88470458984375
5408.0,5574.848,-166.84814453125
745.0,829.9483,-84.94830322265625
421.0,418.03815,2.96185302734375
10096.0,8918.864,1177.1357421875
3704.0,3457.196,246.803955078125
559.0,597.7996,-38.79962158203125
880.0,775.14905,104.8509521484375
828.0,731.408,96.59197998046875
8496.0,8332.199,163.80078125
536.0,557.04895,-21.0489501953125
3456.0,3478.4905,-22.490478515625
899.0,968.6475,-69.64752197265625
4026.0,4086.0566,-60.056640625
544.0,604.6114,-60.61138916015625
18429.0,15962.582,2466.41796875
988.0,974.149,13.85101318359375
706.0,793.2321,-87.23211669921875
705.0,670.02875,34.97125244140625
1076.0,1008.736,67.26397705078125
7181.0,7201.4214,-20.42138671875
942.0,816.1697,125.830322265625
6270.0,5395.8857,874.1142578125
680.0,806.2413,-126.24127197265625
536.0,526.91925,9.08074951171875
506.0,429.4053,76.59469604492188
926.0,912.88104,13.11895751953125
776.0,674.7872,101.21282958984375
16582.0,14633.54,1948.4599609375
4155.0,5076.1094,-921.109375
1778.0,1339.4937,438.50634765625
3054.0,2938.2576,115.742431640625
1187.0,1431.0768,-244.0767822265625
1053.0,1047.8225,5.177490234375
1316.0,1411.315,-95.31494140625
5861.0,5678.774,182.22607421875
7294.0,6948.0103,345.98974609375
819.0,736.3183,82.68170166015625
625.0,688.0436,-63.0435791015625
485.0,514.9864,-29.98638916015625
3795.0,3876.56,-81.56005859375
1107.0,997.24304,109.7569580078125
2163.0,2318.375,-155.375
789.0,825.4049,-36.4049072265625
2090.0,2028.3821,61.617919921875
5787.0,5075.456,711.5439453125
5914.0,5789.3833,124.61669921875
3581.0,3508.688,72.31201171875
742.0,839.999,-97.9990234375
1103.0,1067.5208,35.479248046875
2548.0,2465.6836,82.31640625
655.0,710.0179,-55.01788330078125
2012.0,1934.9818,77.0181884765625
945.0,833.97534,111.024658203125
6872.0,6092.5195,779.48046875
910.0,971.32135,-61.32135009765625
1197.0,1236.1409,-39.140869140625
4659.0,4545.6235,113.37646484375
6525.0,6884.0435,-359.04345703125
3991.0,4703.093,-712.0927734375
844.0,936.26324,-92.26324462890625
5880.0,5280.756,599.244140625
3782.0,3977.678,-195.677978515625
4285.0,3846.814,438.18603515625
2313.0,2550.8064,-237.806396484375
955.0,935.7825,19.217529296875
791.0,882.3327,-91.33270263671875
5384.0,5685.5757,-301.57568359375
623.0,586.7593,36.24072265625
4649.0,4300.755,348.2451171875
6606.0,6313.866,292.1337890625
1408.0,1503.1315,-95.1314697265625
2761.0,2835.3425,-74.342529296875
1917.0,2226.459,-309.458984375
491.0,536.0247,-45.02471923828125
842.0,890.65125,-48.6512451171875
951.0,964.9782,-13.97821044921875
1361.0,1368.6442,-7.6441650390625
2273.0,2520.1873,-247.187255859375
2413.0,2410.2715,2.728515625
447.0,483.6363,-36.63629150390625
1255.0,1332.2406,-77.2406005859375
4173.0,4254.4146,-81.41455078125
1021.0,933.385,87.614990234375
1306.0,1471.0618,-165.061767578125
10396.0,8730.336,1665.6640625
805.0,884.2023,-79.2022705078125
612.0,668.4656,-56.465576171875
945.0,917.3096,27.6904296875
1036.0,1109.6445,-73.64453125
447.0,460.0796,-13.07958984375
1915.0,1902.3534,12.6466064453125
706.0,794.5026,-88.50262451171875
1049.0,1020.1836,28.81640625
4309.0,4198.4487,110.55126953125
1636.0,1435.7854,200.214599609375
1607.0,1775.4398,-168.4398193359375
1687.0,1680.3309,6.6690673828125
666.0,750.77136,-84.7713623046875
764.0,823.4,-59.4000244140625
1210.0,1134.2042,75.7957763671875
12696.0,12048.048,647.9521484375
4785.0,5493.216,-708.2158203125
2776.0,2590.5442,185.455810546875
876.0,952.9311,-76.93109130859375
663.0,756.96246,-93.96246337890625
6944.0,7063.4614,-119.46142578125
15185.0,14059.512,1125.48828125
7421.0,7177.325,243.6748046875
2236.0,2094.1567,141.84326171875
1235.0,1180.9001,54.099853515625
8080.0,7727.4634,352.53662109375
758.0,838.3525,-80.35247802734375
4368.0,4203.117,164.8828125
2822.0,2646.5264,175.4736328125
2066.0,1995.8279,70.172119140625
5569.0,5360.893,208.10693359375
5449.0,6845.0596,-1396.0595703125
6397.0,6773.979,-376.97900390625
2245.0,2076.0964,168.903564453125
5908.0,5994.2275,-86.2275390625
505.0,499.0296,5.97039794921875
911.0,800.0532,110.94677734375
2287.0,2163.2097,123.790283203125
2218.0,2286.057,-68.056884765625
1007.0,1042.7382,-35.7381591796875
551.0,467.22733,83.77267456054688
1013.0,879.4395,133.56048583984375
2797.0,2925.3484,-128.348388671875
3450.0,2757.4082,692.591796875
2503.0,2770.129,-267.12890625
4287.0,4617.394,-330.39404296875
931.0,1090.9255,-159.925537109375
687.0,882.8269,-195.826904296875
743.0,643.49207,99.5079345703125
8333.0,8165.03,167.97021484375
480.0,522.9551,-42.955078125
1698.0,1734.7512,-36.751220703125
3423.0,3411.6663,11.333740234375
707.0,723.3175,-16.3175048828125
850.0,840.2341,9.76593017578125
14042.0,15693.343,-1651.3427734375
827.0,901.59937,-74.599365234375
4851.0,4871.4683,-20.46826171875
2386.0,2485.829,-99.8291015625
710.0,803.0857,-93.085693359375
901.0,811.1144,89.8856201171875
5832.0,6852.6177,-1020.61767578125
829.0,895.72473,-66.7247314453125
1069.0,933.9238,135.076171875
854.0,721.3708,132.62921142578125
1981.0,2152.8271,-171.8271484375
4513.0,4555.203,-42.203125
814.0,849.0377,-35.0377197265625
705.0,821.6298,-116.62982177734375
2227.0,2066.3171,160.682861328125
6905.0,6161.103,743.89697265625
2363.0,2416.6428,-53.642822265625
11769.0,10428.232,1340.767578125
994.0,884.7191,109.2808837890625
1793.0,2141.7158,-348.7158203125
7587.0,7190.3438,396.65625
1420.0,1652.8923,-232.892333984375
1098.0,1109.5042,-11.504150390625
799.0,608.74457,190.25543212890625
949.0,839.5837,109.41632080078125
8971.0,9564.328,-593.328125
2739.0,2708.565,30.43505859375
2203.0,2030.6874,172.3126220703125
4830.0,4894.958,-64.9580078125
8498.0,8186.2944,311.70556640625
1235.0,1177.6067,57.393310546875
2084.0,1982.3254,101.674560546875
5259.0,5164.189,94.81103515625
15654.0,16965.037,-1311.037109375
12359.0,12242.112,116.8876953125
2803.0,3012.42,-209.419921875
4579.0,4379.822,199.17822265625
5057.0,5209.7563,-152.75634765625
6031.0,5828.2676,202.732421875
796.0,814.7748,-18.7747802734375
619.0,704.93195,-85.93194580078125
828.0,746.4449,81.55511474609375
1108.0,1074.7655,33.2344970703125
2793.0,2733.911,59.089111328125
895.0,918.9764,-23.97637939453125
2255.0,2448.9048,-193.90478515625
2074.0,2482.587,-408.5869140625
625.0,711.6509,-86.65087890625
765.0,657.4425,107.5574951171875
5801.0,5104.212,696.7880859375
5262.0,5133.2925,128.70751953125
3745.0,3606.9812,138.018798828125
3017.0,3304.4211,-287.421142578125
931.0,952.8401,-21.840087890625
3005.0,2637.265,367.735107421875
6511.0,7509.211,-998.2109375
6904.0,6174.7046,729.29541015625
4679.0,4995.614,-316.61376953125
2143.0,2338.899,-195.89892578125
3438.0,3693.9548,-255.954833984375
12316.0,15009.649,-2693.6494140625
936.0,861.32654,74.6734619140625
1993.0,1926.377,66.623046875
3387.0,3477.4487,-90.44873046875
11209.0,13577.799,-2368.798828125
1847.0,1721.5812,125.4188232421875
2295.0,2273.294,21.7060546875
1952.0,1829.6099,122.39013671875
14948.0,13989.289,958.7109375
1334.0,1417.1733,-83.17333984375
1328.0,1236.9216,91.078369140625
5491.0,5721.798,-230.7978515625
3916.0,3784.2124,131.78759765625
1605.0,1481.8534,123.1466064453125
2646.0,2674.9463,-28.9462890625
2535.0,3114.508,-579.508056640625
4932.0,4757.0684,174.931640625
1656.0,1719.7742,-63.774169921875
6733.0,6736.3955,-3.3955078125
8396.0,8345.458,50.5419921875
1363.0,1272.7179,90.2821044921875
1161.0,1162.0029,-1.0029296875
3214.0,3445.1924,-231.1923828125
13869.0,12509.699,1359.30078125
1764.0,2077.5845,-313.58447265625
735.0,809.0314,-74.0313720703125
734.0,835.07697,-101.07696533203125
1569.0,1594.2883,-25.288330078125
18509.0,15509.433,2999.5673828125
5046.0,5069.785,-23.78515625
9389.0,9199.352,189.6484375
2184.0,2228.7788,-44.77880859375
898.0,771.4267,126.57330322265625
8736.0,8031.7827,704.21728515625
1330.0,1313.6741,16.325927734375
680.0,695.77997,-15.77996826171875
816.0,927.9341,-111.93408203125
5729.0,4360.2715,1368.728515625
592.0,664.1394,-72.139404296875
5809.0,5613.459,195.541015625
1337.0,1558.3131,-221.3131103515625
8924.0,8266.033,657.966796875
582.0,634.7673,-52.76727294921875
12339.0,14869.332,-2530.33203125
947.0,978.8137,-31.813720703125
2575.0,2466.333,108.6669921875
3478.0,3546.9006,-68.900634765625
956.0,874.0713,81.9287109375
6042.0,5633.2783,408.7216796875
11190.0,11218.878,-28.8779296875
3107.0,3410.6152,-303.615234375
5102.0,5408.9233,-306.92333984375
505.0,485.23788,19.762115478515625
1168.0,976.2241,191.77587890625
13363.0,11855.748,1507.251953125
4696.0,4933.64,-237.64013671875
15124.0,14354.179,769.8212890625
5746.0,5651.696,94.30419921875
612.0,686.0023,-74.0023193359375
625.0,687.11176,-62.11175537109375
3442.0,3169.869,272.131103515625
5234.0,5611.9224,-377.92236328125
5779.0,4950.1436,828.8564453125
1052.0,1010.3744,41.6256103515625
890.0,934.5281,-44.528076171875
7286.0,7679.9746,-393.974609375
4177.0,4682.354,-505.35400390625
828.0,726.518,101.48199462890625
810.0,857.9958,-47.99578857421875
2329.0,2522.3882,-193.38818359375
802.0,721.0843,80.91571044921875
6283.0,6200.573,82.4267578125
814.0,907.4899,-93.48992919921875
408.0,491.22855,-83.22854614257812
12898.0,16735.408,-3837.408203125
3251.0,3243.2534,7.74658203125
2366.0,2404.2646,-38.2646484375
3149.0,3361.803,-212.802978515625
1095.0,1061.2874,33.712646484375
5361.0,5341.0386,19.96142578125
1080.0,881.08093,198.9190673828125
541.0,531.68805,9.31195068359375
5376.0,5394.8823,-18.88232421875
3769.0,3894.5254,-125.525390625
4407.0,4011.9512,395.048828125
671.0,782.86743,-111.867431640625
11118.0,11163.694,-45.6943359375
1000.0,996.8362,3.163818359375
12605.0,11983.573,621.4267578125
2376.0,2830.6304,-454.63037109375
7633.0,6644.7954,988.20458984375
530.0,507.61792,22.382080078125
6354.0,5899.924,454.076171875
2012.0,1919.1704,92.82958984375
2958.0,2943.6165,14.383544921875
891.0,888.3307,2.6693115234375
1648.0,1665.8464,-17.846435546875
8299.0,7518.8647,780.13525390625
1041.0,840.1334,200.8665771484375
4029.0,5324.8164,-1295.81640625
4591.0,5105.6387,-514.638671875
6278.0,6653.1035,-375.103515625
2086.0,2198.6877,-112.687744140625
844.0,688.6277,155.372314453125
1155.0,1242.1057,-87.105712890625
1094.0,913.06757,180.93243408203125
11760.0,11773.67,-13.669921875
5051.0,4338.7466,712.25341796875
1758.0,2603.768,-845.76806640625
1827.0,2134.2507,-307.250732421875
432.0,473.7858,-41.785797119140625
9898.0,9680.756,217.244140625
11217.0,10627.016,589.984375
419.0,442.61957,-23.61956787109375
563.0,513.539,49.46099853515625
648.0,552.45013,95.54986572265625
972.0,1011.51996,-39.51995849609375
2053.0,2029.6162,23.3837890625
2352.0,2189.0757,162.92431640625
8644.0,8799.186,-155.185546875
4919.0,4933.847,-14.84716796875
3011.0,2859.7153,151.28466796875
18027.0,15123.412,2903.587890625
734.0,838.5174,-104.51739501953125
2398.0,2270.28,127.719970703125
565.0,764.60474,-199.604736328125
5516.0,4720.707,795.29296875
956.0,820.4856,135.514404296875
525.0,518.58966,6.41033935546875
729.0,660.78436,68.21563720703125
1845.0,1774.5769,70.423095703125
776.0,688.6619,87.33807373046875
774.0,843.62805,-69.6280517578125
756.0,641.80493,114.195068359375
924.0,917.11914,6.880859375
5166.0,5072.16,93.83984375
4629.0,5090.093,-461.0927734375
15025.0,14380.516,644.484375
1871.0,2025.14,-154.1400146484375
6710.0,6463.6377,246.3623046875
907.0,779.50616,127.49383544921875
1306.0,1446.7871,-140.787109375
4716.0,4542.017,173.98291015625
4943.0,4771.4517,171.54833984375
1091.0,900.0122,190.98779296875
1551.0,1620.8752,-69.875244140625
5312.0,4541.805,770.19482421875
14308.0,13842.844,465.15625
558.0,568.83856,-10.83856201171875
16343.0,15037.375,1305.625
3862.0,4256.2573,-394.25732421875
2889.0,2891.1492,-2.149169921875
945.0,830.9934,114.006591796875
12154.0,15040.602,-2886.6015625
6810.0,7175.655,-365.65478515625
692.0,735.5958,-43.5958251953125
1087.0,1105.5673,-18.5672607421875
16985.0,15400.152,1584.84765625
3009.0,2811.6453,197.354736328125
3300.0,2927.7368,372.26318359375
7970.0,7717.358,252.64208984375
1002.0,835.72943,166.27056884765625
911.0,799.1431,111.85687255859375
1594.0,1594.1285,-0.1285400390625
3750.0,3836.0295,-86.029541015625
576.0,516.6311,59.368896484375
536.0,553.61383,-17.61383056640625
734.0,825.4475,-91.447509765625
605.0,614.5498,-9.5498046875
1311.0,1854.8689,-543.868896484375
13563.0,15573.05,-2010.0498046875
16641.0,14534.575,2106.4248046875
8858.0,8814.381,43.619140625
648.0,603.66296,44.3370361328125
6048.0,6674.956,-626.9560546875
844.0,762.6166,81.3834228515625
7372.0,7230.0317,141.96826171875
3892.0,4008.7417,-116.74169921875
475.0,552.2934,-77.29339599609375
14859.0,14872.68,-13.6796875
1578.0,1665.3013,-87.30126953125
658.0,717.6891,-59.6890869140625
600.0,644.06055,-44.060546875
1046.0,859.86395,186.13604736328125
473.0,466.55087,6.449127197265625
2397.0,2177.2622,219.73779296875
1268.0,1302.5409,-34.5408935546875
1363.0,1287.1527,75.8472900390625
586.0,583.5523,2.44769287109375
1689.0,1743.254,-54.2540283203125
1546.0,1404.1161,141.8839111328125
6905.0,7168.0483,-263.04833984375
1967.0,1955.4437,11.5562744140625
13034.0,12449.973,584.02734375
10935.0,10861.271,73.728515625
1709.0,1843.5867,-134.586669921875
977.0,843.22504,133.77496337890625
3484.0,3482.661,1.339111328125
4102.0,4888.878,-786.8779296875
1196.0,1129.5908,66.4091796875
2316.0,2403.3943,-87.394287109375
17535.0,15269.84,2265.16015625
17179.0,14946.552,2232.4482421875
9292.0,9354.42,-62.419921875
9032.0,8823.769,208.2314453125
1643.0,1616.8318,26.168212890625
1427.0,1582.4753,-155.475341796875
466.0,529.155,-63.155029296875
2100.0,2114.8467,-14.8466796875
1232.0,1159.5145,72.4854736328125
2918.0,3268.0374,-350.037353515625
507.0,541.89294,-34.8929443359375
10730.0,8459.3125,2270.6875
1046.0,833.85315,212.1468505859375
1628.0,1433.8458,194.1541748046875
5921.0,6059.9478,-138.94775390625
1063.0,909.0456,153.95440673828125
630.0,569.3578,60.6422119140625
2041.0,1961.312,79.68798828125
710.0,765.8696,-55.86962890625
710.0,597.83673,112.16326904296875
856.0,871.9,-15.9000244140625
650.0,588.11536,61.8846435546875
2647.0,3004.275,-357.27490234375
445.0,452.37766,-7.377655029296875
1041.0,916.38434,124.61566162109375
738.0,872.00323,-134.00323486328125
4403.0,5341.1045,-938.1044921875
11019.0,10700.448,318.5517578125
12596.0,12493.162,102.837890625
698.0,635.3872,62.61279296875
2195.0,2111.262,83.738037109375
616.0,728.1816,-112.18157958984375
5090.0,5063.1353,26.86474609375
4763.0,4708.205,54.794921875
2835.0,3079.7769,-244.77685546875
612.0,482.0186,129.98141479492188
552.0,543.3212,8.67877197265625
4559.0,4912.3955,-353.3955078125
766.0,964.31146,-198.31146240234375
5973.0,5266.9473,706.052734375
5335.0,5355.082,-20.08203125
4513.0,4503.9126,9.08740234375
2882.0,3050.7512,-168.751220703125
16316.0,15131.131,1184.869140625
10311.0,10465.457,-154.45703125
2768.0,2837.6372,-69.63720703125
5090.0,4867.692,222.30810546875
872.0,746.74506,125.25494384765625
2604.0,2311.7485,292.25146484375
3203.0,2922.0781,280.921875
540.0,502.02563,37.974365234375
2376.0,2232.237,143.762939453125
13950.0,11894.119,2055.880859375
645.0,702.34644,-57.346435546875
945.0,844.95496,100.0450439453125
4596.0,4340.9863,255.013671875
1667.0,1704.3383,-37.3382568359375
705.0,774.6067,-69.606689453125
1035.0,914.0941,120.9058837890625
11823.0,12762.621,-939.62109375
4242.0,3989.3398,252.66015625
844.0,735.96893,108.03106689453125
2753.0,2841.4583,-88.458251953125
726.0,835.5328,-109.53277587890625
3006.0,2742.665,263.3349609375
5842.0,5497.624,344.3759765625
740.0,699.3996,40.60040283203125
2052.0,2055.3599,-3.35986328125
17554.0,14758.958,2795.0419921875
522.0,583.0483,-61.04827880859375
2565.0,2579.018,-14.01806640625
767.0,840.4796,-73.4796142578125
2467.0,2257.1465,209.853515625
8258.0,8147.627,110.373046875
1237.0,1259.298,-22.2979736328125
4158.0,4900.3633,-742.36328125
2033.0,1917.3794,115.62060546875
2160.0,2259.0261,-99.026123046875
3461.0,3628.3845,-167.384521484375
4029.0,3301.9097,727.09033203125
4395.0,4248.0234,146.9765625
2527.0,2546.5718,-19.57177734375
2255.0,2409.9727,-154.97265625
4078.0,4521.6953,-443.6953125
478.0,536.48944,-58.48944091796875
7636.0,8194.356,-558.3564453125
2585.0,3010.4807,-425.480712890625
565.0,652.6753,-87.67529296875
402.0,442.872,-40.87200927734375
1971.0,1976.6272,-5.627197265625
844.0,740.71454,103.28546142578125
931.0,1008.801,-77.801025390625
4492.0,3838.9875,653.012451171875
2120.0,2129.161,-9.160888671875
6194.0,5857.5103,336.48974609375
648.0,584.0244,63.9755859375
2683.0,2717.815,-34.81494140625
3894.0,4732.2803,-838.2802734375
1926.0,2379.263,-453.262939453125
12098.0,11847.191,250.80859375
448.0,456.6328,-8.6328125
10332.0,10858.899,-526.8994140625
1949.0,2029.4246,-80.424560546875
713.0,795.5013,-82.50128173828125
2069.0,1794.3995,274.6004638671875
672.0,699.1635,-27.16351318359375
579.0,578.4015,0.5985107421875
1013.0,866.1534,146.84661865234375
14750.0,13393.005,1356.9951171875
7256.0,7670.692,-414.69189453125
1256.0,1274.4866,-18.486572265625
2206.0,2185.5884,20.41162109375
605.0,588.6747,16.3253173828125
898.0,837.60834,60.39166259765625
6225.0,5610.36,614.64013671875
629.0,677.5321,-48.5321044921875
8703.0,8449.346,253.654296875
8861.0,8707.384,153.6162109375
4191.0,5145.259,-954.2587890625
4211.0,4283.2363,-72.236328125
3791.0,3599.4983,191.501708984375
918.0,1014.9556,-96.95562744140625
2850.0,2173.72,676.280029296875
614.0,601.3553,12.64471435546875
3114.0,3046.9119,67.088134765625
13178.0,12990.601,187.3994140625
1874.0,1923.7494,-49.7493896484375
1069.0,878.30005,190.699951171875
1985.0,2028.3821,-43.382080078125
2003.0,1897.5148,105.4852294921875
1565.0,1378.6428,186.357177734375
612.0,548.9728,63.0272216796875
13609.0,13267.826,341.173828125
1176.0,1466.02,-290.02001953125
1637.0,1663.1383,-26.1383056640625
561.0,667.7155,-106.71551513671875
9240.0,8208.437,1031.5634765625
776.0,708.24457,67.75543212890625
18691.0,11774.231,6916.7685546875
7286.0,5621.5283,1664.4716796875
7306.0,7412.68,-106.68017578125
17995.0,16567.879,1427.12109375
7275.0,7428.6836,-153.68359375
814.0,760.4797,53.52032470703125
1956.0,1893.533,62.467041015625
11650.0,12046.462,-396.4619140625
1273.0,1216.2891,56.7109375
2327.0,2468.2373,-141.2373046875
1815.0,1761.718,53.281982421875
1162.0,1022.39667,139.60333251953125
12127.0,12397.457,-270.45703125
854.0,694.97375,159.0262451171875
2675.0,2383.323,291.677001953125
1656.0,1721.3265,-65.3265380859375
1837.0,1851.4923,-14.4923095703125
6704.0,7109.579,-405.5791015625
734.0,779.5605,-45.56048583984375
698.0,645.04156,52.95843505859375
3167.0,3347.0479,-180.0478515625
9727.0,9116.096,610.904296875
2897.0,3132.2249,-235.224853515625
10357.0,10622.639,-265.638671875
18320.0,14842.001,3477.9990234375
1884.0,1933.9149,-49.9149169921875
2063.0,2198.6582,-135.658203125
6841.0,6172.65,668.35009765625
2226.0,2117.2454,108.754638671875
10888.0,10086.933,801.0673828125
6130.0,5600.9277,529.072265625
4916.0,4806.4194,109.58056640625
4058.0,4477.09,-419.08984375
6132.0,5578.992,553.0078125
17765.0,15421.876,2343.1240234375
13825.0,13470.175,354.8251953125
956.0,958.26654,-2.26654052734375
4547.0,4665.364,-118.36376953125
896.0,736.11444,159.88555908203125
1835.0,1854.1779,-19.1778564453125
1686.0,1691.0011,-5.0010986328125
665.0,712.4414,-47.44140625
706.0,836.8565,-130.85650634765625
1619.0,1671.1898,-52.1898193359375
420.0,443.95383,-23.953826904296875
2210.0,2438.959,-228.958984375
11269.0,11270.356,-1.3564453125
2301.0,2361.7917,-60.791748046875
803.0,716.6641,86.33587646484375
12196.0,12239.474,-43.4736328125
1786.0,1753.3612,32.6387939453125
2318.0,2621.2688,-303.268798828125
547.0,619.1203,-72.12030029296875
552.0,517.35754,34.6424560546875
6742.0,6671.7607,70.2392578125
2905.0,2862.0803,42.919677734375
4989.0,4885.815,103.18505859375
532.0,616.88654,-84.88653564453125
1103.0,1051.3477,51.65234375
3749.0,3946.9717,-197.9716796875
10945.0,11610.948,-665.9482421875
5979.0,6557.93,-578.93017578125
3205.0,3228.2761,-23.276123046875
2322.0,2718.681,-396.680908203125
4008.0,4043.915,-35.9150390625
975.0,1019.07886,-44.078857421875
2846.0,2600.5593,245.440673828125
924.0,875.09753,48.9024658203125
538.0,568.1532,-30.1531982421875
1629.0,1720.5153,-91.5152587890625
649.0,752.31903,-103.31903076171875
2352.0,2110.7686,241.2314453125
9756.0,9170.871,585.12890625
5061.0,4833.1123,227.8876953125
10430.0,9863.251,566.7490234375
2459.0,1984.0758,474.9241943359375
734.0,786.1238,-52.123779296875
4140.0,4417.0156,-277.015625
6352.0,5762.7344,589.265625
6202.0,6001.7393,200.2607421875
773.0,886.0873,-113.0872802734375
12816.0,13823.396,-1007.396484375
1197.0,1151.671,45.3289794921875
3785.0,3700.7124,84.28759765625
2107.0,2144.104,-37.10400390625
9793.0,12379.509,-2586.5087890625
2257.0,2879.2007,-622.20068359375
898.0,810.2807,87.71929931640625
1718.0,2039.976,-321.9759521484375
13201.0,15039.497,-1838.4970703125
12696.0,12999.821,-303.8212890625
3170.0,3218.5896,-48.589599609375
1833.0,1687.1465,145.853515625
1020.0,771.2411,248.7589111328125
716.0,753.34924,-37.3492431640625
689.0,637.6008,51.399169921875
5839.0,5602.119,236.880859375
1340.0,1418.804,-78.803955078125
692.0,822.4453,-130.4453125
3975.0,3825.363,149.636962890625
489.0,482.30957,6.6904296875
1422.0,1392.3048,29.6951904296875
17837.0,16150.355,1686.64453125
1607.0,1597.6244,9.3756103515625
851.0,792.00604,58.99395751953125
1338.0,1545.6577,-207.65771484375
10217.0,10728.898,-511.8984375
6826.0,5929.7744,896.2255859375
544.0,607.0756,-63.07562255859375
675.0,640.29376,34.70623779296875
13263.0,15459.133,-2196.1328125
5196.0,5465.2705,-269.2705078125
5832.0,5464.5615,367.4384765625
2952.0,2990.7063,-38.706298828125
3025.0,3202.886,-177.885986328125
2873.0,2674.681,198.319091796875
1337.0,1436.8408,-99.8408203125
1389.0,1285.7218,103.2781982421875
3401.0,3530.4644,-129.46435546875
809.0,776.7658,32.23419189453125
13034.0,13237.087,-203.0869140625
4258.0,4305.4756,-47.4755859375
7821.0,6880.9253,940.07470703125
11330.0,11052.096,277.904296875
11524.0,12142.503,-618.5029296875
1179.0,1200.1193,-21.1192626953125
612.0,541.1469,70.85308837890625
1656.0,1722.3699,-66.369873046875
4914.0,5014.9263,-100.92626953125
507.0,514.9694,-7.96942138671875
7392.0,6942.558,449.44189453125
872.0,760.13293,111.8670654296875
716.0,787.9594,-71.95941162109375
1040.0,1054.616,-14.615966796875
2415.0,2327.4194,87.58056640625
1655.0,1682.6969,-27.6968994140625
929.0,1015.3161,-86.31610107421875
14095.0,15745.274,-1650.2744140625
868.0,1002.71295,-134.71295166015625
1928.0,1775.489,152.510986328125
1179.0,1189.4198,-10.4197998046875
1636.0,1810.2749,-174.27490234375
4983.0,4607.9956,375.00439453125
716.0,831.1616,-115.16162109375
759.0,821.79456,-62.7945556640625
8133.0,8046.6426,86.357421875
5851.0,5343.7544,507.24560546875
1057.0,1110.2511,-53.2510986328125
5919.0,7160.2515,-1241.25146484375
10281.0,10932.975,-651.974609375
9683.0,10133.546,-450.5458984375
5674.0,5351.2476,322.75244140625
3669.0,3591.2498,77.750244140625
752.0,812.5834,-60.5833740234375
803.0,745.7545,57.2454833984375
1238.0,1372.1898,-134.1898193359375
631.0,746.2514,-115.25140380859375
3001.0,2883.4243,117.57568359375
4520.0,5310.077,-790.0771484375
765.0,650.56195,114.43804931640625
765.0,687.71674,77.28326416015625
597.0,594.0155,2.9844970703125
2950.0,2900.0193,49.980712890625
1812.0,1823.7194,-11.7193603515625
4808.0,4771.042,36.9580078125
2287.0,2625.933,-338.93310546875
4900.0,5162.943,-262.94287109375
2156.0,2343.5989,-187.598876953125
4413.0,4249.9976,163.00244140625
525.0,567.75165,-42.75164794921875
2548.0,2626.6096,-78.609619140625
4381.0,4409.0176,-28.017578125
17146.0,19814.229,-2668.228515625
15105.0,14991.251,113.7490234375
998.0,966.78503,31.2149658203125
1008.0,1164.8813,-156.88134765625
1814.0,2009.0619,-195.0618896484375
1116.0,1151.0781,-35.078125
4788.0,4522.036,265.9638671875
2847.0,2956.5457,-109.545654296875
833.0,778.2782,54.7218017578125
512.0,382.86307,129.13693237304688
4604.0,4564.0454,39.95458984375
5019.0,5223.1357,-204.1357421875
5372.0,5241.0425,130.95751953125
3192.0,3395.1147,-203.11474609375
816.0,830.9617,-14.961669921875
863.0,847.6073,15.3927001953125
1672.0,1785.1995,-113.199462890625
789.0,788.0403,0.959716796875
2685.0,2593.1777,91.822265625
631.0,675.4568,-44.456787109375
745.0,796.1932,-51.19317626953125
1441.0,1562.5757,-121.57568359375
5370.0,6339.948,-969.9482421875
1819.0,1865.8009,-46.8009033203125
11988.0,14749.137,-2761.13671875
18718.0,16114.629,2603.37109375
14410.0,14502.2705,-92.2705078125
7389.0,7208.7197,180.2802734375
796.0,956.59796,-160.59796142578125
743.0,655.7784,87.22161865234375
865.0,963.02167,-98.02166748046875
776.0,674.71564,101.28436279296875
2373.0,2568.1902,-195.190185546875
972.0,841.5846,130.4154052734375
4504.0,4594.4556,-90.45556640625
11520.0,11041.476,478.5244140625
2025.0,2053.7485,-28.74853515625
739.0,776.63306,-37.633056640625
863.0,874.1948,-11.19482421875
895.0,789.1751,105.82489013671875
754.0,741.2527,12.747314453125
5120.0,5014.5576,105.4423828125
975.0,1062.4358,-87.435791015625
5412.0,6223.2837,-811.28369140625
4931.0,3850.926,1080.073974609375
16632.0,15065.353,1566.6474609375
2229.0,2453.9822,-224.982177734375
6441.0,7247.5483,-806.54833984375
1115.0,1127.1675,-12.16748046875
1669.0,1702.007,-33.0069580078125
7308.0,7186.0244,121.9755859375
2251.0,2285.8857,-34.8857421875
1257.0,1117.0,140.0
4879.0,4721.585,157.4150390625
1976.0,1963.6367,12.36328125
5694.0,5057.179,636.82080078125
576.0,796.162,-220.1619873046875
1904.0,1933.4758,-29.475830078125
552.0,518.37665,33.62335205078125
1115.0,1025.9403,89.0596923828125
2865.0,3010.386,-145.385986328125
2874.0,3226.4688,-352.46875
597.0,717.2845,-120.28448486328125
854.0,736.12146,117.8785400390625
876.0,895.63153,-19.63153076171875
1153.0,1074.9784,78.0216064453125
5837.0,5464.108,372.89208984375
867.0,891.41986,-24.41986083984375
4899.0,5054.2666,-155.2666015625
689.0,600.1811,88.81890869140625
967.0,988.38995,-21.38995361328125
575.0,537.6851,37.31488037109375
995.0,857.83276,137.167236328125
673.0,803.17926,-130.17926025390625
724.0,724.3188,-0.31878662109375
1078.0,1055.7985,22.2015380859375
18407.0,15764.252,2642.748046875
6108.0,5735.5513,372.44873046875
968.0,998.9844,-30.984375
7328.0,7287.378,40.6220703125
4459.0,4601.1924,-142.1923828125
2593.0,2486.5205,106.4794921875
380.0,457.15793,-77.15792846679688
765.0,686.3323,78.667724609375
1816.0,2040.2202,-224.22021484375
614.0,684.17975,-70.17974853515625
833.0,978.2985,-145.29852294921875
473.0,479.25232,-6.2523193359375
972.0,848.0732,123.92681884765625
849.0,703.9507,145.04931640625
4838.0,5402.071,-564.07080078125
3284.0,2636.7102,647.289794921875
7650.0,7680.7217,-30.7216796875
2268.0,1929.7952,338.204833984375
945.0,857.5511,87.44891357421875
10374.0,9999.259,374.7412109375
776.0,676.5082,99.4918212890625
3325.0,3015.341,309.658935546875
707.0,823.7712,-116.77117919921875
4338.0,4684.2036,-346.20361328125
8224.0,11403.514,-3179.513671875
524.0,665.2085,-141.20849609375
2357.0,2003.2256,353.7744140625
1904.0,1954.497,-50.4969482421875
4276.0,4722.716,-446.7158203125
7564.0,7140.317,423.68310546875
7732.0,7607.6953,124.3046875
11748.0,11151.053,596.947265625
663.0,598.33496,64.6650390625
4627.0,4398.2305,228.76953125
4828.0,5956.8945,-1128.89453125
3205.0,3200.6135,4.386474609375
1035.0,947.0085,87.99151611328125
809.0,851.3435,-42.343505859375
2609.0,2709.7656,-100.765625
14577.0,13817.913,759.0869140625
10023.0,10097.646,-74.646484375
7150.0,8636.204,-1486.2041015625
2751.0,2583.558,167.44189453125
2925.0,3375.963,-450.962890625
9337.0,9298.663,38.3369140625
1990.0,2100.5486,-110.548583984375
8324.0,8893.38,-569.3798828125
9256.0,9244.041,11.958984375
1080.0,912.6479,167.35211181640625
812.0,681.9229,130.07708740234375
8079.0,8373.579,-294.5791015625
4877.0,4947.6226,-70.62255859375
5111.0,5014.9165,96.08349609375
2444.0,2569.3064,-125.306396484375
4649.0,4051.1118,597.88818359375
8549.0,8099.156,449.84423828125
1441.0,1607.6937,-166.6937255859375
896.0,1029.8549,-133.8548583984375
454.0,554.1772,-100.17718505859375
5046.0,5159.388,-113.38818359375
3533.0,3361.447,171.552978515625
627.0,683.3664,-56.36639404296875
3748.0,4152.8936,-404.8935546875
11370.0,11388.895,-18.89453125
5599.0,5256.4277,342.572265625
507.0,510.52246,-3.5224609375
6564.0,6212.336,351.6640625
972.0,851.08264,120.9173583984375
3783.0,3877.396,-94.39599609375
4274.0,4748.4863,-474.486328125
521.0,584.07965,-63.07965087890625
1720.0,1712.782,7.218017578125
743.0,650.2656,92.734375
1715.0,2023.4384,-308.4383544921875
18254.0,17506.385,747.615234375
6708.0,6396.816,311.18408203125
3123.0,3175.253,-52.2529296875
3720.0,3711.6194,8.380615234375
477.0,509.19632,-32.196319580078125
596.0,598.7518,-2.75177001953125
1728.0,1746.1733,-18.17333984375
552.0,665.43915,-113.43914794921875
692.0,598.12665,93.87335205078125
569.0,669.49585,-100.495849609375
765.0,625.5774,139.422607421875
687.0,760.699,-73.698974609375
6383.0,6822.7344,-439.734375
1805.0,2049.7607,-244.7607421875
1228.0,1170.1267,57.873291015625
1640.0,1361.1677,278.832275390625
2463.0,2419.5762,43.423828125
15052.0,14533.605,518.39453125
1262.0,1361.8531,-99.8531494140625
14407.0,12189.369,2217.630859375
2294.0,2151.1445,142.85546875
810.0,908.8,-98.79998779296875
2041.0,2078.8577,-37.857666015625
641.0,634.46027,6.53973388671875
7211.0,6857.914,353.0859375
12459.0,12264.34,194.66015625
926.0,875.8766,50.1234130859375
595.0,529.89526,65.104736328125
2176.0,2352.2434,-176.243408203125
7573.0,6901.334,671.666015625
6073.0,6115.476,-42.47607421875
7850.0,7863.279,-13.27880859375
867.0,959.07513,-92.07513427734375
4200.0,3822.3538,377.646240234375
1624.0,1471.7653,152.2347412109375
769.0,780.7394,-11.7393798828125
726.0,760.30975,-34.30975341796875
16049.0,14053.05,1995.9501953125
775.0,894.47534,-119.475341796875
486.0,494.2057,-8.2056884765625
2482.0,2152.1116,329.888427734375
838.0,938.15295,-100.1529541015625
2745.0,2996.4636,-251.463623046875
4496.0,4158.824,337.17578125
1683.0,1691.0172,-8.0172119140625
6078.0,5745.8896,332.1103515625
5823.0,4944.4146,878.58544921875
1965.0,1989.5469,-24.546875
6922.0,7506.2607,-584.2607421875
1576.0,1752.8151,-176.8150634765625
4851.0,4975.1943,-124.1943359375
950.0,949.1817,0.81829833984375
3966.0,4103.912,-137.912109375
589.0,595.74133,-6.7413330078125
1555.0,1463.8342,91.165771484375
4240.0,4755.394,-515.39404296875
2316.0,2132.5645,183.435546875
1843.0,1922.275,-79.2750244140625
1760.0,1813.5339,-53.533935546875
8874.0,10153.312,-1279.3115234375
2800.0,2679.1016,120.8984375
675.0,614.31476,60.68524169921875
1140.0,892.9783,247.021728515625
552.0,524.9423,27.05767822265625
589.0,588.91003,0.0899658203125
639.0,689.9559,-50.95587158203125
3671.0,4369.1353,-698.13525390625
8886.0,8688.237,197.7626953125
2673.0,2756.9045,-83.904541015625
16804.0,17442.738,-638.73828125
2029.0,2509.939,-480.93896484375
695.0,738.55884,-43.558837890625
5251.0,4993.6416,257.3583984375
4455.0,5113.2026,-658.20263671875
2393.0,2576.5293,-183.529296875
1819.0,1848.5938,-29.59375
3736.0,3521.094,214.906005859375
3709.0,3610.0793,98.920654296875
2559.0,2754.813,-195.81298828125
5182.0,5402.3955,-220.3955078125
907.0,778.5685,128.4315185546875
1359.0,1542.6008,-183.600830078125
486.0,532.36945,-46.36944580078125
877.0,1067.2228,-190.2227783203125
579.0,561.73157,17.2684326171875
764.0,801.94165,-37.941650390625
2079.0,2118.7832,-39.783203125
1007.0,1030.6008,-23.600830078125
838.0,896.2051,-58.205078125
4862.0,5326.676,-464.67578125
2405.0,2585.268,-180.26806640625
532.0,626.8437,-94.84368896484375
10933.0,9275.659,1657.3408203125
2263.0,1915.0199,347.9801025390625
505.0,584.3085,-79.3084716796875
789.0,817.1881,-28.1881103515625
7657.0,7797.0864,-140.08642578125
4419.0,4456.2637,-37.263671875
4413.0,4384.88,28.1201171875
1087.0,960.0613,126.938720703125
575.0,542.412,32.5880126953125
4963.0,4915.7754,47.224609375
3334.0,3509.776,-175.77587890625
12260.0,14082.433,-1822.4326171875
4312.0,4131.356,180.64404296875
5127.0,5064.256,62.744140625
1869.0,1815.7225,53.2774658203125
8741.0,7825.1367,915.86328125
4298.0,4259.377,38.623046875
5951.0,5438.349,512.65087890625
4185.0,4034.352,150.64794921875
1004.0,999.82916,4.17083740234375
1739.0,2155.7378,-416.73779296875
1819.0,1897.7275,-78.7275390625
6134.0,6110.3857,23.6142578125
1784.0,1878.899,-94.8990478515625
4955.0,5259.3765,-304.37646484375
1174.0,1217.5876,-43.587646484375
13098.0,14981.303,-1883.302734375
1559.0,1649.8163,-90.8162841796875
4922.0,4266.574,655.42578125
630.0,548.9046,81.09539794921875
4788.0,5152.9106,-364.91064453125
12468.0,15792.468,-3324.4677734375
7096.0,6561.885,534.115234375
844.0,1060.8163,-216.8162841796875
1431.0,1404.1791,26.8209228515625
17084.0,14814.099,2269.9013671875
7226.0,8318.748,-1092.748046875
7840.0,7221.6167,618.38330078125
708.0,758.5772,-50.57720947265625
1641.0,1718.7366,-77.736572265625
2117.0,2044.5532,72.44677734375
3142.0,4197.54,-1055.5400390625
4562.0,4538.535,23.46484375
1388.0,1531.2006,-143.2005615234375
707.0,692.2538,14.7462158203125
13687.0,13186.055,500.9453125
2207.0,2129.3813,77.61865234375
586.0,581.46356,4.53643798828125
9901.0,9766.886,134.1142578125
1228.0,1280.6405,-52.6405029296875
911.0,727.9723,183.0277099609375
1433.0,1518.2623,-85.2623291015625
678.0,711.8208,-33.82080078125
2873.0,3853.5425,-980.54248046875
14154.0,14215.324,-61.32421875
18055.0,15489.27,2565.73046875
4873.0,4543.508,329.4921875
3007.0,2647.4922,359.5078125
6546.0,6364.147,181.85302734375
2158.0,2277.9392,-119.939208984375
2266.0,2253.856,12.14404296875
11537.0,9640.692,1896.3076171875
552.0,622.7809,-70.7808837890625
915.0,1000.73584,-85.73583984375
3095.0,2962.6584,132.341552734375
5002.0,4982.508,19.4921875
658.0,658.38916,-0.38916015625
5570.0,5561.3687,8.63134765625
6779.0,6193.22,585.77978515625
8020.0,8708.48,-688.48046875
15773.0,15532.081,240.9189453125
10362.0,8744.02,1617.98046875
5027.0,4783.592,243.408203125
1684.0,1816.3636,-132.3636474609375
6296.0,6357.6914,-61.69140625
12341.0,15153.616,-2812.6162109375
5026.0,5153.958,-127.9580078125
8580.0,8165.3804,414.61962890625
2055.0,2307.6057,-252.605712890625
828.0,979.29694,-151.29693603515625
3816.0,3661.7756,154.224365234375
3884.0,4053.547,-169.547119140625
723.0,638.6504,84.349609375
10350.0,10121.752,228.248046875
6684.0,6570.189,113.81103515625
2327.0,2310.9878,16.01220703125
676.0,770.5804,-94.58038330078125
3504.0,3087.9172,416.082763671875
984.0,1003.3104,-19.3104248046875
605.0,625.85,-20.8499755859375
738.0,795.6494,-57.6494140625
6597.0,6598.356,-1.35595703125
1153.0,1054.236,98.7640380859375
4108.0,4536.8643,-428.8642578125
7979.0,8577.518,-598.517578125
776.0,663.19904,112.80096435546875
6465.0,6091.514,373.48583984375
2940.0,2867.8857,72.1142578125
565.0,615.98474,-50.9847412109375
5132.0,5222.9116,-90.91162109375
3463.0,3740.363,-277.363037109375
452.0,609.74036,-157.7403564453125
450.0,477.7127,-27.71270751953125
1259.0,1282.856,-23.85595703125
911.0,797.5674,113.4326171875
680.0,599.90796,80.092041015625
3734.0,4235.8237,-501.82373046875
2596.0,2701.8047,-105.8046875
4084.0,3989.9983,94.001708984375
3272.0,3430.6506,-158.650634765625
1697.0,1869.8234,-172.8233642578125
2342.0,2106.1658,235.834228515625
6290.0,6370.518,-80.51806640625
990.0,859.73755,130.262451171875
737.0,804.1335,-67.13348388671875
7162.0,6922.9517,239.04833984375
11194.0,11662.6455,-468.6455078125
958.0,853.1785,104.82147216796875
2720.0,3059.6174,-339.617431640625
3578.0,3638.5125,-60.512451171875
1711.0,1771.1461,-60.1461181640625
6412.0,5829.8745,582.12548828125
3217.0,3516.0156,-299.015625
18128.0,15699.75,2428.25
2585.0,2683.6716,-98.671630859375
5882.0,5524.2856,357.71435546875
4743.0,5937.783,-1194.783203125
4635.0,4208.3286,426.67138671875
6534.0,6711.2554,-177.25537109375
596.0,672.6666,-76.6666259765625
487.0,531.8862,-44.88623046875
1308.0,1234.3483,73.6517333984375
5690.0,5668.2266,21.7734375
445.0,552.28284,-107.2828369140625
4879.0,5185.7007,-306.70068359375
625.0,623.5514,1.4486083984375
1133.0,1107.4674,25.5325927734375
811.0,762.89703,48.10296630859375
4488.0,4477.842,10.158203125
3197.0,3332.3162,-135.316162109375
5526.0,5274.0054,251.99462890625
895.0,963.0433,-68.04327392578125
6202.0,7784.425,-1582.4248046875
14179.0,13227.445,951.5546875
4703.0,4633.0786,69.92138671875
6932.0,6548.2295,383.7705078125
1323.0,1130.2881,192.7119140625
1043.0,1042.0874,0.91259765625
596.0,675.4813,-79.4813232421875
5649.0,5717.395,-68.39501953125
830.0,759.79803,70.20196533203125
560.0,665.56085,-105.56085205078125
562.0,608.612,-46.61199951171875
872.0,916.49243,-44.492431640625
781.0,855.817,-74.8170166015625
1168.0,1236.5344,-68.534423828125
537.0,602.87054,-65.87054443359375
3579.0,3719.5908,-140.5908203125
1421.0,1452.8562,-31.856201171875
878.0,744.5196,133.48040771484375
2522.0,2735.7358,-213.73583984375
1085.0,1177.6257,-92.625732421875
4224.0,4648.794,-424.7939453125
8847.0,8346.819,500.1806640625
15601.0,14530.833,1070.1669921875
5845.0,6182.419,-337.4189453125
4366.0,4548.9766,-182.9765625
5386.0,5659.5337,-273.53369140625
7525.0,6898.3066,626.693359375
2086.0,2151.4514,-65.451416015625
648.0,552.3752,95.62481689453125
6333.0,6542.0117,-209.01171875
1846.0,1800.9823,45.0177001953125
1287.0,1084.805,202.1949462890625
525.0,560.5072,-35.5072021484375
12308.0,12537.9,-229.900390625
4068.0,4217.141,-149.14111328125
393.0,473.10934,-80.10934448242188
473.0,531.6192,-58.61920166015625
2139.0,2353.4038,-214.40380859375
945.0,1007.02246,-62.0224609375
2513.0,2567.509,-54.509033203125
752.0,758.2477,-6.2476806640625
848.0,802.4832,45.51678466796875
2505.0,2252.8467,252.1533203125
6867.0,6395.699,471.30078125
1600.0,1659.6743,-59.67431640625
11009.0,10904.389,104.611328125
3161.0,2899.8755,261.12451171875
8145.0,8365.126,-220.1259765625
5386.0,5661.769,-275.76904296875
1024.0,868.53754,155.46246337890625
18678.0,14755.13,3922.8701171875
616.0,621.08154,-5.08154296875
7127.0,6952.743,174.2568359375
925.0,839.40094,85.59906005859375
730.0,736.8976,-6.8975830078125
1230.0,1155.2001,74.7999267578125
15312.0,13455.922,1856.078125
988.0,906.74725,81.25274658203125
1790.0,1849.8174,-59.8173828125
1431.0,1297.0002,133.999755859375
1140.0,1057.7909,82.2091064453125
5147.0,4983.2827,163.71728515625
3057.0,2474.516,582.48388671875
8271.0,9177.031,-906.03125
5304.0,5184.835,119.1650390625
1108.0,1190.5244,-82.5244140625
726.0,853.87,-127.8699951171875
2704.0,2894.7012,-190.701171875
5198.0,5515.7505,-317.75048828125
863.0,851.82166,11.1783447265625
4586.0,4775.6406,-189.640625
788.0,695.10187,92.89813232421875
5806.0,5718.557,87.44287109375
1169.0,1212.6075,-43.6075439453125
5315.0,5076.8164,238.18359375
6019.0,5918.2417,100.75830078125
1115.0,1120.6545,-5.654541015625
4054.0,4208.128,-154.1279296875
8631.0,9111.532,-480.5322265625
3418.0,3198.309,219.69091796875
18294.0,15181.927,3112.0732421875
3534.0,3634.3567,-100.356689453125
2230.0,2350.0608,-120.060791015625
2760.0,2741.4956,18.50439453125
1433.0,1428.6929,4.30712890625
787.0,731.9751,55.02490234375
605.0,662.76843,-57.7684326171875
4788.0,4628.162,159.837890625
4700.0,4537.245,162.7548828125
2485.0,2523.1548,-38.15478515625
700.0,801.4953,-101.49530029296875
3342.0,3589.3042,-247.30419921875
1087.0,959.5683,127.43170166015625
9203.0,8483.844,719.15625
4316.0,4583.932,-267.93212890625
3435.0,3526.237,-91.237060546875
1218.0,1330.0219,-112.0218505859375
706.0,755.82153,-49.821533203125
8235.0,8154.4297,80.5703125
2815.0,2827.8584,-12.8583984375
743.0,653.25183,89.7481689453125
572.0,480.78128,91.21871948242188
4398.0,4284.6216,113.37841796875
4441.0,4489.766,-48.76611328125
938.0,752.4347,185.5653076171875
1404.0,1386.4182,17.581787109375
694.0,770.0846,-76.0845947265625
1780.0,1643.6517,136.3482666015625
734.0,832.2988,-98.298828125
5902.0,6382.6094,-480.609375
16900.0,15059.061,1840.939453125
848.0,969.83514,-121.83514404296875
907.0,711.5979,195.402099609375
6593.0,6784.6157,-191.61572265625
17893.0,15294.632,2598.3681640625
2320.0,2644.1516,-324.151611328125
6441.0,7860.6543,-1419.654296875
9999.0,13325.68,-3326.6796875
3453.0,2960.1511,492.848876953125
5125.0,5302.227,-177.22705078125
1147.0,1321.4565,-174.45654296875
905.0,915.58594,-10.5859375
737.0,845.1777,-108.17767333984375
4642.0,3888.2927,753.707275390625
789.0,842.53326,-53.53326416015625
1133.0,1049.1747,83.8253173828125
773.0,916.8175,-143.8175048828125
2487.0,2494.0603,-7.060302734375
15418.0,16277.467,-859.466796875
1891.0,1606.0591,284.94091796875
17227.0,15795.27,1431.73046875
2211.0,2049.7197,161.2802734375
3996.0,4153.765,-157.76513671875
645.0,590.7929,54.20709228515625
6238.0,7188.9727,-950.97265625
4041.0,4392.7676,-351.767578125
5480.0,5573.5986,-93.5986328125
2332.0,2358.7764,-26.7763671875
15122.0,15445.06,-323.0595703125
2370.0,2382.8784,-12.87841796875
730.0,764.2912,-34.29119873046875
1312.0,1379.9401,-67.9400634765625
972.0,858.2645,113.7354736328125
581.0,587.19104,-6.1910400390625
1581.0,1678.4247,-97.4246826171875
962.0,998.24554,-36.24554443359375
844.0,718.0843,125.91571044921875
13299.0,12990.601,308.3994140625
511.0,598.08923,-87.0892333984375
14477.0,12570.289,1906.7109375
1334.0,1451.1317,-117.1317138671875
1031.0,1065.7689,-34.7689208984375
5123.0,4479.1704,643.82958984375
8816.0,10834.95,-2018.9501953125
2872.0,2018.346,853.654052734375
1884.0,1924.0201,-40.0201416015625
3521.0,4495.925,-974.9248046875
5757.0,5798.845,-41.84521484375
789.0,820.7038,-31.70379638671875
803.0,693.4442,109.5557861328125
596.0,679.70465,-83.70465087890625
5584.0,5745.325,-161.3251953125
6521.0,6422.959,98.041015625
2266.0,2215.771,50.22900390625
3567.0,4021.5496,-454.549560546875
2744.0,2804.051,-60.051025390625
6529.0,6540.714,-11.7138671875
2656.0,2569.3726,86.62744140625
1644.0,1611.8674,32.132568359375
863.0,1018.9621,-155.96209716796875
802.0,703.68756,98.31243896484375
2374.0,2621.2688,-247.268798828125
3760.0,3509.759,250.240966796875
911.0,788.1242,122.87579345703125
4967.0,5186.022,-219.02197265625
2196.0,2432.4163,-236.416259765625
2544.0,2756.0828,-212.082763671875
3496.0,3710.5217,-214.521728515625
3189.0,3121.5667,67.433349609375
11268.0,10004.5625,1263.4375
6283.0,6305.645,-22.64501953125
3577.0,3613.435,-36.43505859375
2104.0,2258.8267,-154.82666015625
827.0,940.30493,-113.304931640625
651.0,623.928,27.072021484375
738.0,770.9907,-32.99072265625
6541.0,6191.088,349.912109375
6088.0,5917.8125,170.1875
7577.0,8302.602,-725.6015625
2323.0,2746.2507,-423.250732421875
707.0,760.13043,-53.13043212890625
4072.0,4274.926,-202.92578125
992.0,893.1885,98.8115234375
1832.0,1875.026,-43.0260009765625
515.0,546.7456,-31.74560546875
2406.0,2531.3406,-125.340576171875
9530.0,9152.757,377.2431640625
3211.0,2933.6165,277.383544921875
4692.0,4860.709,-168.708984375
3529.0,3434.2886,94.71142578125
596.0,695.87134,-99.871337890625
3340.0,3376.7134,-36.71337890625
552.0,607.64685,-55.6468505859375
7203.0,7146.0537,56.9462890625
537.0,616.88947,-79.88946533203125
1893.0,1754.4524,138.547607421875
2803.0,2573.8809,229.119140625
5356.0,5345.9927,10.00732421875
524.0,662.44635,-138.44635009765625
2375.0,2531.1946,-156.194580078125
680.0,700.83215,-20.8321533203125
2353.0,2510.1377,-157.1376953125
1443.0,1478.7257,-35.7257080078125
10090.0,12016.547,-1926.546875
9704.0,10297.0205,-593.0205078125
13582.0,13082.746,499.25390625
5141.0,5053.2974,87.70263671875
2117.0,2119.2542,-2.254150390625
2438.0,2478.761,-40.760986328125
900.0,779.4139,120.58612060546875
4283.0,4523.1836,-240.18359375
4398.0,4648.9004,-250.900390625
2691.0,2792.485,-101.485107421875
1897.0,1920.6946,-23.694580078125
4151.0,4112.11,38.89013671875
969.0,840.48444,128.51556396484375
17254.0,16106.301,1147.69921875
625.0,648.9537,-23.95367431640625
6406.0,6820.8735,-414.87353515625
4361.0,4625.96,-264.9599609375
5176.0,4497.1255,678.87451171875
789.0,813.8965,-24.896484375
2950.0,2874.3691,75.630859375
11333.0,11099.695,233.3046875
2386.0,2716.905,-330.905029296875
4533.0,4521.9585,11.04150390625
4242.0,4844.2173,-602.21728515625
7991.0,7981.122,9.8779296875
3710.0,3256.1375,453.862548828125
2344.0,2399.292,-55.2919921875
684.0,637.59076,46.40924072265625
3359.0,3710.9465,-351.946533203125
3992.0,4285.0264,-293.0263671875
2870.0,2522.819,347.180908203125
10963.0,11588.976,-625.9755859375
11500.0,11795.88,-295.8798828125
855.0,790.40814,64.59185791015625
4151.0,4285.7866,-134.78662109375
2393.0,2412.4595,-19.45947265625
1124.0,935.52655,188.47344970703125
4463.0,5298.946,-835.94580078125
603.0,649.7227,-46.72271728515625
1046.0,827.25354,218.7464599609375
720.0,647.187,72.81298828125
4570.0,4527.6387,42.361328125
1332.0,1431.846,-99.845947265625
18344.0,15412.289,2931.7109375
1138.0,1186.7056,-48.70556640625
13786.0,15491.427,-1705.4267578125
9586.0,8975.373,610.626953125
1793.0,1840.4132,-47.4132080078125
12725.0,12019.676,705.32421875
4899.0,5103.4917,-204.49169921875
596.0,668.81775,-72.8177490234375
17267.0,15867.019,1399.9814453125
1415.0,1458.3809,-43.380859375
9131.0,9265.562,-134.5615234375
7848.0,8841.737,-993.7373046875
5695.0,5357.0186,337.9814453125
4624.0,4543.131,80.869140625
7223.0,6583.9404,639.0595703125
1049.0,1098.5088,-49.5087890625
4637.0,5495.9883,-858.98828125
756.0,644.6705,111.32952880859375
8789.0,8598.675,190.3251953125
1076.0,1027.6678,48.3321533203125
14267.0,14277.936,-10.935546875
8748.0,9190.144,-442.1435546875
625.0,624.1339,0.8660888671875
18823.0,17251.816,1571.18359375
13531.0,15934.641,-2403.640625
522.0,572.88354,-50.883544921875
954.0,1011.21967,-57.21966552734375
1304.0,1427.5875,-123.5875244140625
3457.0,4900.34,-1443.33984375
1106.0,1128.4335,-22.4334716796875
2107.0,2119.129,-12.12890625
2809.0,2959.7275,-150.7275390625
810.0,854.48694,-44.4869384765625
2614.0,2339.957,274.04296875
645.0,717.8423,-72.84228515625
17803.0,15598.974,2204.0263671875
3337.0,3979.1997,-642.19970703125
628.0,724.35443,-96.35443115234375
3136.0,3397.522,-261.52197265625
1219.0,1141.0936,77.9063720703125
4900.0,4867.59,32.41015625
6837.0,5579.6997,1257.30029296875
1385.0,1451.041,-66.041015625
6030.0,6077.6665,-47.66650390625
14352.0,12828.766,1523.234375
431.0,488.2511,-57.2510986328125
1340.0,1562.5757,-222.57568359375
3675.0,3705.5308,-30.53076171875
1197.0,1226.4414,-29.44140625
11025.0,12209.742,-1184.7421875
1949.0,1727.7675,221.2325439453125
947.0,924.97284,22.02716064453125
3804.0,3466.0757,337.92431640625
4211.0,4257.5244,-46.5244140625
3931.0,3804.761,126.239013671875
4167.0,4994.494,-827.494140625
3577.0,3559.6084,17.3916015625
945.0,915.0319,29.96807861328125
2396.0,2669.3252,-273.3251953125
9123.0,9628.333,-505.3330078125
11934.0,11251.454,682.5458984375
706.0,800.04254,-94.04254150390625
756.0,665.3899,90.610107421875
2845.0,5110.0967,-2265.0966796875
995.0,823.34186,171.65814208984375
1243.0,1196.9111,46.0888671875
2911.0,2969.6604,-58.660400390625
4299.0,5280.2065,-981.20654296875
473.0,510.29224,-37.292236328125
663.0,656.55865,6.44134521484375
6212.0,6481.4053,-269.4052734375
719.0,822.75323,-103.75323486328125
6164.0,5510.3867,653.61328125
5854.0,4875.736,978.26416015625
10767.0,11588.976,-821.9755859375
851.0,750.5574,100.442626953125
3828.0,4296.7446,-468.74462890625
672.0,640.6458,31.35418701171875
524.0,634.1434,-110.14337158203125
1069.0,1120.6685,-51.66845703125
2070.0,1938.8971,131.1029052734375
5018.0,4838.952,179.0478515625
605.0,695.47504,-90.47503662109375
8371.0,8080.0747,290.92529296875
5925.0,5554.4873,370.5126953125
928.0,803.3066,124.69342041015625
4916.0,6107.9736,-1191.9736328125
1020.0,828.217,191.78302001953125
748.0,726.6783,21.32171630859375
4139.0,4698.501,-559.5009765625
710.0,601.7058,108.294189453125
434.0,441.6784,-7.67840576171875
3299.0,2888.0396,410.96044921875
13323.0,12334.688,988.3115234375
11430.0,10390.387,1039.61328125
8752.0,8105.9023,646.09765625
594.0,518.5406,75.45941162109375
2762.0,3061.4336,-299.43359375
394.0,440.59073,-46.590728759765625
741.0,965.7874,-224.78741455078125
1266.0,1374.1465,-108.146484375
3528.0,3483.9734,44.026611328125
698.0,664.05475,33.94525146484375
12723.0,12098.702,624.2978515625
4629.0,4522.2866,106.71337890625
574.0,605.0008,-31.00079345703125
556.0,614.1038,-58.10382080078125
10087.0,9747.222,339.7783203125
2032.0,2220.357,-188.35693359375
1074.0,1152.2845,-78.2845458984375
854.0,738.3469,115.653076171875
664.0,708.08124,-44.08123779296875
2753.0,2581.353,171.64697265625
476.0,527.88477,-51.884765625
12702.0,10558.981,2143.0185546875
9287.0,8442.974,844.0263671875
3710.0,3296.9807,413.019287109375
844.0,728.24066,115.75933837890625
6025.0,7740.409,-1715.4091796875
1294.0,1297.636,-3.635986328125
587.0,689.2541,-102.25408935546875
2631.0,2770.0193,-139.019287109375
1232.0,1177.1033,54.896728515625
3926.0,3966.47,-40.469970703125
882.0,784.7618,97.23822021484375
2851.0,2883.4558,-32.455810546875
975.0,887.78723,87.2127685546875
3068.0,2920.215,147.784912109375
3472.0,3738.4512,-266.451171875
828.0,706.26215,121.73785400390625
4545.0,3982.872,562.1279296875
11589.0,10446.769,1142.2314453125
802.0,722.81964,79.18035888671875
1064.0,1060.6523,3.34765625
1815.0,1825.0059,-10.005859375
3671.0,4170.854,-499.85400390625
776.0,662.85516,113.14483642578125
671.0,739.9584,-68.9583740234375
857.0,782.0933,74.90667724609375
4466.0,4533.1094,-67.109375
1682.0,1484.9657,197.0343017578125
14652.0,12814.764,1837.236328125
1076.0,1025.4952,50.5047607421875
3717.0,3489.6946,227.305419921875
11360.0,11725.886,-365.8857421875
1397.0,1455.8778,-58.8778076171875
1350.0,1483.1705,-133.1705322265625
2146.0,2035.6372,110.36279296875
6126.0,6636.5996,-510.599609375
672.0,626.60425,45.395751953125
6831.0,6943.6704,-112.67041015625
1805.0,1798.91,6.0899658203125
8649.0,8912.129,-263.12890625
5351.0,5195.578,155.421875
1013.0,384.20197,628.7980346679688
7691.0,7844.7456,-153.74560546875
802.0,689.8715,112.12847900390625
6027.0,5886.854,140.14599609375
9494.0,11092.658,-1598.658203125
5197.0,4951.7397,245.26025390625
1815.0,1767.1326,47.867431640625
1882.0,1816.2086,65.7913818359375
4132.0,4338.887,-206.88720703125
4825.0,4269.143,555.85693359375
1883.0,2083.4187,-200.418701171875
2010.0,2026.7386,-16.7386474609375
537.0,612.4951,-75.4951171875
4234.0,4277.618,-43.6181640625
7839.0,7427.6704,411.32958984375
6339.0,6044.413,294.5869140625
7991.0,8258.311,-267.310546875
986.0,1034.0529,-48.0528564453125
3504.0,4535.601,-1031.60107421875
1063.0,1029.9414,33.05859375
3812.0,4145.935,-333.93505859375
506.0,495.584,10.415985107421875
1013.0,813.8965,199.103515625
1985.0,1735.1213,249.878662109375
3392.0,4663.0854,-1271.08544921875
3648.0,3635.3794,12.62060546875
544.0,514.295,29.70501708984375
5152.0,4996.2666,155.7333984375
961.0,932.31854,28.68145751953125
14586.0,12845.417,1740.5830078125
6913.0,6924.682,-11.68212890625
1230.0,1149.3539,80.6461181640625
3945.0,4067.5457,-122.545654296875
2104.0,2274.265,-170.264892578125
9909.0,9400.454,508.5458984375
15707.0,13875.65,1831.349609375
447.0,443.45465,3.54534912109375
3170.0,3335.5667,-165.566650390625
3162.0,3325.9802,-163.980224609375
11846.0,11929.145,-83.14453125
1656.0,1641.9854,14.0146484375
394.0,433.95892,-39.95892333984375
3314.0,3449.6519,-135.65185546875
828.0,710.90265,117.09735107421875
3715.0,3794.5435,-79.54345703125
1875.0,2322.608,-447.60791015625
9323.0,8325.32,997.6796875
3942.0,3576.078,365.922119140625
844.0,737.03235,106.9676513671875
4242.0,4626.9883,-384.98828125
436.0,525.7015,-89.70147705078125
10523.0,10110.965,412.03515625
1124.0,1171.0227,-47.022705078125
1161.0,1263.2976,-102.297607421875
2211.0,2264.3745,-53.37451171875
3612.0,4213.47,-601.47021484375
2838.0,2629.463,208.537109375
561.0,630.8393,-69.83929443359375
6216.0,5666.632,549.3681640625
16776.0,15008.732,1767.267578125
421.0,440.70657,-19.706573486328125
3997.0,4209.228,-212.22802734375
3099.0,3548.1292,-449.129150390625
3007.0,2592.443,414.556884765625
706.0,789.7318,-83.7318115234375
1915.0,1887.2793,27.720703125
958.0,1001.6008,-43.600830078125
787.0,719.1477,67.852294921875
842.0,917.26666,-75.26666259765625
1050.0,1033.158,16.842041015625
5292.0,4953.7427,338.25732421875
5763.0,5257.1797,505.8203125
6267.0,6355.1206,-88.12060546875
5572.0,5699.9434,-127.943359375
8069.0,7262.204,806.7958984375
5110.0,5078.9043,31.095703125
926.0,812.8224,113.1776123046875
651.0,643.2441,7.75592041015625
358.0,446.1855,-88.18548583984375
1698.0,1891.035,-193.0350341796875
1744.0,1883.5005,-139.50048828125
16904.0,16234.924,669.076171875
2050.0,2315.5156,-265.515625
675.0,606.8701,68.1298828125
1673.0,1652.3813,20.61865234375
3115.0,2774.8171,340.182861328125
1142.0,1186.5912,-44.5911865234375
15223.0,14577.278,645.7216796875
3384.0,3133.4622,250.537841796875
1338.0,1380.6133,-42.61328125
746.0,633.5258,112.47418212890625
1733.0,1730.9093,2.0906982421875
2629.0,2617.7961,11.203857421875
535.0,561.4652,-26.4652099609375
4959.0,4613.2954,345.70458984375
2559.0,2583.6924,-24.6923828125
1279.0,1187.6813,91.3187255859375
1314.0,1261.7588,52.2412109375
1101.0,1118.3112,-17.3111572265625
596.0,687.71674,-91.71673583984375
2489.0,2655.8037,-166.8037109375
1689.0,1749.5908,-60.5908203125
12257.0,12510.547,-253.546875
4536.0,4502.916,33.083984375
1193.0,1114.3047,78.6953125
1303.0,1564.9701,-261.9700927734375
2117.0,2510.5808,-393.580810546875
1598.0,1598.8612,-0.8612060546875
473.0,529.8935,-56.89349365234375
462.0,522.40094,-60.40093994140625
594.0,540.5888,53.41119384765625
17216.0,15188.313,2027.6865234375
7673.0,9359.033,-1686.033203125
1574.0,1487.0808,86.919189453125
814.0,862.7319,-48.73187255859375
710.0,802.3621,-92.36212158203125
7797.0,8253.011,-456.0107421875
12791.0,11483.241,1307.7587890625
544.0,645.04156,-101.04156494140625
1412.0,1352.7719,59.2281494140625
899.0,859.40515,39.5948486328125
741.0,893.62775,-152.62774658203125
4064.0,4624.1597,-560.15966796875
2613.0,2667.641,-54.64111328125
732.0,633.47864,98.5213623046875
746.0,859.4113,-113.41131591796875
3333.0,3691.362,-358.362060546875
574.0,540.6934,33.30657958984375
14561.0,15182.419,-621.4189453125
1080.0,857.68866,222.31134033203125
336.0,457.9847,-121.98471069335938
597.0,566.98846,30.01153564453125
2608.0,2652.0085,-44.008544921875
1436.0,1299.3091,136.69091796875
2554.0,2429.7026,124.29736328125
984.0,837.25336,146.74664306640625
470.0,511.01953,-41.01953125
1098.0,1189.4885,-91.488525390625
1893.0,1791.751,101.2490234375
2012.0,2417.5676,-405.567626953125
4172.0,4100.9575,71.04248046875
2453.0,2516.5725,-63.572509765625
447.0,522.65234,-75.65234375
5139.0,4705.552,433.4482421875
1289.0,1292.5071,-3.507080078125
2885.0,3025.6367,-140.63671875
8062.0,8026.4146,35.58544921875
4260.0,4237.8203,22.1796875
4257.0,4584.6274,-327.62744140625
2173.0,2342.2554,-169.25537109375
932.0,835.5328,96.46722412109375
2728.0,2503.9917,224.00830078125
12798.0,12162.973,635.02734375
447.0,444.94385,2.05615234375
1079.0,1066.5327,12.46728515625
737.0,813.16785,-76.1678466796875
551.0,553.7686,-2.76861572265625
596.0,650.56195,-54.56195068359375
1424.0,1641.2678,-217.267822265625
6806.0,6808.251,-2.2509765625
631.0,573.9696,57.0303955078125
9146.0,8750.585,395.4150390625
506.0,473.58005,32.419952392578125
8629.0,7865.9717,763.0283203125
9651.0,11566.384,-1915.3837890625
4140.0,4101.055,38.94482421875
7608.0,9283.466,-1675.4658203125
6944.0,6527.912,416.087890625
3254.0,3339.403,-85.403076171875
1799.0,2022.2263,-223.226318359375
4692.0,4491.9854,200.0146484375
6557.0,6214.0664,342.93359375
3362.0,3095.2373,266.7626953125
10304.0,9864.8125,439.1875
965.0,869.8288,95.17120361328125
886.0,922.35156,-36.3515625
1122.0,1150.0946,-28.0946044921875
1563.0,1584.8495,-21.8494873046875
796.0,844.1377,-48.1376953125
2025.0,1809.4149,215.5850830078125
1728.0,1676.7295,51.2705078125
5376.0,5166.4155,209.58447265625
9580.0,11407.57,-1827.5703125
4949.0,4816.209,132.791015625
953.0,789.2821,163.7178955078125
868.0,900.3555,-32.35552978515625
1026.0,1000.63556,25.36444091796875
698.0,600.22754,97.7724609375
1337.0,1238.3344,98.6656494140625
722.0,734.1936,-12.193603515625
506.0,446.4504,59.549591064453125
1160.0,1236.0411,-76.0411376953125
706.0,736.7523,-30.7523193359375
605.0,663.19904,-58.19903564453125
3601.0,3195.6343,405.36572265625
2473.0,2672.5115,-199.511474609375
802.0,672.0033,129.9967041015625
6682.0,6294.126,387.8740234375
1828.0,1920.9054,-92.9053955078125
3005.0,2863.2615,141.738525390625
5851.0,5496.2607,354.7392578125
625.0,606.72546,18.2745361328125
5228.0,5118.4927,109.50732421875
13198.0,12438.009,759.9912109375
9072.0,7811.49,1260.509765625
775.0,822.0536,-47.0535888671875
6532.0,6260.751,271.2490234375
18745.0,15432.072,3312.927734375
4785.0,5275.7163,-490.71630859375
9596.0,9014.7,581.2998046875
467.0,483.35886,-16.358856201171875
1280.0,1372.9875,-92.987548828125
1923.0,2063.5225,-140.5224609375
4312.0,4964.2153,-652.21533203125
1860.0,1830.2716,29.7283935546875
1654.0,1939.1349,-285.1348876953125
1286.0,1270.9093,15.0906982421875
773.0,887.3745,-114.37451171875
5030.0,4818.143,211.85693359375
13357.0,12924.274,432.7255859375
1142.0,1157.5759,-15.575927734375
3968.0,3985.2168,-17.216796875
4925.0,5094.586,-169.5859375
13278.0,15184.2295,-1906.2294921875
6047.0,6053.0845,-6.08447265625
12369.0,12076.763,292.2373046875
4406.0,5155.428,-749.42822265625
1254.0,1246.5927,7.4073486328125
10797.0,9695.411,1101.5888671875
5491.0,4736.3535,754.646484375
5616.0,5939.1484,-323.1484375
762.0,856.8742,-94.87420654296875
3367.0,3778.8303,-411.830322265625
861.0,923.87756,-62.8775634765625
3763.0,4360.8706,-597.87060546875
5285.0,4911.1353,373.86474609375
12196.0,12979.9,-783.900390625
8745.0,9058.329,-313.3291015625
802.0,686.82635,115.17364501953125
645.0,704.0647,-59.064697265625
8216.0,8082.194,133.80615234375
4208.0,4341.3384,-133.33837890625
2293.0,2296.8318,-3.831787109375
4972.0,5761.7393,-789.7392578125
574.0,499.07492,74.92507934570312
1974.0,1890.851,83.1490478515625
6770.0,6416.211,353.7890625
9043.0,8613.039,429.9609375
1654.0,1634.0215,19.978515625
335.0,346.76227,-11.76226806640625
6327.0,6095.885,231.115234375
6509.0,6099.6133,409.38671875
7463.0,7321.195,141.80517578125
1628.0,1729.7239,-101.723876953125
2882.0,2577.4883,304.51171875
3962.0,3950.7761,11.223876953125
367.0,465.99493,-98.99493408203125
5588.0,5010.279,577.72119140625
587.0,583.7918,3.20819091796875
15464.0,13330.218,2133.7822265625
4730.0,4598.88,131.1201171875
3011.0,2690.1455,320.8544921875
3718.0,3206.5515,511.448486328125
4301.0,5120.2407,-819.24072265625
9965.0,9801.675,163.3251953125
1641.0,1746.325,-105.324951171875
5411.0,5072.1216,338.87841796875
6327.0,5357.877,969.123046875
900.0,966.21716,-66.2171630859375
684.0,726.30707,-42.30706787109375
1924.0,2165.9978,-241.997802734375
1415.0,1492.1117,-77.1116943359375
2256.0,2458.0173,-202.017333984375
2992.0,3363.1567,-371.15673828125
2212.0,2595.5093,-383.50927734375
6873.0,6888.7856,-15.78564453125
4573.0,4925.5522,-352.55224609375
2583.0,2445.1213,137.878662109375
7978.0,9555.047,-1577.046875
898.0,791.5932,106.40679931640625
4823.0,4324.4546,498.54541015625
15729.0,14769.435,959.5654296875
847.0,912.8017,-65.80169677734375
2203.0,1927.035,275.9649658203125
516.0,584.5753,-68.5753173828125
2994.0,2719.969,274.031005859375
568.0,593.6726,-25.672607421875
802.0,701.90216,100.09783935546875
4672.0,4703.5684,-31.568359375
1042.0,981.6997,60.30029296875
1003.0,1115.1559,-112.1558837890625
8099.0,7194.124,904.8759765625
5387.0,5817.1934,-430.193359375
890.0,885.4758,4.524169921875
4235.0,4777.8413,-542.84130859375
485.0,533.77216,-48.77215576171875
7207.0,7299.6284,-92.62841796875
1235.0,981.1526,253.847412109375
14745.0,13740.285,1004.71484375
844.0,733.7072,110.29278564453125
2309.0,2506.383,-197.383056640625
710.0,723.35895,-13.35894775390625
2150.0,2135.1736,14.826416015625
4600.0,4605.7456,-5.74560546875
645.0,646.50244,-1.50244140625
1619.0,1519.5016,99.4984130859375
936.0,756.78064,179.2193603515625
738.0,793.4829,-55.48291015625
11602.0,14972.961,-3370.9609375
3766.0,3472.0723,293.927734375
4862.0,5352.922,-490.921875
1939.0,2059.6865,-120.6865234375
844.0,749.4197,94.580322265625
10435.0,10227.4,207.599609375
4775.0,5029.307,-254.30712890625
1264.0,1222.5846,41.4154052734375
530.0,504.97543,25.024566650390625
1761.0,1748.8463,12.1536865234375
1141.0,1152.7108,-11.7108154296875
487.0,515.4782,-28.47821044921875
4798.0,4816.512,-18.51220703125
583.0,578.2128,4.78717041015625
1932.0,1863.0167,68.9832763671875
5746.0,5643.5127,102.4873046875
4638.0,3924.8125,713.1875
1318.0,1225.1252,92.874755859375
1282.0,1216.5636,65.4364013671875
4077.0,4328.4326,-251.4326171875
2378.0,2395.3147,-17.314697265625
11480.0,11868.532,-388.5322265625
3553.0,3130.1816,422.818359375
4956.0,5008.1904,-52.1904296875
648.0,566.3491,81.65087890625
5602.0,5388.3354,213.66455078125
15993.0,14781.271,1211.728515625
4129.0,3906.6628,222.337158203125
2716.0,3028.4204,-312.42041015625
4456.0,4419.0596,36.9404296875
2020.0,2047.8577,-27.857666015625
8275.0,7122.4956,1152.50439453125
540.0,491.7809,48.219085693359375
4924.0,4643.3164,280.68359375
921.0,863.9391,57.0609130859375
733.0,818.89246,-85.8924560546875
3024.0,3186.0762,-162.076171875
1548.0,1625.322,-77.322021484375
18071.0,15054.953,3016.046875
630.0,645.3515,-15.35150146484375
871.0,865.9326,5.0673828125
1238.0,1266.7477,-28.7476806640625
2541.0,3003.0342,-462.0341796875
1151.0,1134.0521,16.9478759765625
5233.0,5226.854,6.14599609375
10080.0,9532.927,547.0732421875
540.0,496.19604,43.803955078125
1637.0,1807.9661,-170.966064453125
3705.0,3456.6816,248.318359375
1781.0,1708.9047,72.0953369140625
16507.0,15187.618,1319.3818359375
6532.0,6641.197,-109.19677734375
833.0,908.0073,-75.00732421875
598.0,664.5182,-66.5181884765625
774.0,937.064,-163.06402587890625
2387.0,2028.8815,358.1185302734375
1114.0,968.06604,145.9339599609375
3548.0,3632.7969,-84.796875
608.0,481.36377,126.63623046875
3212.0,3191.3267,20.67333984375
3303.0,3377.6025,-74.6025390625
736.0,781.564,-45.56402587890625
1906.0,1895.4355,10.564453125
1077.0,876.0815,200.91851806640625
827.0,893.70026,-66.70025634765625
2536.0,2579.851,-43.85107421875
842.0,792.89856,49.1014404296875
999.0,1008.04297,-9.04296875
426.0,562.1031,-136.10308837890625
6666.0,6624.185,41.81494140625
485.0,531.24603,-46.24603271484375
3597.0,3448.1582,148.841796875
569.0,642.98395,-73.98394775390625
18575.0,15670.743,2904.2568359375
625.0,698.9088,-73.9088134765625
5935.0,6001.682,-66.68212890625
4885.0,4568.453,316.546875
6891.0,6869.777,21.22314453125
6209.0,6357.3096,-148.3095703125
840.0,721.1091,118.89093017578125
8852.0,9090.022,-238.0224609375
5020.0,4423.374,596.6259765625
1904.0,1808.374,95.6259765625
4436.0,4525.579,-89.5791015625
968.0,1022.0717,-54.07171630859375
625.0,680.4308,-55.4307861328125
6441.0,6438.5938,2.40625
6108.0,5904.8276,203.17236328125
2230.0,2425.5117,-195.51171875
4183.0,4395.488,-212.48779296875
4929.0,4961.522,-32.52197265625
4668.0,4574.6367,93.36328125
639.0,712.2615,-73.261474609375
419.0,442.28442,-23.284423828125
9139.0,9563.608,-424.6083984375
1163.0,1087.3481,75.65185546875
4764.0,4995.614,-231.61376953125
8032.0,7613.1104,418.8896484375
787.0,877.29266,-90.29266357421875
1716.0,1832.0486,-116.048583984375
829.0,891.67865,-62.67864990234375
1754.0,1809.5358,-55.5357666015625
3224.0,4526.3735,-1302.37353515625
3179.0,3300.3572,-121.357177734375
8521.0,8467.708,53.2919921875
1190.0,1194.3395,-4.3394775390625
9788.0,8955.415,832.5849609375
978.0,1092.4105,-114.4105224609375
5291.0,5401.839,-110.8388671875
5490.0,6103.0,-613.0
837.0,882.71014,-45.71014404296875
12030.0,11857.637,172.36328125
1549.0,1409.5907,139.4093017578125
2635.0,2573.1,61.89990234375
816.0,807.5225,8.47747802734375
3160.0,3149.7478,10.252197265625
912.0,833.94073,78.05926513671875
2353.0,2528.3271,-175.3271484375
3954.0,3863.591,90.408935546875
448.0,503.23358,-55.23358154296875
7881.0,9067.128,-1186.1279296875
3405.0,3628.0696,-223.069580078125
4197.0,4128.346,68.65380859375
2276.0,2418.788,-142.7880859375
698.0,640.5017,57.498291015625
1024.0,1021.5401,2.45989990234375
2190.0,2550.5789,-360.578857421875
565.0,640.6608,-75.66082763671875
6666.0,6311.3013,354.69873046875
2359.0,2586.7212,-227.72119140625
2354.0,2102.2869,251.713134765625
1637.0,1562.6241,74.3758544921875
4044.0,4526.5635,-482.5634765625
741.0,973.56055,-232.560546875
9203.0,8991.799,211.201171875
5717.0,5575.7256,141.2744140625
835.0,931.28394,-96.283935546875
3975.0,4164.1675,-189.16748046875
1330.0,1254.1248,75.875244140625
2694.0,2661.9602,32.039794921875
744.0,832.4443,-88.44427490234375
798.0,846.6897,-48.689697265625
10990.0,9732.879,1257.12109375
921.0,1000.6036,-79.60357666015625
666.0,728.07587,-62.07586669921875
6169.0,6006.5215,162.478515625
4660.0,4549.979,110.02099609375
704.0,802.33185,-98.33184814453125
4842.0,4417.7783,424.2216796875
4284.0,3982.0667,301.933349609375
1284.0,1318.3363,-34.3363037109375
3527.0,3854.9873,-327.9873046875
827.0,738.9849,88.01507568359375
3303.0,3486.9126,-183.91259765625
878.0,797.7106,80.2894287109375
6533.0,6317.4263,215.57373046875
7597.0,6860.4067,736.59326171875
15937.0,14633.149,1303.8505859375
8081.0,7992.3813,88.61865234375
575.0,592.4902,-17.49017333984375
2528.0,2464.409,63.591064453125
776.0,672.0245,103.97552490234375
4327.0,4098.31,228.68994140625
6822.0,6735.342,86.658203125
1698.0,1728.239,-30.239013671875
658.0,751.8314,-93.8314208984375
703.0,678.3894,24.610595703125
1682.0,1517.2086,164.7913818359375
1707.0,1938.9185,-231.91845703125
910.0,984.9364,-74.9364013671875
4303.0,4531.67,-228.669921875
584.0,652.4992,-68.49920654296875
928.0,775.937,152.06298828125
5091.0,5426.1567,-335.15673828125
2021.0,1699.2319,321.76806640625
12308.0,12036.677,271.3232421875
1226.0,1264.9095,-38.9095458984375
1909.0,1731.1505,177.8494873046875
851.0,747.1891,103.8109130859375
710.0,782.39325,-72.39324951171875
561.0,632.12286,-71.12286376953125
2919.0,2759.2622,159.73779296875
1292.0,1380.8352,-88.835205078125
12554.0,11322.427,1231.5732421875
3553.0,4098.435,-545.43505859375
776.0,691.58636,84.41363525390625
4928.0,4429.653,498.34716796875
4712.0,4300.5747,411.42529296875
8058.0,8133.845,-75.84521484375
5557.0,5463.597,93.40283203125
916.0,1087.3933,-171.393310546875
3630.0,3523.0361,106.9638671875
814.0,838.71436,-24.71435546875
3254.0,3097.302,156.697998046875
4914.0,4695.3423,218.65771484375
5161.0,5041.021,119.97900390625
3535.0,3810.8562,-275.856201171875
6488.0,6644.466,-156.4658203125
707.0,724.3136,-17.3135986328125
13849.0,14566.1875,-717.1875
698.0,603.2009,94.799072265625
447.0,451.40002,-4.4000244140625
625.0,719.3404,-94.34039306640625
2898.0,3028.123,-130.123046875
1238.0,1359.992,-121.991943359375
1071.0,1159.0204,-88.0203857421875
3877.0,3641.172,235.827880859375
837.0,841.3869,-4.38690185546875
11990.0,11540.104,449.896484375
719.0,830.9109,-111.910888671875
719.0,725.80334,-6.8033447265625
3307.0,2978.9988,328.001220703125
2300.0,1982.2914,317.7086181640625
8770.0,8467.32,302.6796875
2939.0,3144.473,-205.472900390625
10725.0,9199.098,1525.90234375
5299.0,5090.569,208.43115234375
2551.0,2604.5134,-53.513427734375
3300.0,3174.7502,125.249755859375
1683.0,1812.387,-129.386962890625
548.0,567.27234,-19.2723388671875
5572.0,5531.1875,40.8125
2320.0,2345.3726,-25.37255859375
1795.0,1809.805,-14.8050537109375
3427.0,4031.0938,-604.09375
3348.0,3080.4585,267.54150390625
15412.0,14547.001,864.9990234375
848.0,899.3349,-51.33489990234375
7006.0,8436.808,-1430.8076171875
388.0,458.2312,-70.231201171875
14372.0,12846.115,1525.884765625
15461.0,14204.51,1256.490234375
6156.0,5748.488,407.51220703125
776.0,697.13025,78.8697509765625
6560.0,6548.442,11.55810546875
384.0,417.5014,-33.50140380859375
9229.0,12700.596,-3471.595703125
1435.0,1041.1696,393.8304443359375
9561.0,8790.588,770.412109375
8662.0,8805.146,-143.146484375
1754.0,1838.0037,-84.003662109375
16954.0,15197.892,1756.1083984375
4304.0,4579.6226,-275.62255859375
1087.0,944.7595,142.240478515625
6140.0,5902.4175,237.58251953125
1998.0,2024.711,-26.7110595703125
544.0,593.5657,-49.565673828125
2327.0,2353.7114,-26.71142578125
1872.0,1844.9197,27.080322265625
1710.0,1663.9146,46.08544921875
1208.0,987.34595,220.654052734375
6762.0,6964.83,-202.830078125
492.0,499.9876,-7.98760986328125
1882.0,1842.8857,39.1142578125
4578.0,4562.182,15.81787109375
3545.0,3528.8044,16.195556640625
2947.0,3076.8342,-129.834228515625
3154.0,3144.911,9.089111328125
925.0,903.8954,21.1046142578125
5249.0,5745.402,-496.40185546875
935.0,972.93616,-37.9361572265625
4199.0,4871.422,-672.421875
6397.0,7084.5938,-687.59375
6503.0,6245.47,257.52978515625
2616.0,2495.3718,120.628173828125
1105.0,1285.4696,-180.4696044921875
1946.0,2355.0413,-409.041259765625
627.0,517.188,109.81201171875
928.0,795.46063,132.53936767578125
599.0,748.5918,-149.591796875
4903.0,5114.4272,-211.42724609375
689.0,625.0628,63.93719482421875
10739.0,9868.746,870.25390625
544.0,596.613,-52.61297607421875
3465.0,3251.7327,213.267333984375
2484.0,2396.6062,87.393798828125
1061.0,869.6345,191.365478515625
1853.0,1701.9768,151.023193359375
3704.0,3412.965,291.034912109375
1400.0,1394.7032,5.2967529296875
5717.0,5110.969,606.03076171875
2239.0,2202.9187,36.081298828125
513.0,534.2418,-21.2418212890625
2081.0,1988.0715,92.928466796875
561.0,564.64166,-3.64166259765625
3449.0,4130.3784,-681.37841796875
1726.0,1820.3666,-94.3665771484375
802.0,729.1631,72.8369140625
4004.0,4272.2515,-268.25146484375
7508.0,6922.767,585.23291015625
4140.0,3872.657,267.343017578125
6929.0,7909.4937,-980.49365234375
992.0,910.35657,81.6434326171875
4211.0,4365.986,-154.98583984375
5950.0,5263.5723,686.427734375
5815.0,5656.4795,158.5205078125
4434.0,4554.4385,-120.4384765625
6720.0,6507.3228,212.67724609375
613.0,635.09717,-22.09716796875
2049.0,1920.5809,128.4190673828125
1123.0,1102.8479,20.152099609375
8774.0,8355.533,418.466796875
3985.0,4247.452,-262.4521484375
1769.0,1628.6274,140.37255859375
3564.0,3522.9016,41.098388671875
1754.0,1510.1904,243.8095703125
12985.0,11605.667,1379.3330078125
7455.0,6896.629,558.37109375
765.0,657.4369,107.5631103515625
11716.0,11421.288,294.7119140625
386.0,417.40164,-31.401641845703125
844.0,753.9696,90.0303955078125
787.0,788.4023,-1.40228271484375
1080.0,1045.0145,34.9854736328125
14428.0,12049.024,2378.9755859375
3265.0,3569.0505,-304.050537109375
9176.0,8954.441,221.55859375
4260.0,4497.1987,-237.19873046875
956.0,808.3588,147.64117431640625
1337.0,1388.2454,-51.245361328125
15110.0,13809.244,1300.755859375
477.0,472.88107,4.118927001953125
8538.0,8171.4727,366.52734375
935.0,760.72876,174.271240234375
4381.0,4708.776,-327.77587890625
2404.0,2480.3496,-76.349609375
1838.0,1819.6892,18.310791015625
1830.0,1879.6746,-49.674560546875
1033.0,880.07666,152.92333984375
6013.0,5912.9717,100.0283203125
686.0,672.9487,13.05126953125
4062.0,4526.8613,-464.861328125
8104.0,7544.144,559.85595703125
574.0,475.6404,98.35958862304688
2987.0,2998.9802,-11.980224609375
1883.0,1995.3624,-112.3624267578125
619.0,558.0797,60.9202880859375
1221.0,1174.3953,46.604736328125
2818.0,2958.7534,-140.75341796875
1760.0,1840.6643,-80.664306640625
10886.0,9590.856,1295.1435546875
7079.0,5627.795,1451.205078125
8037.0,10128.57,-2091.5703125
3322.0,3369.9907,-47.99072265625
841.0,943.78503,-102.7850341796875
2502.0,2336.5493,165.45068359375
1732.0,1499.0553,232.9447021484375
4827.0,5378.461,-551.4609375
988.0,1024.91,-36.9100341796875
3439.0,3221.6,217.39990234375
4154.0,4110.9453,43.0546875
5108.0,5648.818,-540.81787109375
7756.0,7695.05,60.9501953125
5489.0,5011.5977,477.40234375
907.0,962.53406,-55.5340576171875
2954.0,2855.0977,98.90234375
853.0,899.99115,-46.99114990234375
2882.0,2735.5598,146.440185546875
2052.0,1877.7852,174.21484375
11419.0,11078.205,340.794921875
4416.0,4594.1357,-178.1357421875
4764.0,5244.133,-480.1328125
1613.0,1560.7085,52.29150390625
1713.0,2034.0829,-321.0828857421875
843.0,898.276,-55.2760009765625
2126.0,2267.2712,-141.271240234375
14745.0,13741.059,1003.94140625
1205.0,1162.7252,42.2747802734375
1823.0,1998.3843,-175.38427734375
864.0,721.6799,142.32012939453125
6288.0,6232.676,55.32421875
4228.0,3812.1724,415.82763671875
772.0,771.2094,0.79058837890625
4821.0,3912.8018,908.1982421875
10424.0,10768.162,-344.162109375
3651.0,3521.5442,129.455810546875
12182.0,11826.148,355.8515625
907.0,789.10315,117.8968505859375
17405.0,15468.572,1936.427734375
1080.0,1079.4276,0.5723876953125
2289.0,2380.9285,-91.928466796875
842.0,927.1619,-85.16192626953125
814.0,859.3953,-45.39532470703125
6397.0,6055.8394,341.16064453125
16628.0,14745.761,1882.2392578125
1778.0,1922.1586,-144.1585693359375
4851.0,5066.9717,-215.9716796875
2105.0,1990.6938,114.30615234375
788.0,808.9607,-20.960693359375
16450.0,15485.06,964.9404296875
786.0,773.59656,12.4034423828125
1433.0,1600.1228,-167.122802734375
4044.0,4223.176,-179.17578125
708.0,780.49005,-72.49005126953125
919.0,761.98,157.02001953125
8517.0,8781.747,-264.7470703125
411.0,491.88242,-80.88241577148438
5094.0,5479.416,-385.416015625
734.0,642.5465,91.4534912109375
4119.0,3955.9917,163.00830078125
17760.0,17956.053,-196.052734375
3370.0,3208.0354,161.964599609375
664.0,716.8835,-52.88348388671875
8085.0,7759.7466,325.25341796875
1181.0,1134.4835,46.5164794921875
2598.0,2965.8398,-367.83984375
12754.0,10381.957,2372.04296875
1074.0,1153.5237,-79.523681640625
12248.0,10979.067,1268.9326171875
1074.0,1101.8125,-27.8125
1657.0,1970.8221,-313.8221435546875
12342.0,12103.653,238.3466796875
2921.0,2712.369,208.631103515625
463.0,508.39047,-45.390472412109375
933.0,915.18787,17.8121337890625
4543.0,4991.732,-448.73193359375
3187.0,3638.5298,-451.52978515625
3967.0,3919.1296,47.870361328125
2221.0,2211.8887,9.111328125
840.0,868.259,-28.25897216796875
6968.0,6064.6836,903.31640625
1651.0,1704.5831,-53.5831298828125
631.0,626.63086,4.369140625
4821.0,5081.206,-260.2060546875
8393.0,8355.836,37.1640625
673.0,685.30756,-12.30755615234375
687.0,763.31494,-76.31494140625
3941.0,3872.9414,68.05859375
11723.0,12152.397,-429.3974609375
1397.0,1648.0171,-251.01708984375
4113.0,4756.7505,-643.75048828125
5410.0,4925.2095,484.79052734375
6627.0,6792.3857,-165.3857421875
8794.0,7792.752,1001.248046875
5183.0,5063.778,119.22216796875
743.0,639.02136,103.9786376953125
545.0,608.6914,-63.69140625
1849.0,1832.7279,16.2720947265625
3437.0,3890.8567,-453.856689453125
4374.0,4864.54,-490.5400390625
894.0,899.1975,-5.197509765625
2107.0,2120.3352,-13.335205078125
648.0,548.96387,99.0361328125
772.0,859.415,-87.41497802734375
1422.0,1409.8994,12.1005859375
3014.0,3089.9417,-75.941650390625
738.0,869.2228,-131.2227783203125
15658.0,14960.971,697.029296875
1569.0,1608.4747,-39.4747314453125
3210.0,3340.1455,-130.1455078125
6888.0,8244.058,-1356.0576171875
5207.0,5630.5117,-423.51171875
1018.0,1031.363,-13.363037109375
3548.0,3512.1638,35.836181640625
970.0,842.75256,127.2474365234375
632.0,715.091,-83.09100341796875
621.0,743.8462,-122.84619140625
1929.0,1986.8076,-57.8076171875
13196.0,11992.949,1203.05078125
4200.0,4289.357,-89.35693359375
1106.0,1228.8492,-122.8492431640625
695.0,740.72833,-45.72833251953125
4140.0,3646.125,493.875
2694.0,2694.502,-0.501953125
4750.0,4735.8926,14.107421875
765.0,691.9864,73.01361083984375
16479.0,13862.0,2617.0
14156.0,12692.725,1463.275390625
743.0,812.9012,-69.90118408203125
1212.0,1168.6722,43.3277587890625
447.0,455.69632,-8.696319580078125
652.0,736.4519,-84.451904296875
954.0,888.29083,65.70916748046875
793.0,922.1878,-129.18780517578125
11322.0,14487.147,-3165.1474609375
6108.0,5931.228,176.77197265625
1378.0,1220.8529,157.1470947265625
3318.0,3483.681,-165.680908203125
3610.0,3673.8325,-63.83251953125
605.0,704.3569,-99.35687255859375
9810.0,9354.518,455.482421875
12117.0,12028.644,88.3564453125
1018.0,814.8611,203.138916015625
12451.0,12358.369,92.630859375
3304.0,3090.4722,213.52783203125
756.0,662.68805,93.31195068359375
9122.0,11676.068,-2554.068359375
8183.0,8004.824,178.17578125
2164.0,2307.6057,-143.605712890625
3998.0,4943.8203,-945.8203125
706.0,822.67505,-116.675048828125
2215.0,2211.2388,3.76123046875
3462.0,3332.0078,129.9921875
579.0,614.89655,-35.89654541015625
10416.0,13299.41,-2883.41015625
3206.0,3312.776,-106.77587890625
910.0,931.0204,-21.0203857421875
1662.0,1641.202,20.7979736328125
12092.0,11101.348,990.65234375
9376.0,8592.649,783.3505859375
2795.0,2946.107,-151.10693359375
4443.0,5369.8696,-926.86962890625
12084.0,12412.684,-328.68359375
878.0,796.84155,81.158447265625
607.0,752.8717,-145.8717041015625
1019.0,1029.7949,-10.794921875
1087.0,933.56146,153.43853759765625
450.0,462.04822,-12.0482177734375
8981.0,8380.259,600.7412109375
1723.0,1747.9705,-24.970458984375
1628.0,1799.3582,-171.358154296875
414.0,489.33292,-75.33291625976562
6218.0,6269.6133,-51.61328125
778.0,737.9624,40.03759765625
878.0,741.99207,136.0079345703125
462.0,477.0318,-15.03179931640625
2123.0,2186.4685,-63.468505859375
4630.0,4493.245,136.7548828125
2988.0,2901.7502,86.249755859375
1708.0,1831.8895,-123.8895263671875
707.0,750.10706,-43.1070556640625
3734.0,3769.6243,-35.624267578125
816.0,868.4679,-52.4678955078125
4435.0,4547.7007,-112.70068359375
938.0,907.444,30.5560302734375
2514.0,2582.942,-68.94189453125
949.0,862.1917,86.80828857421875
5430.0,5933.667,-503.6669921875
758.0,845.22363,-87.2236328125
4455.0,4944.886,-489.88623046875
9336.0,9307.883,28.1171875
12794.0,14382.367,-1588.3671875
2814.0,2808.2449,5.755126953125
4192.0,4269.1636,-77.16357421875
2207.0,2190.6616,16.33837890625
4368.0,4225.1904,142.8095703125
5252.0,4484.1294,767.87060546875
589.0,616.85266,-27.8526611328125
1218.0,878.6888,339.31121826171875
4190.0,4247.339,-57.3388671875
10483.0,10055.983,427.0166015625
516.0,609.02844,-93.0284423828125
964.0,891.1382,72.86181640625
5226.0,5226.7793,-0.779296875
1707.0,2020.9562,-313.9561767578125
429.0,429.08588,-0.08587646484375
3717.0,4152.6284,-435.62841796875
421.0,440.95053,-19.950531005859375
665.0,707.8192,-42.8192138671875
11067.0,10336.932,730.068359375
842.0,865.05835,-23.058349609375
6445.0,5862.9546,582.04541015625
8699.0,8543.445,155.5546875
4260.0,4672.681,-412.68115234375
6998.0,6716.917,281.0830078125
1974.0,2236.396,-262.39599609375
655.0,720.9659,-65.96588134765625
384.0,419.6028,-35.602813720703125
625.0,730.82367,-105.82366943359375
1956.0,1894.0516,61.9483642578125
6486.0,6511.3584,-25.3583984375
3991.0,4004.8506,-13.8505859375
1832.0,2027.7231,-195.72314453125
7473.0,7498.139,-25.13916015625
1200.0,1112.0865,87.9134521484375
1311.0,1390.1412,-79.1412353515625
4851.0,4735.631,115.369140625
3399.0,3627.3394,-228.33935546875
1013.0,1474.1437,-461.1436767578125
942.0,817.89655,124.10345458984375
956.0,850.9429,105.05712890625
10934.0,12705.575,-1771.5751953125
500.0,483.5871,16.41290283203125
5396.0,5183.485,212.51513671875
3183.0,3069.4346,113.5654296875
5729.0,5133.4688,595.53125
770.0,683.8913,86.10870361328125
2757.0,2700.279,56.720947265625
3422.0,3278.301,143.698974609375
1984.0,1878.0916,105.908447265625
1088.0,1178.8612,-90.8612060546875
3350.0,3362.313,-12.31298828125
4861.0,4777.2627,83.7373046875
8057.0,7839.7715,217.228515625
573.0,547.56555,25.4344482421875
945.0,847.20074,97.79925537109375
751.0,771.9049,-20.9049072265625
4515.0,5041.2183,-526.21826171875
713.0,809.0499,-96.0499267578125
828.0,711.64105,116.35894775390625
14674.0,13366.31,1307.6904296875
3248.0,2746.1643,501.835693359375
1238.0,1098.9551,139.044921875
8100.0,7671.819,428.18115234375
1087.0,940.0348,146.9652099609375
11177.0,10510.651,666.3486328125
5227.0,4523.1665,703.83349609375
2386.0,3051.1877,-665.187744140625
8895.0,9325.743,-430.7431640625
561.0,543.9092,17.0908203125
4698.0,4836.156,-138.15576171875
5172.0,4999.1367,172.86328125
687.0,755.7263,-68.726318359375
1284.0,1441.7004,-157.700439453125
1736.0,1901.8252,-165.8251953125
645.0,726.518,-81.51800537109375
1950.0,2052.5044,-102.50439453125
1356.0,1384.6913,-28.6912841796875
5773.0,5263.803,509.19677734375
1624.0,1691.006,-67.0059814453125
1951.0,1762.1307,188.8692626953125
710.0,801.95465,-91.95465087890625
9632.0,9226.548,405.4521484375
900.0,786.8575,113.14251708984375
752.0,790.25006,-38.25006103515625
504.0,551.3765,-47.37652587890625
1059.0,905.04474,153.95526123046875
2879.0,3337.3777,-458.377685546875
774.0,1117.1477,-343.147705078125
1231.0,1347.0677,-116.0677490234375
6451.0,5891.174,559.826171875
5054.0,4915.7754,138.224609375
516.0,484.86334,31.13665771484375
1242.0,1190.8005,51.199462890625
8640.0,10961.103,-2321.1025390625
5822.0,6057.815,-235.81494140625
14749.0,13961.219,787.78125
938.0,774.2354,163.76458740234375
6710.0,6421.7397,288.26025390625
1629.0,1658.27,-29.27001953125
14201.0,13931.185,269.8154296875
694.0,787.23627,-93.23626708984375
2087.0,1974.7233,112.2767333984375
4138.0,4275.13,-137.1298828125
1402.0,1352.8242,49.17578125
2863.0,2679.1003,183.899658203125
9216.0,8483.212,732.7880859375
459.0,472.3989,-13.398895263671875
3185.0,3538.0063,-353.00634765625
2791.0,2891.2678,-100.267822265625
18572.0,15771.516,2800.484375
700.0,686.6066,13.39337158203125
6097.0,6449.873,-352.873046875
6083.0,6446.398,-363.39794921875
978.0,1064.6846,-86.6845703125
1153.0,1052.824,100.176025390625
3699.0,3934.829,-235.8291015625
473.0,538.1482,-65.148193359375
6459.0,6926.241,-467.2412109375
1187.0,1172.8052,14.19482421875
11387.0,10774.326,612.673828125
681.0,684.4745,-3.4744873046875
13069.0,14822.226,-1753.2255859375
589.0,680.76105,-91.76104736328125
15920.0,14980.131,939.869140625
4641.0,4527.9756,113.0244140625
589.0,659.2777,-70.2777099609375
5016.0,4885.2744,130.7255859375
4816.0,4310.267,505.73291015625
1069.0,891.131,177.8690185546875
646.0,707.29285,-61.2928466796875
3921.0,4166.1343,-245.13427734375
552.0,575.38495,-23.38494873046875
4928.0,4506.8525,421.1474609375
542.0,712.60645,-170.6064453125
2367.0,2551.0352,-184.03515625
1013.0,856.5662,156.43377685546875
4516.0,4243.9653,272.03466796875
459.0,491.45816,-32.458160400390625
5028.0,5093.5557,-65.5556640625
2512.0,1904.9363,607.063720703125
11475.0,12031.375,-556.375
4065.0,4501.237,-436.23681640625
2360.0,2783.6902,-423.690185546875
1865.0,1329.4469,535.5531005859375
7001.0,7198.2075,-197.20751953125
421.0,437.20648,-16.20648193359375
584.0,701.48737,-117.48736572265625
776.0,644.1897,131.810302734375
4719.0,4662.8857,56.1142578125
4416.0,4470.053,-54.05322265625
854.0,851.3305,2.66949462890625
7209.0,7052.7573,156.24267578125
426.0,507.12872,-81.12872314453125
4233.0,4598.8843,-365.88427734375
700.0,710.54193,-10.54193115234375
3229.0,3327.329,-98.3291015625
1192.0,1134.1003,57.899658203125
593.0,539.8012,53.19879150390625
16397.0,15976.549,420.451171875
949.0,824.48883,124.51116943359375
1214.0,1049.1261,164.8739013671875
4042.0,3711.453,330.547119140625
4038.0,4202.8364,-164.83642578125
2657.0,2444.6958,212.30419921875
1125.0,1075.3124,49.6876220703125
5147.0,5410.9717,-263.9716796875
954.0,962.6131,-8.61309814453125
844.0,754.93,89.07000732421875
1754.0,1820.6636,-66.66357421875
913.0,926.2453,-13.24530029296875
1453.0,1331.7219,121.278076171875
2475.0,3257.0103,-782.01025390625
5131.0,5971.5264,-840.5263671875
5204.0,5138.9365,65.0634765625
544.0,523.5745,20.42547607421875
1279.0,1443.575,-164.574951171875
465.0,426.6613,38.338714599609375
1624.0,1684.0293,-60.029296875
4445.0,4403.4907,41.50927734375
720.0,628.4486,91.5513916015625
2333.0,2147.481,185.51904296875
7145.0,7919.9414,-774.94140625
7564.0,5664.7563,1899.24365234375
3841.0,4222.974,-381.97412109375
1436.0,1506.3552,-70.355224609375
1219.0,1450.7966,-231.796630859375
1422.0,1368.1661,53.8338623046875
3008.0,2657.4766,350.5234375
3769.0,3684.6392,84.36083984375
4470.0,4173.369,296.630859375
5986.0,6331.754,-345.75390625
2059.0,2368.4778,-309.477783203125
5547.0,5707.2173,-160.21728515625
878.0,693.87213,184.12786865234375
11793.0,13623.991,-1830.9912109375
3837.0,3830.53,6.469970703125
3091.0,3208.1548,-117.15478515625
765.0,647.881,117.1190185546875
1098.0,1171.5688,-73.56884765625
16287.0,14899.47,1387.5302734375
4057.0,4061.0867,-4.086669921875
1872.0,2138.0632,-266.063232421875
5411.0,5039.396,371.60400390625
15992.0,14412.315,1579.6845703125
10691.0,12111.506,-1420.505859375
776.0,696.62573,79.374267578125
749.0,932.31854,-183.31854248046875
698.0,614.3221,83.67791748046875
756.0,671.62854,84.3714599609375
645.0,704.0737,-59.07373046875
791.0,725.38586,65.6141357421875
1049.0,1109.5487,-60.5487060546875
394.0,414.01102,-20.011016845703125
6607.0,6035.518,571.48193359375
8291.0,8036.457,254.54296875
4956.0,4832.126,123.8740234375
16055.0,14604.707,1450.29296875
5096.0,4537.3447,558.6552734375
4372.0,4500.2324,-128.232421875
7526.0,7159.8486,366.1513671875
2550.0,2598.667,-48.6669921875
1758.0,1727.68,30.3199462890625
860.0,969.04663,-109.046630859375
6935.0,6149.103,785.89697265625
3543.0,3467.3357,75.664306640625
730.0,784.4864,-54.48638916015625
4412.0,5064.8403,-652.84033203125
4949.0,4790.2354,158.7646484375
9955.0,10421.601,-466.6005859375
912.0,876.80194,35.19805908203125
4309.0,3562.1492,746.850830078125
1855.0,1860.6539,-5.6539306640625
5489.0,5497.3936,-8.3935546875
5147.0,5099.6763,47.32373046875
2681.0,2683.934,-2.93408203125
6281.0,5720.952,560.0478515625
540.0,504.0821,35.91790771484375
1079.0,1069.0774,9.922607421875
1274.0,1416.5276,-142.527587890625
1654.0,1509.9634,144.03662109375
5937.0,6016.619,-79.619140625
5283.0,5716.005,-433.0048828125
522.0,570.49194,-48.491943359375
9752.0,7969.9097,1782.09033203125
4798.0,4385.7754,412.224609375
4143.0,4600.863,-457.86279296875
5290.0,5195.9893,94.0107421875
1207.0,1234.287,-27.2869873046875
1882.0,1974.9427,-92.9427490234375
1227.0,1197.2533,29.7467041015625
639.0,722.0049,-83.0048828125
3501.0,4291.547,-790.546875
7703.0,6746.8965,956.103515625
624.0,662.85516,-38.85516357421875
10821.0,10635.635,185.365234375
748.0,632.7233,115.27667236328125
5398.0,5242.8877,155.1123046875
961.0,1009.0847,-48.084716796875
5078.0,5166.5586,-88.55859375
3137.0,3252.0117,-115.01171875
4118.0,3947.4536,170.54638671875
4037.0,4273.8086,-236.80859375
12099.0,12895.536,-796.5361328125
15426.0,14483.763,942.2373046875
1783.0,2233.1892,-450.189208984375
3499.0,3085.3083,413.691650390625
1356.0,1546.622,-190.6219482421875
1308.0,1387.7792,-79.7791748046875
2241.0,2688.8728,-447.872802734375
9641.0,9610.379,30.62109375
1374.0,1266.5923,107.40771484375
5029.0,4853.1665,175.83349609375
812.0,694.15454,117.845458984375
1429.0,1693.4136,-264.41357421875
545.0,579.83716,-34.837158203125
773.0,850.1535,-77.15350341796875
802.0,683.78485,118.21514892578125
4704.0,5310.163,-606.1630859375
620.0,559.23737,60.76263427734375
648.0,691.74554,-43.74554443359375
628.0,549.20074,78.79925537109375
810.0,653.71844,156.28155517578125
3856.0,4378.9614,-522.96142578125
5051.0,5193.725,-142.72509765625
2325.0,2195.6606,129.33935546875
1114.0,975.966,138.03399658203125
2923.0,3400.9883,-477.98828125
2265.0,2381.9102,-116.91015625
14165.0,12625.812,1539.1884765625
2896.0,2895.911,0.089111328125
8588.0,8595.034,-7.0341796875
768.0,861.03217,-93.03216552734375
737.0,693.951,43.04901123046875
834.0,971.8686,-137.86859130859375
1966.0,1788.5942,177.40576171875
911.0,792.4179,118.58209228515625
1117.0,988.23944,128.76055908203125
6183.0,6279.9316,-96.931640625
654.0,708.98425,-54.9842529296875
3903.0,4041.0344,-138.034423828125
831.0,928.40814,-97.40814208984375
4676.0,4698.443,-22.44287109375
421.0,426.61337,-5.613372802734375
683.0,763.3011,-80.30108642578125
2092.0,2213.926,-121.926025390625
4830.0,5128.966,-298.9658203125
633.0,662.32263,-29.3226318359375
710.0,731.8566,-21.85662841796875
6922.0,6789.665,132.3349609375
1783.0,1873.37,-90.3699951171875
846.0,999.6259,-153.62591552734375
969.0,799.2385,169.761474609375
755.0,776.4618,-21.4617919921875
9126.0,9340.146,-214.146484375
689.0,635.33563,53.66436767578125
3078.0,3166.4114,-88.411376953125
710.0,755.5863,-45.5863037109375
631.0,553.1832,77.8167724609375
803.0,718.47156,84.5284423828125
848.0,773.8529,74.1470947265625
752.0,778.098,-26.0980224609375
5569.0,5703.5273,-134.52734375
491.0,418.55038,72.44961547851562
3965.0,3611.3433,353.65673828125
783.0,817.11865,-34.11865234375
12437.0,13738.778,-1301.7783203125
6854.0,6639.9614,214.03857421875
1838.0,1843.5576,-5.5576171875
567.0,687.19086,-120.19085693359375
4578.0,4537.981,40.01904296875
748.0,749.5303,-1.5302734375
1607.0,1536.0757,70.92431640625
664.0,713.5734,-49.57342529296875
608.0,531.25055,76.74945068359375
3175.0,3234.7932,-59.793212890625
5154.0,4752.374,401.6259765625
1221.0,1166.0895,54.9105224609375
6220.0,6542.0117,-322.01171875
7025.0,6777.8306,247.16943359375
816.0,862.4321,-46.43212890625
1430.0,1623.4674,-193.4674072265625
3276.0,3142.1428,133.857177734375
4899.0,5082.8975,-183.8974609375
4596.0,4957.8364,-361.83642578125
6271.0,6259.288,11.7119140625
507.0,542.7715,-35.771484375
1092.0,1015.40045,76.59954833984375
720.0,660.73267,59.267333984375
4931.0,4850.1353,80.86474609375
2835.0,3025.5847,-190.584716796875
6110.0,6002.896,107.10400390625
1395.0,1289.3788,105.6212158203125
3267.0,3440.2168,-173.216796875
2197.0,1868.2094,328.7906494140625
367.0,395.9926,-28.99261474609375
6113.0,6365.179,-252.17919921875
4241.0,4345.6885,-104.6884765625
1968.0,1935.3031,32.6968994140625
10728.0,13666.391,-2938.390625
2164.0,2104.5737,59.42626953125
2287.0,2344.4675,-57.467529296875
878.0,801.41455,76.58544921875
764.0,768.8593,-4.85931396484375
2077.0,1954.635,122.364990234375
1397.0,1224.8843,172.11572265625
1883.0,1895.9285,-12.928466796875
18358.0,15987.066,2370.93359375
5315.0,5493.2,-178.2001953125
5765.0,6154.519,-389.51904296875
3858.0,4145.184,-287.18408203125
3520.0,3585.8237,-65.82373046875
1097.0,1089.5841,7.4158935546875
16521.0,15316.09,1204.91015625
1969.0,2013.0973,-44.0972900390625
787.0,1054.7458,-267.745849609375
7528.0,7623.3486,-95.3486328125
6727.0,7638.8594,-911.859375
675.0,615.4848,59.51519775390625
14790.0,13506.916,1283.083984375
10796.0,12089.8545,-1293.8544921875
3634.0,4351.496,-717.49609375
540.0,563.3234,-23.32342529296875
4191.0,4376.56,-185.56005859375
2150.0,2454.4436,-304.443603515625
1076.0,1127.2665,-51.2664794921875
1589.0,2054.3179,-465.31787109375
16087.0,13567.391,2519.609375
13355.0,12639.837,715.1630859375
735.0,834.3752,-99.37518310546875
12182.0,11867.332,314.66796875
602.0,702.4635,-100.4635009765625
3303.0,3478.7527,-175.752685546875
2513.0,2851.7031,-338.703125
17045.0,15960.558,1084.4423828125
3461.0,3612.956,-151.9560546875
474.0,423.86932,50.13067626953125
1216.0,1215.7853,0.2147216796875
7727.0,7708.758,18.2421875
15323.0,14259.265,1063.7353515625
12141.0,10615.913,1525.0869140625
2101.0,2130.1414,-29.141357421875
7395.0,6874.8896,520.1103515625
3477.0,3679.9812,-202.981201171875
982.0,1053.9829,-71.98291015625
737.0,749.23474,-12.2347412109375
521.0,602.90656,-81.90655517578125
640.0,588.30927,51.69073486328125
1651.0,1768.9825,-117.9825439453125
1698.0,1735.1544,-37.1544189453125
2264.0,2340.4226,-76.422607421875
3312.0,3230.6885,81.3115234375
698.0,638.5653,59.4346923828125
9952.0,10109.653,-157.6533203125
1605.0,1446.0396,158.96044921875
1225.0,1373.94,-148.93994140625
1052.0,1012.3729,39.6270751953125
5123.0,5030.924,92.076171875
10020.0,10011.684,8.31640625
10967.0,13500.373,-2533.373046875
2695.0,2664.2292,30.770751953125
540.0,475.14178,64.85821533203125
872.0,770.3924,101.60760498046875
3530.0,4023.4988,-493.498779296875
4326.0,4614.5454,-288.54541015625
4365.0,4381.6523,-16.65234375
1033.0,852.3598,180.64019775390625
10574.0,10038.877,535.123046875
7701.0,7289.324,411.67578125
9060.0,8845.053,214.947265625
683.0,824.2645,-141.2645263671875
878.0,798.5577,79.44232177734375
1373.0,1342.7384,30.2615966796875
559.0,704.0647,-145.064697265625
3582.0,3528.9258,53.07421875
4268.0,4431.17,-163.169921875
1031.0,1059.831,-28.8310546875
462.0,411.1426,50.857391357421875
683.0,728.2935,-45.29351806640625
776.0,719.786,56.2139892578125
4812.0,5100.0024,-288.00244140625
866.0,812.1878,53.81219482421875
1781.0,1726.5692,54.4307861328125
4452.0,4094.1604,357.839599609375
4191.0,4462.8315,-271.83154296875
11104.0,9329.347,1774.6533203125
2389.0,2440.103,-51.10302734375
503.0,467.88486,35.115142822265625
4497.0,4442.2114,54.78857421875
1232.0,1419.1573,-187.1573486328125
1200.0,1099.252,100.748046875
1452.0,1459.5211,-7.5211181640625
7520.0,7347.253,172.7470703125
3537.0,3669.5454,-132.54541015625
3431.0,3134.5894,296.41064453125
7136.0,7317.6206,-181.62060546875
1141.0,1183.6772,-42.67724609375
10800.0,10761.058,38.9423828125
4986.0,5204.2183,-218.21826171875
3701.0,3894.5254,-193.525390625
821.0,902.73975,-81.73974609375
422.0,446.28912,-24.28912353515625
3304.0,4236.406,-932.40576171875
449.0,487.85187,-38.85186767578125
12655.0,11197.316,1457.68359375
4865.0,5126.9263,-261.92626953125
1274.0,1232.3812,41.6187744140625
850.0,820.1766,29.82342529296875
876.0,831.1751,44.82489013671875
464.0,494.19482,-30.19482421875
4036.0,3726.2852,309.71484375
556.0,602.02313,-46.02313232421875
1439.0,1412.6632,26.3367919921875
1197.0,1131.8536,65.1463623046875
3909.0,3539.225,369.77490234375
8069.0,8185.186,-116.18603515625
2821.0,2698.8406,122.159423828125
373.0,425.13153,-52.13153076171875
449.0,500.96466,-51.96466064453125
537.0,584.3715,-47.37152099609375
1949.0,1772.6052,176.394775390625
5567.0,5876.3296,-309.32958984375
2499.0,2461.8896,37.1103515625
3018.0,2939.8838,78.1162109375
5484.0,4510.865,973.134765625
6288.0,6398.9883,-110.98828125
14527.0,12989.039,1537.9609375
3872.0,3771.383,100.616943359375
442.0,450.80353,-8.80352783203125
1342.0,1384.3629,-42.3629150390625
985.0,1061.3557,-76.355712890625
1401.0,1589.9788,-188.978759765625
10392.0,10008.533,383.466796875
1010.0,756.41907,253.5809326171875
3768.0,3969.998,-201.998046875
605.0,661.05896,-56.0589599609375
526.0,515.9663,10.03369140625
7636.0,7283.514,352.48583984375
1950.0,1890.418,59.58203125
6854.0,6908.987,-54.98681640625
1221.0,1157.9451,63.054931640625
11463.0,10943.804,519.1962890625
3065.0,3110.1404,-45.140380859375
2772.0,2482.5596,289.4404296875
1033.0,847.38763,185.61236572265625
1048.0,1001.88385,46.11614990234375
3017.0,3120.0393,-103.039306640625
946.0,973.91003,-27.9100341796875
8253.0,8051.4023,201.59765625
3817.0,4062.9465,-245.946533203125
689.0,578.8039,110.19610595703125
828.0,678.86774,149.13226318359375
645.0,634.5175,10.48248291015625
2478.0,2425.16,52.840087890625
965.0,872.3851,92.61492919921875
596.0,670.04987,-74.04986572265625
11904.0,11443.805,460.1953125
2033.0,1927.1105,105.8895263671875
2832.0,2772.3325,59.66748046875
1321.0,1288.3209,32.6790771484375
10631.0,10399.607,231.392578125
6076.0,6231.267,-155.26708984375
7631.0,7731.2524,-100.25244140625
5713.0,5821.3784,-108.37841796875
10020.0,9863.6455,156.3544921875
7695.0,7959.388,-264.38818359375
9967.0,7865.574,2101.42578125
10959.0,10173.609,785.390625
3303.0,2881.4292,421.57080078125
1866.0,1989.5469,-123.546875
462.0,571.99,-109.989990234375
816.0,735.39496,80.60504150390625
1124.0,1255.4834,-131.4833984375
863.0,865.97064,-2.97064208984375
9146.0,9809.568,-663.568359375
5352.0,5211.386,140.61376953125
2584.0,2943.2878,-359.287841796875
5880.0,5847.6294,32.37060546875
3398.0,3664.7844,-266.784423828125
458.0,498.65256,-40.652557373046875
1940.0,2128.9333,-188.933349609375
5748.0,4903.122,844.8779296875
3185.0,2822.9404,362.0595703125
2489.0,2858.7253,-369.725341796875
681.0,645.88617,35.11383056640625
903.0,941.6021,-38.60211181640625
1909.0,2533.0305,-624.030517578125
1387.0,1244.9132,142.0867919921875
16512.0,16129.113,382.88671875
823.0,765.31366,57.68634033203125
702.0,782.2849,-80.284912109375
3750.0,3700.6243,49.375732421875
4405.0,4907.1084,-502.1083984375
702.0,772.021,-70.02099609375
756.0,632.81915,123.18084716796875
756.0,680.643,75.35699462890625
1257.0,1136.577,120.4229736328125
1912.0,1856.3252,55.6748046875
10739.0,9649.046,1089.9541015625
568.0,644.6766,-76.67657470703125
8408.0,8920.123,-512.123046875
7797.0,7884.758,-87.7578125
492.0,529.242,-37.24200439453125
11839.0,11828.122,10.8779296875
887.0,768.5085,118.49151611328125
2827.0,2637.8035,189.196533203125
1129.0,1091.9121,37.087890625
1170.0,1248.8839,-78.8839111328125
14790.0,14802.928,-12.927734375
844.0,716.0522,127.94781494140625
15805.0,14767.378,1037.6220703125
1851.0,1853.541,-2.541015625
3719.0,3564.7258,154.274169921875
2841.0,3180.8557,-339.855712890625
1417.0,1371.4921,45.5079345703125
18659.0,16200.926,2458.07421875
1971.0,2048.6873,-77.687255859375
1847.0,1789.6356,57.3643798828125
8820.0,8428.611,391.388671875
8767.0,8427.229,339.771484375
589.0,768.31696,-179.31695556640625
17447.0,14699.087,2747.9130859375
587.0,672.4662,-85.4661865234375
5192.0,5093.051,98.94921875
8162.0,8600.332,-438.33203125
855.0,740.81854,114.18145751953125
7226.0,7452.934,-226.93408203125
8109.0,8242.281,-133.28125
12617.0,14712.818,-2095.818359375
16975.0,15794.426,1180.57421875
12168.0,15509.995,-3341.9951171875
4087.0,4027.0967,59.9033203125
8637.0,8397.365,239.634765625
2655.0,3113.9287,-458.9287109375
2039.0,2031.9977,7.0023193359375
1052.0,890.58325,161.416748046875
6787.0,6546.587,240.4130859375
895.0,977.0604,-82.0604248046875
698.0,611.8782,86.121826171875
7131.0,6838.384,292.6162109375
505.0,567.161,-62.1610107421875
6838.0,6545.9688,292.03125
1664.0,1799.414,-135.4139404296875
722.0,825.41125,-103.4112548828125
6499.0,6683.429,-184.42919921875
4454.0,4592.655,-138.65478515625
9295.0,9466.242,-171.2421875
14787.0,13561.646,1225.353515625
16198.0,13490.978,2707.0224609375
4858.0,4937.015,-79.01513671875
17360.0,15831.647,1528.3525390625
956.0,866.8773,89.1226806640625
6250.0,6691.581,-441.5810546875
1059.0,1172.9764,-113.9764404296875
684.0,649.61475,34.38525390625
408.0,495.4344,-87.43438720703125
3886.0,4657.405,-771.40478515625
7182.0,6493.4404,688.5595703125
684.0,800.1132,-116.11322021484375
1295.0,1412.6726,-117.672607421875
1050.0,1027.9917,22.00830078125
17685.0,15907.065,1777.9345703125
1061.0,918.0709,142.9290771484375
2934.0,2484.954,449.0458984375
1604.0,1452.5457,151.454345703125
1406.0,1532.8636,-126.8636474609375
783.0,861.6025,-78.60247802734375
5646.0,6035.8174,-389.8173828125
2989.0,3076.0388,-87.038818359375
9667.0,9168.125,498.875
9416.0,9913.32,-497.3203125
450.0,572.2682,-122.2681884765625
648.0,581.44244,66.55755615234375
741.0,761.9975,-20.99749755859375
827.0,931.5111,-104.5111083984375
6833.0,5942.8315,890.16845703125
3997.0,4186.9946,-189.99462890625
4867.0,4879.5464,-12.54638671875
4676.0,4853.208,-177.2080078125
4044.0,4568.0522,-524.05224609375
9328.0,10043.273,-715.2734375
1417.0,1499.8853,-82.88525390625
16703.0,14639.794,2063.2060546875
1008.0,828.54205,179.45794677734375
939.0,954.7491,-15.74908447265625
15819.0,14303.396,1515.603515625
593.0,554.3874,38.61260986328125
486.0,556.60846,-70.60845947265625
6209.0,5949.218,259.7822265625
1941.0,1989.0173,-48.017333984375
698.0,645.9315,52.0684814453125
1279.0,1487.4506,-208.4505615234375
1040.0,859.054,180.94598388671875
3780.0,3681.6526,98.347412109375
1017.0,912.8993,104.1007080078125
4537.0,4792.6533,-255.6533203125
4707.0,4377.1616,329.83837890625
419.0,458.9474,-39.9473876953125
4793.0,5213.3306,-420.33056640625
18493.0,16199.505,2293.4951171875
491.0,584.28754,-93.28753662109375
6132.0,6276.195,-144.19482421875
1944.0,1856.5706,87.429443359375
775.0,873.8151,-98.81512451171875
1381.0,1661.728,-280.72802734375
17235.0,15057.423,2177.5771484375
1892.0,1918.8591,-26.859130859375
5531.0,5547.625,-16.625
6734.0,6602.9644,131.03564453125
2505.0,2534.5535,-29.553466796875
9494.0,8907.438,586.5615234375
1442.0,1573.3339,-131.3338623046875
1009.0,877.2336,131.76641845703125
1736.0,1631.8944,104.1055908203125
1059.0,1060.9982,-1.9981689453125
3618.0,3378.6465,239.353515625
1992.0,2140.431,-148.430908203125
3006.0,2985.41,20.590087890625
1652.0,1679.1344,-27.1343994140625
10976.0,12305.536,-1329.5361328125
15460.0,14530.833,929.1669921875
525.0,531.0735,-6.073486328125
878.0,767.29486,110.70513916015625
828.0,710.23016,117.76983642578125
8515.0,8894.976,-379.9755859375
4653.0,4896.9805,-243.98046875
847.0,932.66486,-85.66485595703125
3124.0,2908.1077,215.892333984375
1670.0,1937.4408,-267.4407958984375
8623.0,9899.148,-1276.1484375
698.0,667.28,30.719970703125
574.0,529.4618,44.5382080078125
1431.0,1291.3425,139.657470703125
2656.0,2541.6436,114.3564453125
1263.0,1184.2898,78.710205078125
911.0,790.46625,120.53375244140625
4516.0,3902.1562,613.84375
789.0,827.4633,-38.46331787109375
873.0,780.22253,92.7774658203125
2375.0,2333.3057,41.6943359375
7769.0,7998.0317,-229.03173828125
816.0,903.2721,-87.2720947265625
1358.0,1217.5178,140.482177734375
1046.0,934.95776,111.042236328125
1020.0,1065.6504,-45.650390625
4378.0,4272.4062,105.59375
2918.0,3056.0264,-138.0263671875
4020.0,3876.1682,143.831787109375
2774.0,2313.0183,460.981689453125
5555.0,5289.78,265.22021484375
1179.0,1298.7716,-119.7716064453125
14402.0,12264.105,2137.89453125
11743.0,11042.95,700.0498046875
9471.0,9189.828,281.171875
505.0,566.3491,-61.34912109375
1428.0,1358.9579,69.0421142578125
849.0,901.7789,-52.77886962890625
789.0,821.28394,-32.283935546875
10184.0,11619.788,-1435.7880859375
2271.0,2143.9565,127.04345703125
552.0,669.50165,-117.50164794921875
6753.0,6196.612,556.38818359375
1948.0,2004.7247,-56.7247314453125
14507.0,13098.515,1408.4853515625
2815.0,2706.5542,108.44580078125
2870.0,3130.4922,-260.4921875
3419.0,2887.9983,531.001708984375
2974.0,3382.6907,-408.690673828125
1122.0,867.76624,254.2337646484375
6261.0,8213.033,-1952.033203125
1056.0,1101.8546,-45.8546142578125
5265.0,5018.582,246.41796875
3918.0,3435.455,482.544921875
512.0,498.37387,13.626129150390625
4405.0,4652.3384,-247.33837890625
8820.0,8710.523,109.4765625
673.0,617.5144,55.485595703125
3105.0,3051.5168,53.483154296875
1289.0,1317.8066,-28.806640625
2745.0,2733.4426,11.557373046875
658.0,753.9696,-95.9696044921875
955.0,949.5116,5.4884033203125
18571.0,15433.029,3137.970703125
2693.0,2629.4128,63.587158203125
1436.0,1402.9253,33.07470703125
956.0,950.40625,5.59375
2844.0,2677.8813,166.11865234375
10091.0,9462.018,628.982421875
3633.0,3978.938,-345.93798828125
2442.0,2693.944,-251.944091796875
487.0,507.11612,-20.116119384765625
3754.0,3675.2488,78.751220703125
501.0,560.20044,-59.200439453125
2183.0,2320.1995,-137.199462890625
1069.0,1004.35254,64.6474609375
2708.0,2614.726,93.27392578125
755.0,740.1923,14.80767822265625
900.0,781.251,118.7490234375
941.0,855.03455,85.9654541015625
695.0,748.3445,-53.344482421875
628.0,502.38892,125.611083984375
525.0,515.6125,9.38751220703125
1295.0,1272.087,22.9129638671875
1187.0,1170.3143,16.6856689453125
1628.0,1816.1636,-188.16357421875
776.0,685.0896,90.910400390625
672.0,774.20953,-102.20953369140625
7661.0,7433.652,227.34814453125
3000.0,3073.4607,-73.460693359375
8280.0,7985.1577,294.84228515625
5791.0,4889.1577,901.84228515625
2337.0,2612.5842,-275.584228515625
3350.0,3282.0435,67.95654296875
1814.0,1789.2173,24.78271484375
608.0,574.6656,33.33441162109375
3425.0,3455.0432,-30.043212890625
612.0,571.56885,40.43115234375
12554.0,13540.219,-986.21875
7459.0,7411.74,47.259765625
3463.0,3061.267,401.73291015625
5373.0,5614.2944,-241.29443359375
666.0,647.1271,18.8729248046875
1192.0,1127.1675,64.83251953125
689.0,624.0287,64.9713134765625
2871.0,2467.0872,403.912841796875
9885.0,9602.591,282.4091796875
7119.0,6864.943,254.05712890625
447.0,548.4606,-101.4605712890625
1828.0,2110.9338,-282.933837890625
907.0,756.1749,150.8250732421875
3850.0,4036.6733,-186.67333984375
3897.0,4279.4385,-382.4384765625
625.0,693.6946,-68.694580078125
1235.0,1199.9486,35.0513916015625
5266.0,5164.4155,101.58447265625
765.0,684.067,80.9329833984375
3881.0,3876.4788,4.521240234375
1027.0,1013.5256,13.47442626953125
5107.0,5139.025,-32.02490234375
561.0,647.6598,-86.6597900390625
2818.0,2664.2292,153.770751953125
8067.0,7748.084,318.916015625
9225.0,9247.657,-22.6572265625
1136.0,1131.5376,4.46240234375
5500.0,5220.8896,279.1103515625
855.0,789.3605,65.6395263671875
12401.0,13610.652,-1209.65234375
10216.0,9754.309,461.69140625
950.0,874.78595,75.21405029296875
709.0,645.0434,63.95660400390625
1836.0,1747.095,88.905029296875
1020.0,1051.3438,-31.34375
2312.0,2465.8435,-153.843505859375
12992.0,12130.604,861.396484375
839.0,919.46564,-80.46563720703125
13596.0,12127.573,1468.4267578125
14283.0,13177.619,1105.380859375
608.0,608.5864,-0.58642578125
961.0,987.9437,-26.9437255859375
3802.0,4082.492,-280.491943359375
16807.0,14865.872,1941.1279296875
2732.0,3135.7886,-403.78857421875
17017.0,15925.8125,1091.1875
1250.0,1458.0309,-208.0308837890625
5592.0,6139.193,-547.19287109375
631.0,653.0513,-22.05126953125
837.0,885.7688,-48.768798828125
859.0,882.8817,-23.8817138671875
9433.0,10772.682,-1339.681640625
673.0,688.68164,-15.681640625
7055.0,6721.1655,333.83447265625
2777.0,2572.1968,204.80322265625
450.0,479.47427,-29.474273681640625
4504.0,4565.5083,-61.50830078125
4274.0,4438.713,-164.712890625
1557.0,1572.0432,-15.043212890625
3905.0,3948.6814,-43.681396484375
4980.0,4988.471,-8.47119140625
2975.0,3036.0457,-61.045654296875
4692.0,4848.5396,-156.53955078125
3311.0,3032.9568,278.043212890625
3428.0,3366.9028,61.09716796875
969.0,895.0144,73.985595703125
5698.0,5702.4287,-4.4287109375
8469.0,9899.148,-1430.1484375
3920.0,4080.0159,-160.015869140625
2847.0,2976.08,-129.080078125
854.0,755.79663,98.203369140625
5338.0,4133.5947,1204.4052734375
8319.0,8158.545,160.455078125
462.0,441.00027,20.999725341796875
15424.0,14419.3545,1004.6455078125
2692.0,2447.7507,244.249267578125
847.0,942.66345,-95.6634521484375
5330.0,6705.369,-1375.369140625
12545.0,11128.592,1416.408203125
776.0,695.47504,80.52496337890625
1237.0,1311.9249,-74.9249267578125
14107.0,13100.488,1006.51171875
10724.0,10311.753,412.2470703125
2663.0,2542.5771,120.4228515625
650.0,752.1402,-102.14019775390625
2507.0,2647.1804,-140.180419921875
3180.0,3305.4617,-125.461669921875
15281.0,15149.83,131.169921875
10476.0,9929.823,546.1767578125
730.0,855.1105,-125.1104736328125
4416.0,4038.2139,377.7861328125
3118.0,3615.1143,-497.1142578125
1002.0,862.53217,139.46783447265625
421.0,417.83777,3.1622314453125
2168.0,2262.7827,-94.78271484375
9009.0,8870.914,138.0859375
832.0,872.70996,-40.7099609375
1633.0,1454.4766,178.5234375
452.0,489.54245,-37.542449951171875
427.0,475.6536,-48.653594970703125
1356.0,1278.0276,77.972412109375
10147.0,9205.443,941.556640625
391.0,432.29126,-41.291259765625
2447.0,2683.3428,-236.3427734375
14065.0,14066.271,-1.271484375
6583.0,6153.0337,429.96630859375
3958.0,3958.5776,-0.57763671875
1746.0,1676.6095,69.3905029296875
1343.0,1419.0273,-76.02734375
844.0,769.2361,74.763916015625
613.0,591.0588,21.94122314453125
2088.0,2207.0295,-119.029541015625
646.0,744.94556,-98.945556640625
1378.0,1345.4437,32.5562744140625
10732.0,9703.44,1028.5595703125
4242.0,4008.5505,233.449462890625
4155.0,4201.53,-46.52978515625
1607.0,1746.2533,-139.2532958984375
1059.0,996.59827,62.4017333984375
638.0,656.96136,-18.96136474609375
2891.0,3130.1875,-239.1875
803.0,745.8033,57.19671630859375
6580.0,6499.352,80.64794921875
2056.0,1974.1147,81.88525390625
6867.0,7039.961,-172.9609375
6580.0,7311.3975,-731.3974609375
2821.0,2711.5435,109.45654296875
10497.0,9934.124,562.8759765625
11161.0,10459.49,701.509765625
4269.0,4571.4,-302.39990234375
3500.0,3586.077,-86.076904296875
680.0,623.2486,56.75140380859375
974.0,1005.4193,-31.4193115234375
1727.0,1826.2985,-99.2984619140625
4135.0,3996.5999,138.400146484375
943.0,1043.4556,-100.45556640625
4062.0,5798.2476,-1736.24755859375
5964.0,5627.4136,336.58642578125
2154.0,1966.6134,187.3865966796875
533.0,530.40765,2.59234619140625
435.0,491.23584,-56.23583984375
1002.0,869.3954,132.6046142578125
5073.0,4941.633,131.3671875
1124.0,952.9311,171.06890869140625
2393.0,2356.2212,36.77880859375
3679.0,3955.075,-276.074951171875
16872.0,15240.799,1631.201171875
10546.0,8982.164,1563.8359375
675.0,608.2072,66.79278564453125
6044.0,5374.6147,669.38525390625
1438.0,1404.4619,33.5380859375
911.0,802.3621,108.63787841796875
9694.0,9489.004,204.99609375
1389.0,1334.4485,54.551513671875
1627.0,1697.6622,-70.6622314453125
15649.0,14620.302,1028.6982421875
1622.0,1752.5951,-130.5950927734375
4416.0,4404.289,11.7109375
6187.0,6014.215,172.78515625
11651.0,11338.994,312.005859375
1873.0,2033.138,-160.137939453125
8074.0,7419.846,654.15380859375
2048.0,2082.1577,-34.15771484375
4536.0,4046.1338,489.8662109375
2698.0,2684.088,13.912109375
3123.0,3346.5945,-223.594482421875
1202.0,1323.212,-121.2120361328125
1172.0,1074.9677,97.0323486328125
4516.0,3719.6936,796.306396484375
1662.0,1721.2756,-59.275634765625
4969.0,5137.7505,-168.75048828125
1271.0,1656.1549,-385.1549072265625
645.0,708.54663,-63.546630859375
791.0,797.3176,-6.317626953125
12417.0,11307.848,1109.15234375
6973.0,6268.089,704.9111328125
6194.0,8279.526,-2085.5263671875
4612.0,4922.1987,-310.19873046875
668.0,588.5209,79.4791259765625
3714.0,3933.1443,-219.144287109375
605.0,659.6374,-54.63739013671875
4758.0,4559.115,198.884765625
5653.0,5393.519,259.48095703125
598.0,634.4069,-36.40692138671875
1665.0,1389.1692,275.830810546875
4662.0,4562.182,99.81787109375
7222.0,7487.455,-265.455078125
3672.0,3684.9624,-12.96240234375
5255.0,5082.5244,172.4755859375
834.0,744.95734,89.04266357421875
7472.0,6868.7285,603.271484375
2548.0,2763.0884,-215.08837890625
445.0,485.17435,-40.174346923828125
1000.0,944.49164,55.50836181640625
6741.0,6168.8945,572.10546875
5672.0,5434.8228,237.17724609375
1672.0,1918.3859,-246.3858642578125
600.0,549.5957,50.404296875
3895.0,4118.8623,-223.8623046875
2457.0,2522.9177,-65.917724609375
2941.0,2838.792,102.2080078125
583.0,641.4237,-58.4237060546875
1908.0,1880.9457,27.0543212890625
1016.0,871.3537,144.64630126953125
13109.0,15011.739,-1902.7392578125
13885.0,15117.514,-1232.513671875
2484.0,2887.1912,-403.191162109375
16431.0,13503.851,2927.1494140625
909.0,778.8522,130.1478271484375
645.0,720.6547,-75.65472412109375
1063.0,894.32764,168.67236328125
8927.0,8393.506,533.494140625
2250.0,1932.8016,317.1983642578125
1372.0,1433.7397,-61.73974609375
1192.0,1126.034,65.9659423828125
9909.0,9649.321,259.6787109375
752.0,826.2416,-74.2415771484375
3711.0,3833.6812,-122.68115234375
898.0,769.9945,128.0054931640625
998.0,994.0499,3.9500732421875
2930.0,2967.167,-37.1669921875
4602.0,4453.939,148.06103515625
895.0,903.45624,-8.45623779296875
3595.0,3778.8953,-183.895263671875
608.0,569.50195,38.498046875
2715.0,2825.6404,-110.640380859375
7877.0,6674.218,1202.7822265625
10333.0,12288.015,-1955.0146484375
4462.0,5357.6216,-895.62158203125
2144.0,2180.0288,-36.02880859375
3570.0,3783.162,-213.162109375
625.0,703.83405,-78.83404541015625
1957.0,1823.9065,133.093505859375
1621.0,1658.9253,-37.92529296875
1259.0,1278.737,-19.737060546875
4133.0,3692.1758,440.82421875
10455.0,10452.35,2.650390625
680.0,759.0206,-79.0206298828125
796.0,757.4632,38.53680419921875
497.0,521.6127,-24.6126708984375
3087.0,3014.1733,72.82666015625
571.0,639.2882,-68.2882080078125
1629.0,1665.0757,-36.07568359375
3036.0,3576.4497,-540.44970703125
734.0,822.8377,-88.83770751953125
10615.0,10825.138,-210.1376953125
1080.0,754.25226,325.74774169921875
668.0,681.3946,-13.39459228515625
4537.0,4664.9985,-127.99853515625
1402.0,1420.7544,-18.75439453125
7275.0,7195.112,79.88818359375
1345.0,1460.5299,-115.5299072265625
1173.0,1266.284,-93.2840576171875
1092.0,1177.3257,-85.32568359375
3752.0,4227.7383,-475.73828125
2822.0,2765.983,56.01708984375
1250.0,1221.7476,28.25244140625
12829.0,14982.16,-2153.16015625
530.0,497.5856,32.414398193359375
7996.0,7773.288,222.7119140625
8044.0,9915.874,-1871.8740234375
17149.0,15464.31,1684.6904296875
4991.0,5285.6187,-294.61865234375
3385.0,3406.9243,-21.92431640625
2730.0,2568.9412,161.058837890625
2822.0,2724.1643,97.835693359375
3749.0,3763.7244,-14.724365234375
998.0,966.68353,31.31646728515625
2376.0,2324.865,51.135009765625
8529.0,8265.481,263.5185546875
2791.0,2980.862,-189.862060546875
5740.0,4919.317,820.68310546875
14071.0,13266.839,804.1611328125
2970.0,3702.0613,-732.061279296875
749.0,754.7707,-5.77069091796875
1447.0,1295.1077,151.892333984375
959.0,880.39935,78.60064697265625
1410.0,1603.5844,-193.5843505859375
4158.0,4156.742,1.2578125
743.0,817.15027,-74.1502685546875
1406.0,1641.3759,-235.3758544921875
675.0,596.60187,78.39813232421875
2011.0,2282.2444,-271.244384765625
10164.0,9690.113,473.88671875
2691.0,2324.856,366.14404296875
2915.0,3012.5664,-97.56640625
2583.0,2829.2412,-246.2412109375
625.0,596.2882,28.7117919921875
505.0,535.455,-30.45501708984375
8840.0,8193.544,646.4560546875
447.0,451.76086,-4.7608642578125
559.0,647.6137,-88.61370849609375
3251.0,3230.4387,20.561279296875
2389.0,2413.1501,-24.150146484375
593.0,555.0976,37.90240478515625
15433.0,16345.668,-912.66796875
6695.0,6081.8013,613.19873046875
7539.0,7347.5264,191.4736328125
5531.0,4765.6245,765.37548828125
4503.0,4913.853,-410.85302734375
1107.0,938.83295,168.16705322265625
1013.0,823.87463,189.1253662109375
5018.0,4778.384,239.6162109375
3347.0,3584.849,-237.84912109375
1736.0,1165.4341,570.56591796875
745.0,817.42694,-72.42694091796875
6710.0,5981.5254,728.474609375
5373.0,4979.1157,393.88427734375
17127.0,15837.839,1289.1611328125
645.0,695.8175,-50.8175048828125
746.0,876.13,-130.1300048828125
17416.0,16097.793,1318.20703125
1679.0,1778.4733,-99.4732666015625
801.0,854.0392,-53.0391845703125
2184.0,2036.5435,147.45654296875
571.0,646.4012,-75.40118408203125
886.0,938.39746,-52.3974609375
609.0,683.05774,-74.0577392578125
6533.0,6507.2856,25.71435546875
10453.0,10103.562,349.4384765625
2052.0,2074.8904,-22.890380859375
9987.0,9116.956,870.0439453125
4869.0,5556.6284,-687.62841796875
551.0,499.04678,51.953216552734375
1153.0,1087.995,65.0050048828125
2327.0,2276.946,50.053955078125
7066.0,9302.202,-2236.2021484375
6743.0,5819.53,923.47021484375
4739.0,4271.396,467.60400390625
1789.0,1995.3624,-206.3624267578125
408.0,418.563,-10.56298828125
6078.0,8173.2656,-2095.265625
2567.0,2280.0417,286.958251953125
11028.0,10610.518,417.482421875
943.0,970.05273,-27.052734375
530.0,499.83856,30.16143798828125
5111.0,5711.9985,-600.99853515625
16319.0,13927.08,2391.919921875
932.0,836.6596,95.34039306640625
942.0,840.6634,101.33660888671875
844.0,889.1941,-45.194091796875
17548.0,14752.006,2795.994140625
1052.0,1045.4866,6.513427734375
795.0,704.90027,90.0997314453125
1445.0,1450.6707,-5.670654296875
1267.0,1321.4673,-54.46728515625
17358.0,15516.209,1841.791015625
4215.0,4856.6445,-641.64453125
1232.0,1255.3342,-23.334228515625
1935.0,1882.8015,52.198486328125
14194.0,15198.993,-1004.9931640625
1546.0,1527.5883,18.4117431640625
2553.0,2503.6443,49.355712890625
16650.0,15215.644,1434.3564453125
596.0,661.96533,-65.96533203125
1656.0,1726.5692,-70.5692138671875
698.0,647.35394,50.64605712890625
1551.0,1605.0471,-54.047119140625
1642.0,1698.9636,-56.963623046875
2462.0,2430.658,31.342041015625
14507.0,12737.716,1769.2841796875
3669.0,4060.0254,-391.025390625
2961.0,2840.756,120.243896484375
1317.0,1226.4917,90.50830078125
17891.0,16233.562,1657.4384765625
2177.0,2015.5767,161.42333984375
1040.0,912.9429,127.05712890625
2734.0,2625.0615,108.9384765625
1053.0,1051.6027,1.3973388671875
2379.0,2656.8733,-277.873291015625
5148.0,4871.343,276.6572265625
1668.0,1790.7622,-122.76220703125
608.0,533.48157,74.5184326171875
765.0,645.6718,119.32818603515625
8167.0,7263.243,903.7568359375
1890.0,1986.4645,-96.4644775390625
6675.0,6021.3384,653.66162109375
2184.0,2018.63,165.3699951171875
1026.0,661.1493,364.8507080078125
7969.0,7690.523,278.47705078125
13160.0,11932.422,1227.578125
666.0,683.1696,-17.16961669921875
4405.0,4537.431,-132.43115234375
3173.0,4027.5344,-854.534423828125
3838.0,4089.7808,-251.78076171875
756.0,680.76105,75.23895263671875
532.0,577.969,-45.968994140625
13043.0,13082.496,-39.49609375
675.0,581.79364,93.20635986328125
6444.0,5806.655,637.34521484375
1173.0,1167.9764,5.0235595703125
681.0,845.16797,-164.16796875
645.0,633.823,11.177001953125
2867.0,2913.435,-46.43505859375
854.0,847.17566,6.8243408203125
1625.0,1714.5848,-89.5848388671875
833.0,784.6306,48.369384765625
943.0,1020.20306,-77.20306396484375
8532.0,8698.851,-166.8505859375
680.0,759.4513,-79.4512939453125
1415.0,1262.6129,152.3870849609375
9188.0,8641.766,546.234375
3035.0,3061.3254,-26.325439453125
509.0,574.66974,-65.66973876953125
9609.0,9312.819,296.1806640625
2607.0,2710.1172,-103.1171875
16402.0,13992.505,2409.4951171875
4841.0,4580.855,260.14501953125
2409.0,2410.291,-1.291015625
512.0,557.66504,-45.6650390625
4004.0,4405.7134,-401.71337890625
1031.0,1075.625,-44.625
2651.0,2567.029,83.970947265625
836.0,685.92535,150.07464599609375
652.0,692.4356,-40.43560791015625
7177.0,7214.952,-37.9521484375
3328.0,3310.8108,17.189208984375
526.0,565.4549,-39.45489501953125
1610.0,1913.7194,-303.7193603515625
3084.0,3128.4084,-44.408447265625
4278.0,4409.9766,-131.9765625
756.0,672.6747,83.3253173828125
4209.0,4197.2837,11.71630859375
4965.0,5808.8706,-843.87060546875
720.0,844.2368,-124.23681640625
1641.0,1994.5991,-353.59912109375
9702.0,8815.608,886.3916015625
5208.0,7374.8667,-2166.86669921875
626.0,685.6057,-59.605712890625
1115.0,1050.2428,64.7572021484375
470.0,637.8445,-167.844482421875
745.0,818.74664,-73.74664306640625
16914.0,15583.034,1330.9658203125
862.0,851.96643,10.0335693359375
544.0,594.6051,-50.6051025390625
1080.0,861.30066,218.6993408203125
730.0,701.6247,28.37530517578125
885.0,795.8481,89.15191650390625
1733.0,1767.8148,-34.8148193359375
6221.0,6296.2515,-75.25146484375
561.0,607.12695,-46.126953125
775.0,876.0727,-101.07269287109375
1939.0,1823.0869,115.9130859375
7132.0,7081.716,50.2841796875
7589.0,7682.993,-93.9931640625
693.0,717.1122,-24.1121826171875
4844.0,4535.7915,308.20849609375
649.0,787.0371,-138.037109375
1279.0,1376.6036,-97.6036376953125
705.0,758.7351,-53.735107421875
1134.0,1136.1101,-2.110107421875
2214.0,2323.3105,-109.310546875
5301.0,4943.9805,357.01953125
684.0,581.25806,102.741943359375
1963.0,1830.7284,132.2716064453125
2113.0,1856.2473,256.752685546875
863.0,956.8624,-93.8624267578125
942.0,814.88367,127.1163330078125
794.0,870.7503,-76.75030517578125
407.0,462.41998,-55.41998291015625
6685.0,6080.2817,604.71826171875
2686.0,2621.4214,64.57861328125
1046.0,903.157,142.843017578125
10749.0,9660.63,1088.3701171875
2572.0,2487.7236,84.2763671875
502.0,504.15555,-2.155548095703125
4102.0,4608.585,-506.5849609375
805.0,867.2382,-62.23822021484375
558.0,517.21985,40.7801513671875
3770.0,3413.1018,356.898193359375
3030.0,3125.0676,-95.067626953125
1571.0,1751.1825,-180.1824951171875
5592.0,5633.4287,-41.4287109375
2218.0,2122.8088,95.191162109375
3665.0,4692.741,-1027.7412109375
2160.0,1959.7603,200.23974609375
1890.0,1895.9927,-5.99267578125
8629.0,7733.9297,895.0703125
1329.0,1348.4982,-19.4981689453125
1113.0,1206.0997,-93.0997314453125
707.0,767.437,-60.43701171875
7964.0,7562.342,401.658203125
5427.0,5349.951,77.048828125
15223.0,16634.234,-1411.234375
1221.0,1325.0521,-104.0521240234375
9110.0,9208.877,-98.876953125
6321.0,6327.473,-6.47314453125
977.0,827.30646,149.69354248046875
5277.0,5614.2944,-337.29443359375
3251.0,3183.4453,67.5546875
2686.0,3140.453,-454.452880859375
4173.0,4481.307,-308.30712890625
2088.0,2209.9006,-121.900634765625
2165.0,2311.4995,-146.49951171875
3484.0,2766.8591,717.140869140625
767.0,837.25336,-70.25335693359375
11263.0,10358.921,904.0791015625
816.0,822.3393,-6.33929443359375
744.0,713.9204,30.07958984375
982.0,1045.2705,-63.2705078125
566.0,778.8908,-212.89080810546875
850.0,859.8229,-9.8228759765625
5645.0,4961.0864,683.91357421875
2012.0,1942.4673,69.53271484375
421.0,480.50638,-59.506378173828125
1652.0,1727.1805,-75.1805419921875
4363.0,4371.17,-8.169921875
5055.0,4951.1255,103.87451171875
9710.0,7919.6016,1790.3984375
7413.0,7300.9863,112.013671875
3171.0,3322.7837,-151.78369140625
1247.0,1065.267,181.7330322265625
516.0,602.4276,-86.4276123046875
487.0,505.1791,-18.179107666015625
6073.0,6426.035,-353.03515625
3898.0,5095.7134,-1197.71337890625
621.0,811.90515,-190.9051513671875
2344.0,2640.262,-296.261962890625
3701.0,3315.501,385.4990234375
907.0,827.59686,79.40313720703125
5533.0,7050.713,-1517.712890625
746.0,687.286,58.7139892578125
2312.0,2400.935,-88.93505859375
4204.0,4021.8333,182.166748046875
756.0,655.7239,100.276123046875
13316.0,12218.876,1097.1240234375
408.0,413.0034,-5.003387451171875
1607.0,1598.062,8.93798828125
5421.0,5107.056,313.94384765625
2473.0,2596.6016,-123.6015625
13092.0,12427.194,664.8056640625
2125.0,2378.9985,-253.99853515625
4676.0,4667.331,8.6689453125
625.0,722.81964,-97.81964111328125
6094.0,6300.1685,-206.16845703125
10771.0,11112.216,-341.2158203125
2834.0,2760.4192,73.580810546875
1009.0,810.98895,198.01104736328125
1068.0,1143.2097,-75.209716796875
4899.0,4532.712,366.2880859375
4004.0,4239.8623,-235.8623046875
643.0,640.3959,2.6041259765625
3136.0,3026.2632,109.73681640625
9504.0,8752.848,751.15234375
732.0,659.7741,72.22589111328125
369.0,407.09866,-38.098663330078125
680.0,817.56195,-137.56195068359375
2096.0,2145.5425,-49.54248046875
4999.0,4856.4917,142.50830078125
1698.0,1617.3973,80.6026611328125
1157.0,1278.3203,-121.3203125
5239.0,5310.234,-71.23388671875
675.0,584.8753,90.12469482421875
3083.0,2941.4885,141.511474609375
921.0,978.53204,-57.53204345703125
9173.0,8870.914,302.0859375
13800.0,13749.619,50.380859375
2719.0,3014.1187,-295.11865234375
2496.0,2485.1462,10.853759765625
464.0,492.29858,-28.298583984375
1662.0,1737.9067,-75.90673828125
2817.0,3075.8452,-258.84521484375
1546.0,1508.7225,37.2774658203125
802.0,693.1575,108.842529296875
505.0,651.09564,-146.09564208984375
6108.0,5913.299,194.701171875
506.0,414.6073,91.3927001953125
906.0,822.67505,83.324951171875
3038.0,3038.842,-0.842041015625
5439.0,5455.2236,-16.2236328125
1372.0,1107.1973,264.802734375
5989.0,4975.2275,1013.7724609375
2196.0,2187.3074,8.692626953125
1073.0,1111.052,-38.052001953125
500.0,532.53125,-32.53125
5292.0,4985.346,306.65380859375
2121.0,2175.16,-54.159912109375
1591.0,1780.9102,-189.91015625
4113.0,4048.9524,64.047607421875
673.0,665.2085,7.79150390625
11379.0,14031.019,-2652.0185546875
7414.0,7643.8154,-229.8154296875
3887.0,3868.2302,18.769775390625
928.0,784.4059,143.5941162109375
11465.0,10245.032,1219.9677734375
4116.0,4197.912,-81.912109375
524.0,618.74786,-94.74786376953125
653.0,695.86505,-42.86505126953125
687.0,742.2376,-55.23760986328125
995.0,1125.161,-130.1610107421875
4469.0,5345.901,-876.90087890625
523.0,459.93515,63.064849853515625
6463.0,6348.1777,114.822265625
680.0,636.10345,43.89654541015625
12891.0,15354.966,-2463.9658203125
10411.0,10246.899,164.1005859375
547.0,490.65945,56.340545654296875
1190.0,1187.6813,2.3187255859375
12872.0,11996.381,875.619140625
1210.0,1327.4811,-117.4810791015625
863.0,876.2969,-13.296875
1173.0,1210.8635,-37.863525390625
14709.0,13453.509,1255.4912109375
746.0,871.17065,-125.170654296875
702.0,816.42615,-114.4261474609375
2004.0,1900.1691,103.8309326171875
3131.0,2934.7952,196.204833984375
1305.0,1491.2789,-186.2789306640625
18236.0,14893.603,3342.3974609375
5720.0,6316.818,-596.81787109375
675.0,626.27216,48.72784423828125
6683.0,6602.108,80.89208984375
2364.0,2186.5771,177.4228515625
791.0,872.62286,-81.62286376953125
5436.0,4841.233,594.76708984375
12209.0,12644.249,-435.2490234375
17224.0,15845.545,1378.455078125
4617.0,4448.8525,168.1474609375
596.0,669.2485,-73.24847412109375
3143.0,3198.535,-55.534912109375
13951.0,14870.608,-919.6083984375
8739.0,9272.607,-533.607421875
1838.0,1786.7946,51.2054443359375
9596.0,10775.281,-1179.28125
1115.0,1125.1111,-10.111083984375
497.0,515.0201,-18.02008056640625
1681.0,1587.5923,93.40771484375
5160.0,5196.7773,-36.77734375
1034.0,896.01556,137.98443603515625
2250.0,2259.7385,-9.738525390625
705.0,761.16473,-56.16473388671875
3354.0,2985.0425,368.95751953125
3919.0,3896.8184,22.181640625
3618.0,3740.7163,-122.71630859375
9370.0,9269.2295,100.7705078125
4284.0,4017.5693,266.4306640625
878.0,712.3128,165.68719482421875
1778.0,1743.0894,34.91064453125
6654.0,5789.3335,864.66650390625
2803.0,2775.7253,27.274658203125
3924.0,3670.96,253.0400390625
2768.0,2338.5867,429.413330078125
1838.0,1862.7448,-24.7447509765625
2346.0,2436.238,-90.238037109375
485.0,535.5123,-50.5123291015625
1882.0,1852.7692,29.2308349609375
6859.0,6868.27,-9.27001953125
581.0,556.68823,24.311767578125
781.0,862.372,-81.37200927734375
4666.0,4489.2993,176.70068359375
4989.0,4816.6865,172.3134765625
3357.0,3107.3467,249.6533203125
2066.0,2006.6978,59.30224609375
6720.0,6593.0776,126.92236328125
2345.0,2454.021,-109.02099609375
609.0,635.94244,-26.94244384765625
1709.0,1779.3373,-70.3372802734375
928.0,911.9202,16.07977294921875
2604.0,2567.764,36.236083984375
462.0,478.51596,-16.515960693359375
573.0,645.90625,-72.90625
773.0,798.0797,-25.0797119140625
3205.0,3804.6885,-599.6884765625
599.0,583.06805,15.93194580078125
17374.0,15615.675,1758.3251953125
7513.0,6616.4243,896.57568359375
463.0,452.9795,10.0205078125
4870.0,4826.639,43.36083984375
11966.0,12794.198,-828.1982421875
9290.0,8255.436,1034.564453125
6728.0,6545.276,182.72412109375
759.0,870.3921,-111.39208984375
2694.0,2747.9727,-53.97265625
5285.0,5317.3506,-32.3505859375
2401.0,2609.7244,-208.724365234375
5483.0,5534.7554,-51.75537109375
15851.0,13772.39,2078.6103515625
5902.0,5470.4756,431.5244140625
1832.0,2130.2197,-298.2197265625
3236.0,3415.2285,-179.228515625
1240.0,1213.1389,26.861083984375
4959.0,5466.8555,-507.85546875
2227.0,2529.8486,-302.8486328125
6290.0,6049.5464,240.45361328125
4578.0,4443.3813,134.61865234375
17153.0,14382.093,2770.9072265625
4372.0,4197.484,174.51611328125
10962.0,10201.856,760.1435546875
1107.0,977.4649,129.53509521484375
938.0,1008.62915,-70.629150390625
1825.0,1789.3317,35.6683349609375
3493.0,3150.6646,342.33544921875
2360.0,2756.9294,-396.929443359375
3545.0,4401.773,-856.77294921875
4200.0,5003.96,-803.9599609375
1076.0,1034.4982,41.5018310546875
7091.0,7498.254,-407.25390625
732.0,618.6107,113.3892822265625
5535.0,5878.589,-343.5888671875
867.0,922.0932,-55.09320068359375
3145.0,2833.113,311.886962890625
8227.0,9633.505,-1406.5048828125
766.0,995.6141,-229.61407470703125
408.0,426.67862,-18.678619384765625
5167.0,5025.159,141.8408203125
1208.0,1196.7803,11.2197265625
8120.0,8008.9097,111.09033203125
1705.0,1791.0493,-86.04931640625
1052.0,1031.3763,20.6236572265625
878.0,732.15125,145.8487548828125
585.0,623.38196,-38.3819580078125
1692.0,1672.9418,19.0582275390625
844.0,724.2057,119.7943115234375
1071.0,1156.8983,-85.8983154296875
447.0,467.7932,-20.793212890625
1223.0,1274.7062,-51.7061767578125
2451.0,2579.8684,-128.868408203125
3273.0,3472.612,-199.612060546875
1807.0,1823.0156,-16.015625
505.0,509.81314,-4.813140869140625
923.0,850.05206,72.94793701171875
769.0,694.3408,74.6591796875
2741.0,2170.2551,570.744873046875
1202.0,1140.7501,61.2498779296875
4315.0,4969.8677,-654.86767578125
15246.0,14220.667,1025.3330078125
11221.0,9653.685,1567.3154296875
900.0,771.4863,128.513671875
3184.0,2994.3862,189.61376953125
5027.0,4907.689,119.31103515625
3342.0,3168.9707,173.029296875
526.0,581.79364,-55.79364013671875
2763.0,2804.2585,-41.258544921875
3478.0,3235.506,242.493896484375
6441.0,5720.2207,720.779296875
3472.0,3260.3958,211.604248046875
3201.0,3153.4338,47.566162109375
914.0,898.77997,15.22003173828125
3869.0,3765.9006,103.099365234375
3332.0,3494.835,-162.8349609375
13351.0,15162.232,-1811.232421875
1086.0,1041.0061,44.993896484375
10851.0,9954.308,896.6923828125
2294.0,2437.025,-143.02490234375
1767.0,1866.6003,-99.600341796875
2951.0,2832.6118,118.38818359375
403.0,439.92038,-36.920379638671875
912.0,785.07544,126.924560546875
3752.0,4364.3286,-612.32861328125
530.0,504.06955,25.930450439453125
530.0,628.21094,-98.2109375
4598.0,4143.2627,454.7373046875
2651.0,2371.3198,279.68017578125
703.0,683.4649,19.53509521484375
607.0,797.6398,-190.6397705078125
2642.0,2916.7139,-274.7138671875
6132.0,5389.7183,742.28173828125
8415.0,8805.902,-390.90234375
716.0,807.9668,-91.966796875
579.0,587.971,-8.97100830078125
5865.0,6120.191,-255.19091796875
3812.0,3762.4285,49.571533203125
5269.0,5351.916,-82.916015625
1971.0,2511.5464,-540.54638671875
877.0,863.0046,13.99542236328125
9095.0,9094.515,0.4853515625
993.0,866.05743,126.94256591796875
1063.0,900.1342,162.86578369140625
504.0,531.8669,-27.86688232421875
2339.0,2310.6912,28.308837890625
4659.0,4225.952,433.0478515625
1253.0,1375.924,-122.9239501953125
1259.0,1290.429,-31.428955078125
3363.0,3570.3958,-207.395751953125
1736.0,1769.5472,-33.5472412109375
695.0,703.9268,-8.92681884765625
4481.0,4397.6436,83.3564453125
4712.0,4811.2407,-99.24072265625
780.0,909.6624,-129.66241455078125
3324.0,3546.0515,-222.051513671875
2409.0,2310.2185,98.781494140625
3780.0,5681.9326,-1901.9326171875
2122.0,2074.9934,47.006591796875
11491.0,11148.182,342.818359375
1548.0,1635.3474,-87.347412109375
814.0,865.4788,-51.47882080078125
1050.0,987.79895,62.2010498046875
1415.0,1065.9083,349.0916748046875
1047.0,1132.5344,-85.534423828125
3399.0,3595.7402,-196.740234375
3057.0,3916.8684,-859.868408203125
3537.0,4015.7534,-478.75341796875
14737.0,13463.547,1273.453125
931.0,974.6225,-43.62249755859375
1793.0,1737.3214,55.6785888671875
4072.0,4292.2466,-220.24658203125
487.0,714.9165,-227.91650390625
9254.0,8992.287,261.712890625
1068.0,818.973,249.0269775390625
557.0,449.56174,107.43826293945312
524.0,548.50775,-24.50775146484375
1090.0,1191.3098,-101.309814453125
7140.0,6558.775,581.22509765625
2479.0,2710.893,-231.89306640625
4478.0,4738.88,-260.8798828125
1857.0,1910.7361,-53.736083984375
2003.0,1861.414,141.5860595703125
574.0,513.4902,60.50982666015625
3399.0,3213.0615,185.9384765625
11228.0,10323.916,904.083984375
9557.0,9447.751,109.2490234375
7059.0,6882.868,176.1318359375
1230.0,1155.6848,74.315185546875
682.0,607.04895,74.9510498046875
2078.0,2103.9473,-25.947265625
1197.0,1224.328,-27.3280029296875
6751.0,7286.1826,-535.1826171875
8938.0,7916.845,1021.15478515625
802.0,684.0853,117.9146728515625
789.0,844.0982,-55.09820556640625
1955.0,2368.4778,-413.477783203125
7797.0,10049.262,-2252.26171875
6526.0,6061.7915,464.20849609375
1207.0,1269.423,-62.4229736328125
1758.0,1906.9131,-148.9130859375
11103.0,9352.358,1750.6416015625
1040.0,913.122,126.87799072265625
4672.0,4485.327,186.6728515625
3210.0,3318.7034,-108.703369140625
3634.0,3221.9136,412.08642578125
1289.0,1290.4937,-1.49365234375
2203.0,2159.3967,43.603271484375
1749.0,1931.5839,-182.5838623046875
1125.0,1029.9513,95.0487060546875
1656.0,1732.2676,-76.267578125
906.0,804.00104,101.99896240234375
16778.0,14889.853,1888.1474609375
6464.0,6153.0337,310.96630859375
567.0,583.4216,-16.42156982421875
1245.0,1286.5632,-41.563232421875
670.0,628.31177,41.688232421875
505.0,588.34296,-83.34295654296875
7795.0,7415.4946,379.50537109375
12978.0,13805.688,-827.6884765625
646.0,821.98645,-175.9864501953125
576.0,524.83075,51.16925048828125
8202.0,8514.794,-312.7939453125
6418.0,6100.812,317.18798828125
1772.0,2056.2915,-284.29150390625
4042.0,3995.0447,46.955322265625
6319.0,6319.415,-0.4150390625
788.0,729.01373,58.98626708984375
1207.0,1238.403,-31.4029541015625
1029.0,1056.3777,-27.377685546875
4331.0,4483.9883,-152.98828125
6942.0,6588.6455,353.3544921875
5216.0,5174.785,41.21484375
3583.0,3440.673,142.326904296875
5699.0,5468.1646,230.83544921875
1260.0,1450.0769,-190.076904296875
904.0,765.9552,138.0447998046875
2393.0,2272.9893,120.0107421875
15247.0,13256.695,1990.3046875
631.0,607.01996,23.98004150390625
2360.0,2090.7239,269.276123046875
1681.0,1723.0225,-42.0224609375
4921.0,4394.6997,526.30029296875
2867.0,3130.2205,-263.220458984375
1548.0,1442.0796,105.92041015625
6047.0,6397.7065,-350.70654296875
6007.0,8340.15,-2333.150390625
707.0,822.1105,-115.1104736328125
3901.0,4362.302,-461.3017578125
1822.0,1860.0149,-38.014892578125
2821.0,2876.1453,-55.145263671875
4032.0,3960.2698,71.730224609375
906.0,826.5572,79.44281005859375
667.0,677.0389,-10.03887939453125
735.0,832.98254,-97.9825439453125
4320.0,3835.1187,484.88134765625
5253.0,5116.3057,136.6943359375
1923.0,1924.4038,-1.40380859375
3258.0,3223.4631,34.536865234375
1919.0,1876.6333,42.36669921875
477.0,544.6346,-67.63458251953125
933.0,890.77496,42.22503662109375
2066.0,1990.4109,75.589111328125
956.0,914.986,41.01397705078125
1220.0,1177.8147,42.185302734375
2142.0,1900.8473,241.1527099609375
4549.0,5443.5024,-894.50244140625
8654.0,8446.703,207.296875
4452.0,4360.7954,91.20458984375
4687.0,4874.085,-187.0849609375
4619.0,4966.8013,-347.80126953125
3158.0,3112.6812,45.31884765625
5269.0,5038.6846,230.3154296875
1220.0,1224.1884,-4.1883544921875
6708.0,6682.747,25.2529296875
14462.0,14020.799,441.201171875
1134.0,1193.2843,-59.2843017578125
5166.0,4977.0596,188.9404296875
14383.0,13740.6,642.400390625
7738.0,8249.47,-511.4697265625
4325.0,4367.1436,-42.1435546875
2147.0,2549.5195,-402.51953125
6093.0,5485.043,607.95703125
427.0,455.38873,-28.38873291015625
7916.0,9220.108,-1304.1083984375
5008.0,4908.288,99.7119140625
748.0,608.55676,139.4432373046875
2318.0,2563.3826,-245.382568359375
1662.0,1635.0399,26.9600830078125
8870.0,10726.453,-1856.453125
575.0,543.7507,31.24932861328125
579.0,628.22327,-49.2232666015625
755.0,853.24164,-98.24163818359375
550.0,571.0705,-21.07049560546875
7258.0,6841.45,416.5498046875
15776.0,14536.336,1239.6640625
716.0,729.9284,-13.92840576171875
1437.0,1542.2726,-105.2725830078125
1294.0,1379.3423,-85.34228515625
7551.0,7387.257,163.7431640625
1356.0,1256.9054,99.0946044921875
4547.0,4353.2603,193.73974609375
3067.0,3089.9417,-22.941650390625
17379.0,15240.493,2138.5068359375
1877.0,2066.7854,-189.785400390625
6127.0,5944.7876,182.21240234375
450.0,478.0525,-28.052490234375
6101.0,5884.895,216.10498046875
816.0,722.3049,93.69512939453125
1020.0,1079.9481,-59.9481201171875
1102.0,1205.5813,-103.581298828125
12943.0,14047.622,-1104.6220703125
857.0,856.0025,0.99749755859375
1284.0,1657.9718,-373.9718017578125
1395.0,1449.2697,-54.2696533203125
1146.0,1241.5095,-95.509521484375
737.0,497.09634,239.90365600585938
2167.0,2199.4578,-32.457763671875
6773.0,5940.5986,832.4013671875
828.0,705.3737,122.62628173828125
3920.0,5032.378,-1112.3779296875
3011.0,2966.4763,44.523681640625
760.0,799.0104,-39.0103759765625
2784.0,3009.7656,-225.765625
10399.0,10419.881,-20.880859375
4337.0,4494.454,-157.4541015625
504.0,589.5157,-85.51568603515625
607.0,651.5193,-44.519287109375
4548.0,4695.84,-147.83984375
2443.0,2134.4392,308.560791015625
4123.0,4022.3628,100.63720703125
2278.0,2192.096,85.904052734375
3879.0,3435.0945,443.905517578125
4260.0,4226.69,33.31005859375
410.0,465.99896,-55.99896240234375
10609.0,11890.06,-1281.0595703125
898.0,843.89795,54.10205078125
862.0,892.5589,-30.55889892578125
4201.0,4858.062,-657.06201171875
2713.0,2551.3188,161.68115234375
6504.0,6564.764,-60.76416015625
13938.0,13813.802,124.1982421875
16337.0,13752.989,2584.0107421875
2079.0,1972.9943,106.0057373046875
8388.0,7598.6885,789.3115234375
3101.0,2835.3735,265.62646484375
10372.0,10444.278,-72.2783203125
3304.0,3606.792,-302.7919921875
707.0,624.7515,82.24847412109375
8953.0,9169.069,-216.0693359375
743.0,649.85986,93.14013671875
5605.0,5440.798,164.2021484375
3692.0,4369.9106,-677.91064453125
477.0,486.52917,-9.5291748046875
4005.0,3767.4348,237.565185546875
2172.0,2036.8456,135.1544189453125
1819.0,1918.7804,-99.7803955078125
600.0,666.74524,-66.7452392578125
1431.0,1286.581,144.4189453125
13761.0,13166.878,594.1220703125
802.0,711.6509,90.34912109375
4070.0,4295.6504,-225.650390625
5978.0,6251.5137,-273.513671875
3462.0,3600.36,-138.360107421875
1790.0,1949.777,-159.7769775390625
2642.0,2626.131,15.868896484375
3259.0,3423.7751,-164.775146484375
8064.0,8509.606,-445.6064453125
357.0,370.37222,-13.372222900390625
982.0,887.2398,94.76019287109375
2318.0,2387.3486,-69.3486328125
760.0,813.4979,-53.4979248046875
4620.0,4417.18,202.81982421875
1013.0,962.47205,50.5279541015625
1694.0,1862.8247,-168.82470703125
421.0,482.56085,-61.56085205078125
2239.0,2489.5447,-250.544677734375
2507.0,2451.4958,55.504150390625
1287.0,1672.1405,-385.1405029296875
829.0,900.79834,-71.79833984375
2074.0,2060.0188,13.981201171875
1694.0,1746.9608,-52.9608154296875
2281.0,2312.0596,-31.0595703125
7533.0,7119.67,413.330078125
6559.0,5868.4937,690.50634765625
1020.0,1072.4734,-52.473388671875
575.0,537.7493,37.25067138671875
720.0,605.3841,114.61590576171875
1405.0,1660.479,-255.47900390625
2199.0,2147.983,51.01708984375
855.0,766.7331,88.26690673828125
5364.0,5213.186,150.81396484375
2085.0,2138.9937,-53.99365234375
1013.0,1193.9946,-180.99462890625
4200.0,4487.638,-287.63818359375
2240.0,2349.9016,-109.901611328125
1355.0,1502.7148,-147.71484375
5257.0,5337.285,-80.28515625
2803.0,4190.655,-1387.65478515625
418.0,461.98508,-43.985076904296875
4223.0,4312.4756,-89.4755859375
4059.0,3844.5322,214.4677734375
943.0,941.65875,1.34124755859375
972.0,785.28046,186.71954345703125
725.0,629.8251,95.1749267578125
1017.0,1060.9921,-43.9920654296875
979.0,1029.1149,-50.1148681640625
5918.0,6022.079,-104.0791015625
1209.0,1377.1017,-168.1016845703125
1591.0,1654.1641,-63.1640625
591.0,499.23376,91.7662353515625
775.0,751.5755,23.42449951171875
2263.0,2217.6375,45.362548828125
773.0,719.93036,53.06964111328125
1651.0,1660.7611,-9.7611083984375
489.0,508.41183,-19.411834716796875
3513.0,3784.4758,-271.475830078125
1123.0,1129.5919,-6.5919189453125
1274.0,1272.8334,1.1666259765625
2302.0,2450.6028,-148.602783203125
6229.0,6051.7686,177.2314453125
3033.0,2984.5583,48.441650390625
863.0,970.93524,-107.93524169921875
4543.0,4358.2007,184.79931640625
1282.0,1479.601,-197.6009521484375
1708.0,1939.0498,-231.0498046875
4708.0,6046.95,-1338.9501953125
4480.0,5280.826,-800.826171875
675.0,596.30505,78.6949462890625
2844.0,3076.4614,-232.46142578125
633.0,660.34467,-27.34466552734375
9261.0,8441.935,819.0654296875
946.0,977.4994,-31.4993896484375
780.0,714.0922,65.90777587890625
4652.0,4893.1797,-241.1796875
6327.0,5726.5425,600.45751953125
4432.0,4376.3096,55.6904296875
7162.0,6859.301,302.69921875
1276.0,1297.3401,-21.340087890625
7870.0,7659.8276,210.17236328125
853.0,888.4732,-35.47320556640625
1259.0,1281.9203,-22.9202880859375
530.0,563.90063,-33.900634765625
7130.0,6814.995,315.0048828125
2321.0,2043.1785,277.821533203125
1441.0,1576.9353,-135.935302734375
3275.0,3201.2485,73.75146484375
3977.0,4053.172,-76.172119140625
805.0,865.4338,-60.43377685546875
4943.0,4885.1675,57.83251953125
769.0,786.5893,-17.58929443359375
734.0,827.0182,-93.0181884765625
854.0,790.2376,63.76239013671875
6827.0,7183.174,-356.173828125
462.0,541.6963,-79.6962890625
2416.0,2643.8816,-227.881591796875
891.0,880.95135,10.04864501953125
4872.0,4709.09,162.91015625
1223.0,1289.7677,-66.7677001953125
6263.0,6420.325,-157.3251953125
984.0,1141.0201,-157.0201416015625
2761.0,2765.4038,-4.40380859375
2434.0,2530.3228,-96.32275390625
1966.0,1859.9829,106.01708984375
663.0,663.7212,-0.72119140625
2246.0,2444.361,-198.361083984375
424.0,511.98535,-87.9853515625
906.0,775.92664,130.0733642578125
5416.0,7345.1157,-1929.11572265625
571.0,653.1461,-82.1461181640625
1963.0,1984.1421,-21.14208984375
2316.0,2463.008,-147.008056640625
844.0,726.1895,117.81048583984375
2547.0,2618.0374,-71.037353515625
3966.0,3653.9595,312.04052734375
8922.0,8308.17,613.830078125
492.0,511.4477,-19.44769287109375
9484.0,9463.453,20.546875
6539.0,6189.482,349.51806640625
16803.0,15326.362,1476.6376953125
3087.0,3731.233,-644.23291015625
2384.0,2144.2676,239.732421875
402.0,448.8031,-46.8031005859375
769.0,786.1538,-17.15380859375
4032.0,5423.1973,-1391.197265625
1950.0,1792.5538,157.4461669921875
2234.0,2333.2378,-99.23779296875
3119.0,2651.968,467.031982421875
540.0,450.87183,89.128173828125
10935.0,9117.452,1817.5478515625
5794.0,5332.6694,461.33056640625
4072.0,4237.1978,-165.19775390625
1295.0,1260.5443,34.4556884765625
940.0,974.9063,-34.90631103515625
8261.0,7817.796,443.2041015625
1813.0,1788.1233,24.876708984375
1436.0,1520.0709,-84.0709228515625
5944.0,6068.6064,-124.6064453125
14177.0,13751.39,425.6103515625
590.0,599.5061,-9.506103515625
1605.0,1553.3053,51.6947021484375
7147.0,7030.647,116.35302734375
3563.0,3395.8984,167.1015625
5422.0,5610.504,-188.50390625
764.0,784.41376,-20.41375732421875
802.0,653.15015,148.849853515625
3577.0,3546.6267,30.373291015625
5057.0,5420.11,-363.10986328125
732.0,813.6366,-81.6365966796875
9116.0,8387.991,728.0087890625
5994.0,5518.3027,475.697265625
14359.0,15420.979,-1061.978515625
12768.0,12397.622,370.3779296875
499.0,587.6178,-88.6177978515625
684.0,794.66046,-110.66046142578125
734.0,763.30365,-29.30364990234375
9704.0,10826.779,-1122.779296875
1142.0,1163.3235,-21.323486328125
3620.0,3675.7324,-55.732421875
571.0,622.4972,-51.4971923828125
776.0,742.1827,33.81732177734375
2767.0,2502.3643,264.6357421875
4878.0,5048.576,-170.576171875
11435.0,10091.225,1343.775390625
10141.0,10867.914,-726.9140625
861.0,850.08777,10.9122314453125
4636.0,4599.257,36.7431640625
4373.0,4451.943,-78.94287109375
972.0,822.79486,149.20513916015625
12157.0,11827.761,329.2392578125
684.0,668.774,15.22601318359375
5661.0,6634.517,-973.51708984375
12361.0,11780.252,580.748046875
2973.0,3251.3076,-278.3076171875
776.0,661.05896,114.9410400390625
786.0,849.6074,-63.607421875
10769.0,10522.287,246.712890625
1374.0,1336.9069,37.0931396484375
2177.0,1985.0842,191.915771484375
1654.0,1829.4038,-175.40380859375
504.0,518.4881,-14.48809814453125
725.0,777.01843,-52.0184326171875
513.0,518.6823,-5.68231201171875
14438.0,13970.436,467.564453125
1800.0,1865.9432,-65.9432373046875
1412.0,1503.63,-91.6300048828125
2795.0,2816.5273,-21.52734375
5557.0,5338.171,218.8291015625
957.0,1171.7097,-214.709716796875
4538.0,5068.267,-530.26708984375
8099.0,7347.596,751.40380859375
13686.0,13164.316,521.68359375
7955.0,7728.2964,226.70361328125
1546.0,1472.6335,73.366455078125
732.0,837.09906,-105.09906005859375
710.0,811.9358,-101.935791015625
8691.0,8304.098,386.90234375
552.0,637.6547,-85.65472412109375
1024.0,919.7826,104.2174072265625
453.0,462.26047,-9.260467529296875
1966.0,2330.5625,-364.5625
500.0,482.5424,17.457611083984375
2494.0,2824.1487,-330.148681640625
2918.0,3094.2336,-176.233642578125
4320.0,4206.8916,113.1083984375
802.0,679.08496,122.9150390625
13081.0,11721.436,1359.564453125
1842.0,1945.4026,-103.402587890625
4044.0,4307.09,-263.08984375
2679.0,2719.3088,-40.308837890625
4805.0,5019.5825,-214.58251953125
1075.0,1038.2665,36.7335205078125
544.0,630.06006,-86.06005859375
2797.0,3150.4421,-353.442138671875
898.0,801.4953,96.50469970703125
4032.0,4530.9263,-498.92626953125
1153.0,1194.6244,-41.6243896484375
13499.0,13235.117,263.8828125
2494.0,2455.4717,38.5283203125
1963.0,2145.0574,-182.057373046875
1214.0,1285.5635,-71.5634765625
8217.0,8015.5127,201.4873046875
7429.0,8288.272,-859.2724609375
1039.0,1067.3658,-28.3658447265625
5088.0,5318.182,-230.18212890625
739.0,785.7894,-46.7894287109375
914.0,950.2366,-36.236572265625
984.0,993.7677,-9.7677001953125
1610.0,1466.1243,143.875732421875
796.0,857.6559,-61.6558837890625
7841.0,7684.1587,156.84130859375
6546.0,6571.9004,-25.900390625
2208.0,2341.3035,-133.303466796875
3111.0,3186.1948,-75.19482421875
533.0,556.4011,-23.401123046875
9856.0,8546.347,1309.6533203125
4819.0,4708.421,110.5791015625
743.0,648.2518,94.74822998046875
4182.0,3982.4163,199.583740234375
12951.0,10556.665,2394.3349609375
13513.0,14621.292,-1108.2919921875
5748.0,6387.9077,-639.90771484375
4368.0,4443.5464,-75.54638671875
10112.0,10343.855,-231.85546875
16787.0,14666.99,2120.009765625
554.0,485.8745,68.12548828125
5181.0,5240.1978,-59.19775390625
10164.0,9805.649,358.3505859375
4014.0,3820.5566,193.443359375
1367.0,1372.5684,-5.568359375
1840.0,1761.8071,78.19287109375
550.0,546.68134,3.31866455078125
2129.0,2222.7532,-93.753173828125
850.0,879.2053,-29.205322265625
992.0,936.0121,55.9879150390625
3248.0,2737.032,510.968017578125
3984.0,5063.4443,-1079.4443359375
576.0,554.0297,21.97027587890625
10640.0,9366.713,1273.287109375
6213.0,6086.531,126.46923828125
732.0,595.4566,136.54339599609375
17760.0,14884.116,2875.8837890625
6190.0,6824.2705,-634.2705078125
5544.0,5211.0337,332.96630859375
1789.0,1983.2488,-194.248779296875
828.0,729.2254,98.77459716796875
1268.0,1295.0088,-27.0087890625
837.0,829.4674,7.5325927734375
8865.0,9050.626,-185.6259765625
1033.0,885.59924,147.4007568359375
718.0,710.91016,7.08984375
3544.0,3712.4124,-168.412353515625
3163.0,3142.3828,20.6171875
1806.0,1876.6333,-70.63330078125
5078.0,4533.689,544.31103515625
4350.0,4748.4863,-398.486328125
3183.0,3165.8735,17.12646484375
1563.0,1628.9974,-65.9974365234375
4268.0,4590.2676,-322.267578125
9474.0,11457.587,-1983.5869140625
4584.0,4814.119,-230.119140625
2167.0,1854.5317,312.46826171875
4566.0,3621.3926,944.607421875
1439.0,1421.3234,17.6766357421875
524.0,612.8451,-88.8450927734375
2063.0,1868.7853,194.2147216796875
734.0,756.7243,-22.72430419921875
10086.0,10135.296,-49.2958984375
12261.0,12024.125,236.875
969.0,770.84424,198.15576171875
4515.0,4651.646,-136.64599609375
611.0,668.8954,-57.8953857421875
571.0,627.37024,-56.3702392578125
7714.0,7806.537,-92.537109375
7880.0,6913.542,966.4580078125
1020.0,942.92175,77.0782470703125
1348.0,1516.4285,-168.428466796875
12686.0,12893.741,-207.7412109375
899.0,943.16754,-44.16754150390625
952.0,1004.0846,-52.0845947265625
16934.0,14100.2,2833.7998046875
377.0,444.42105,-67.42105102539062
10291.0,8780.951,1510.048828125
2026.0,2189.2302,-163.230224609375
1851.0,1877.4913,-26.4913330078125
1367.0,1307.1238,59.876220703125
523.0,489.10477,33.895233154296875
765.0,681.35065,83.64935302734375
7716.0,7736.704,-20.7041015625
2925.0,2903.3425,21.657470703125
5522.0,4980.3267,541.67333984375
530.0,508.98712,21.01287841796875
2321.0,2478.7007,-157.70068359375
4561.0,4611.905,-50.90478515625
13624.0,13183.992,440.0078125
6048.0,5811.0874,236.91259765625
13803.0,13449.66,353.33984375
1131.0,1224.4788,-93.478759765625
11050.0,10484.06,565.9404296875
9478.0,8586.505,891.4951171875
4732.0,5190.9316,-458.931640625
814.0,840.3689,-26.368896484375
2975.0,3112.3992,-137.399169921875
6887.0,6990.76,-103.759765625
1636.0,1771.6794,-135.679443359375
2879.0,3291.9114,-412.911376953125
872.0,741.9308,130.0692138671875
942.0,772.98956,169.01043701171875
538.0,582.51996,-44.51995849609375
2549.0,2579.6296,-30.629638671875
707.0,772.2629,-65.26287841796875
515.0,582.535,-67.53497314453125
5412.0,5218.7983,193.20166015625
8620.0,7932.9,687.10009765625
5223.0,4902.266,320.73388671875
5700.0,5164.4204,535.57958984375
3787.0,4976.9883,-1189.98828125
4704.0,4340.7173,363.28271484375
2016.0,2160.6147,-144.61474609375
503.0,563.74335,-60.74334716796875
3026.0,2552.9636,473.036376953125
4200.0,4308.3594,-108.359375
1358.0,1366.6915,-8.6915283203125
7350.0,6748.518,601.48193359375
928.0,798.4681,129.53192138671875
906.0,795.7227,110.27728271484375
6373.0,6516.13,-143.1298828125
13257.0,12150.068,1106.931640625
973.0,1046.122,-73.1219482421875
740.0,552.5177,187.4822998046875
609.0,660.7219,-51.721923828125
2176.0,2124.5059,51.494140625
1323.0,1202.4136,120.58642578125
2400.0,2463.1138,-63.11376953125
6146.0,6209.735,-63.73486328125
1341.0,1485.4866,-144.486572265625
3080.0,2744.5037,335.496337890625
15420.0,14371.288,1048.7119140625
394.0,446.4504,-52.450408935546875
2106.0,2405.491,-299.490966796875
4838.0,4782.5103,55.48974609375
13846.0,15192.761,-1346.7607421875
6440.0,6793.9927,-353.99267578125
5601.0,5878.589,-277.5888671875
9358.0,8447.403,910.5966796875
4074.0,4123.0015,-49.00146484375
771.0,745.99774,25.00225830078125
3807.0,4556.6025,-749.6025390625
5638.0,5238.2036,399.79638671875
2327.0,2518.2742,-191.274169921875
3468.0,2813.6216,654.37841796875
1442.0,1448.3619,-6.3619384765625
1181.0,1339.2911,-158.2911376953125
4155.0,4219.62,-64.6201171875
3594.0,3575.9824,18.017578125
906.0,783.8309,122.16912841796875
1889.0,1987.6979,-98.6978759765625
683.0,756.77344,-73.7734375
544.0,615.5486,-71.548583984375
659.0,742.9304,-83.930419921875
3950.0,4136.092,-186.091796875
883.0,946.85974,-63.8597412109375
1741.0,1824.2686,-83.2685546875
4092.0,4146.8687,-54.86865234375
8093.0,7187.0117,905.98828125
1382.0,1546.1542,-164.1541748046875
16570.0,14683.408,1886.591796875
602.0,606.3761,-4.3760986328125
4093.0,4510.538,-417.5380859375
881.0,898.71606,-17.716064453125
6505.0,5768.1016,736.8984375
13161.0,12257.02,903.98046875
1386.0,1499.0853,-113.0853271484375
5293.0,4978.337,314.6630859375
6425.0,4191.886,2233.11376953125
8711.0,8549.176,161.82421875
12829.0,16061.586,-3232.5859375
3599.0,4051.2085,-452.20849609375
1884.0,1938.443,-54.4429931640625
2613.0,2251.292,361.7080078125
2805.0,2840.9175,-35.91748046875
2141.0,2067.8733,73.126708984375
2857.0,3493.1316,-636.131591796875
5813.0,6327.5757,-514.57568359375
957.0,1005.1194,-48.119384765625
2110.0,2224.7612,-114.76123046875
1739.0,1792.5709,-53.5709228515625
2839.0,2802.4626,36.537353515625
1155.0,1187.5792,-32.5792236328125
4374.0,4367.731,6.26904296875
524.0,567.9369,-43.9368896484375
6856.0,8021.4014,-1165.4013671875
658.0,733.7114,-75.71142578125
4497.0,4470.053,26.94677734375
15218.0,14390.75,827.25
1115.0,1130.512,-15.511962890625
1967.0,2231.5066,-264.506591796875
1415.0,1065.9083,349.0916748046875
1214.0,1150.8699,63.130126953125
811.0,897.8833,-86.88330078125
691.0,713.0118,-22.01177978515625
3464.0,2990.2126,473.787353515625
776.0,669.52655,106.47344970703125
8925.0,8920.667,4.3330078125
1005.0,1029.6741,-24.674072265625
427.0,514.33575,-87.33575439453125
862.0,898.9486,-36.9486083984375
770.0,847.6377,-77.6376953125
11376.0,11549.121,-173.12109375
5543.0,5573.54,-30.5400390625
3205.0,3874.353,-669.35302734375
5186.0,5179.867,6.1328125
4746.0,4752.043,-6.04296875
13919.0,14384.137,-465.13671875
6335.0,6463.8716,-128.87158203125
3592.0,3592.5312,-0.53125
13929.0,13449.66,479.33984375
3033.0,3083.7134,-50.71337890625
5006.0,4675.5435,330.45654296875
698.0,639.7686,58.23138427734375
1079.0,1137.5577,-58.5577392578125
3951.0,4044.9915,-93.991455078125
526.0,632.8013,-106.80126953125
4693.0,4216.9604,476.03955078125
16707.0,15393.867,1313.1328125
1956.0,1880.1678,75.8321533203125
2505.0,2337.826,167.174072265625
5291.0,5700.2314,-409.2314453125
5510.0,5239.223,270.77685546875
1779.0,1938.0907,-159.0906982421875
526.0,489.24454,36.755462646484375
1745.0,1823.3523,-78.352294921875
669.0,730.2962,-61.29620361328125
1082.0,1101.2322,-19.232177734375
5077.0,5135.301,-58.30078125
1884.0,1947.3247,-63.32470703125
5884.0,5768.228,115.77197265625
1130.0,958.8435,171.156494140625
729.0,734.80524,-5.80523681640625
5595.0,4829.8403,765.15966796875
2940.0,3235.293,-295.29296875
991.0,983.9149,7.0850830078125
6727.0,6240.123,486.876953125
450.0,408.7213,41.2786865234375
6381.0,6042.8853,338.11474609375
1297.0,1457.0983,-160.0982666015625
792.0,794.63007,-2.63006591796875
10572.0,10109.509,462.4912109375
958.0,1039.2804,-81.2803955078125
1937.0,1826.1747,110.8253173828125
4826.0,4961.058,-135.05810546875
1561.0,1567.2141,-6.214111328125
464.0,470.11682,-6.1168212890625
761.0,808.33563,-47.33563232421875
10655.0,9990.955,664.044921875
1008.0,1033.3612,-25.3612060546875
5889.0,5769.1636,119.83642578125
10389.0,10174.891,214.109375
12458.0,10214.191,2243.80859375
5208.0,4496.238,711.76220703125
3737.0,4282.9463,-545.9462890625
1073.0,1115.1559,-42.1558837890625
7584.0,8312.791,-728.791015625
8223.0,7966.5884,256.41162109375
579.0,653.4094,-74.409423828125
1147.0,1100.0219,46.9781494140625
1919.0,1876.0604,42.9395751953125
4093.0,4160.86,-67.85986328125
9100.0,8830.1,269.900390625
737.0,722.4477,14.55230712890625
675.0,524.52094,150.47906494140625
4159.0,4126.7593,32.24072265625
6539.0,6764.4746,-225.474609375
930.0,956.6971,-26.69708251953125
8396.0,8512.001,-116.0009765625
8415.0,8162.873,252.126953125
3924.0,4432.1763,-508.17626953125
1172.0,1122.9331,49.06689453125
2218.0,2336.6653,-118.665283203125
4368.0,4115.8657,252.13427734375
1680.0,1798.91,-118.9100341796875
1002.0,1033.5609,-31.5609130859375
798.0,691.1677,106.832275390625
7616.0,6526.5176,1089.482421875
756.0,677.35614,78.64385986328125
1892.0,1931.2374,-39.2374267578125
3568.0,4302.852,-734.85205078125
720.0,783.98016,-63.98016357421875
4060.0,5145.244,-1085.244140625
678.0,665.1738,12.826171875
705.0,756.1302,-51.13018798828125
15829.0,15777.685,51.3154296875
1694.0,1543.9321,150.06787109375
1781.0,1724.6304,56.36962890625
6162.0,6463.9087,-301.90869140625
583.0,507.12317,75.8768310546875
1050.0,1098.1439,-48.1439208984375
918.0,947.03876,-29.03875732421875
4092.0,4247.7886,-155.78857421875
764.0,873.2663,-109.26629638671875
1265.0,1456.4768,-191.476806640625
2858.0,2807.9368,50.063232421875
1814.0,1967.7931,-153.7930908203125
4594.0,5093.216,-499.2158203125
942.0,954.60693,-12.60693359375
788.0,677.1278,110.8721923828125
1072.0,1216.7175,-144.717529296875
863.0,875.05743,-12.05743408203125
596.0,650.62195,-54.6219482421875
7996.0,7807.885,188.115234375
3246.0,3371.8335,-125.83349609375
3231.0,3126.9434,104.056640625
1236.0,1097.0187,138.9813232421875
12615.0,14653.567,-2038.5673828125
998.0,950.2293,47.77069091796875
468.0,497.5659,-29.565887451171875
4021.0,4121.7,-100.7001953125
13219.0,12180.571,1038.4287109375
3563.0,4155.8975,-592.8974609375
431.0,504.73132,-73.7313232421875
974.0,1005.2091,-31.2091064453125
1637.0,1574.6061,62.3939208984375
4836.0,4881.478,-45.47802734375
886.0,862.16534,23.83465576171875
7002.0,6999.1465,2.853515625
8683.0,8667.28,15.7197265625
2843.0,3358.0208,-515.020751953125
1589.0,1641.6656,-52.6656494140625
844.0,868.0132,-24.01318359375
3998.0,3822.474,175.52587890625
10335.0,10649.998,-314.998046875
17039.0,15421.405,1617.5947265625
17614.0,15106.444,2507.5556640625
3034.0,3035.061,-1.06103515625
794.0,896.8192,-102.8192138671875
2823.0,2811.11,11.889892578125
1582.0,1362.654,219.345947265625
5037.0,4828.5645,208.435546875
13917.0,14434.311,-517.310546875
723.0,808.5827,-85.58270263671875
2670.0,2765.0107,-95.0107421875
2586.0,2578.5396,7.46044921875
2897.0,2876.1438,20.856201171875
5430.0,5936.1294,-506.12939453125
1684.0,1719.245,-35.2449951171875
2356.0,2367.6543,-11.654296875
5885.0,5892.3203,-7.3203125
933.0,1063.7783,-130.7783203125
7234.0,7184.0986,49.9013671875
12714.0,12935.62,-221.6201171875
1728.0,1760.6273,-32.6273193359375
1622.0,1789.079,-167.0789794921875
18172.0,17006.299,1165.701171875
3557.0,3382.1777,174.822265625
2138.0,2046.0667,91.933349609375
802.0,682.4379,119.56207275390625
5168.0,5102.893,65.10693359375
3584.0,3873.407,-289.406982421875
6587.0,6515.011,71.98876953125
3879.0,3712.5542,166.44580078125
1089.0,1189.6713,-100.6712646484375
1582.0,1531.6442,50.3558349609375
4179.0,5918.287,-1739.287109375
6596.0,7634.3867,-1038.38671875
2346.0,2526.6597,-180.65966796875
889.0,931.7206,-42.7205810546875
6349.0,6091.514,257.48583984375
2201.0,2219.0989,-18.098876953125
1791.0,1796.7314,-5.7314453125
5436.0,5326.701,109.298828125
6683.0,7023.4487,-340.44873046875
852.0,932.9943,-80.99432373046875
13991.0,11859.548,2131.4521484375
2768.0,2743.2576,24.742431640625
2812.0,3118.0369,-306.036865234375
2539.0,2556.3074,-17.307373046875
863.0,891.53265,-28.53265380859375
361.0,443.9884,-82.9884033203125
8796.0,8085.51,710.490234375
9072.0,8291.87,780.1298828125
579.0,643.49207,-64.4920654296875
6927.0,8802.736,-1875.736328125
1645.0,1672.4406,-27.4405517578125
3765.0,3466.3997,298.600341796875
3401.0,3594.66,-193.659912109375
628.0,603.26953,24.73046875
683.0,815.2475,-132.24749755859375
898.0,757.8271,140.17291259765625
628.0,536.93915,91.06085205078125
605.0,609.66,-4.65997314453125
525.0,582.7944,-57.79437255859375
537.0,502.0933,34.906707763671875
648.0,600.9206,47.07940673828125
5521.0,5460.8306,60.16943359375
4927.0,4949.884,-22.8837890625
561.0,678.0927,-117.09271240234375
2777.0,2705.7175,71.282470703125
9664.0,8464.647,1199.3525390625
2976.0,2954.0647,21.935302734375
3499.0,3408.7805,90.219482421875
3890.0,3751.648,138.35205078125
1662.0,1721.4563,-59.456298828125
882.0,859.7761,22.223876953125
739.0,877.27673,-138.2767333984375
5320.0,5380.4263,-60.42626953125
2470.0,2448.1082,21.891845703125
6071.0,6235.494,-164.494140625
11554.0,10525.88,1028.1201171875
1020.0,1125.2142,-105.2142333984375
2058.0,2153.9253,-95.92529296875
2004.0,2052.7014,-48.701416015625
4199.0,4654.18,-455.18017578125
670.0,731.901,-61.9010009765625
1094.0,932.25354,161.7464599609375
664.0,848.1315,-184.1314697265625
4872.0,4671.2324,200.767578125
942.0,724.1891,217.8109130859375
1979.0,1976.3707,2.6292724609375
1341.0,1736.3187,-395.3187255859375
957.0,992.1486,-35.14862060546875
2470.0,2269.0642,200.935791015625
2388.0,2279.9114,108.088623046875
3918.0,4669.3125,-751.3125
12389.0,10885.445,1503.5546875
1050.0,1051.01,-1.010009765625
854.0,727.0816,126.91839599609375
4063.0,4164.477,-101.47705078125
4432.0,4720.8013,-288.80126953125
3942.0,3788.655,153.344970703125
1046.0,900.5279,145.47210693359375
3634.0,4622.678,-988.67822265625
13397.0,13009.347,387.6533203125
14709.0,13621.899,1087.1005859375
720.0,630.7772,89.2227783203125
7094.0,7628.2144,-534.21435546875
737.0,826.5635,-89.5634765625
17634.0,14683.422,2950.578125
663.0,753.6144,-90.6143798828125
7592.0,9168.545,-1576.544921875
775.0,835.22845,-60.22845458984375
1426.0,1490.3854,-64.3853759765625
1343.0,1500.1973,-157.197265625
597.0,640.696,-43.69598388671875
907.0,723.3175,183.6824951171875
8555.0,8426.385,128.615234375
1343.0,1508.2986,-165.298583984375
1558.0,1599.9312,-41.93115234375
612.0,553.07513,58.92486572265625
4274.0,4715.257,-441.2568359375
844.0,739.18787,104.8121337890625
8124.0,7691.9385,432.0615234375
3662.0,3878.2393,-216.2392578125
5383.0,5182.867,200.1328125
2788.0,3829.098,-1041.097900390625
3878.0,4091.689,-213.68896484375
992.0,854.3805,137.6195068359375
3357.0,3472.102,-115.10205078125
3979.0,3586.9802,392.019775390625
4742.0,4297.72,444.27978515625
5855.0,5698.34,156.66015625
4798.0,4598.5156,199.484375
8610.0,8543.608,66.3916015625
4118.0,3992.317,125.68310546875
13485.0,11855.748,1629.251953125
4066.0,4571.121,-505.12109375
8840.0,8893.397,-53.3974609375
5820.0,5707.473,112.52685546875
3998.0,3946.3918,51.608154296875
3411.0,3269.113,141.886962890625
5599.0,5602.6,-3.60009765625
3234.0,3205.9766,28.0234375
6272.0,6129.328,142.671875
990.0,912.88104,77.11895751953125
1574.0,1338.3193,235.6806640625
5739.0,5175.8516,563.1484375
2657.0,2534.0916,122.908447265625
2582.0,2402.5288,179.47119140625
1415.0,1372.533,42.467041015625
4797.0,4791.099,5.90087890625
742.0,824.3999,-82.39990234375
957.0,1059.7303,-102.7303466796875
1002.0,866.09674,135.90325927734375
3365.0,3160.3877,204.6123046875
500.0,493.6478,6.352203369140625
578.0,567.7191,10.2808837890625
2323.0,4063.9272,-1740.92724609375
15897.0,15625.717,271.283203125
2334.0,2326.9487,7.05126953125
2197.0,2817.5474,-620.54736328125
1832.0,2336.8335,-504.83349609375
3803.0,3486.4668,316.533203125
8333.0,7379.6934,953.306640625
756.0,728.4337,27.5662841796875
6608.0,6907.913,-299.9130859375
1882.0,1829.9503,52.0496826171875
646.0,563.74335,82.25665283203125
779.0,825.8464,-46.84637451171875
6099.0,6633.214,-534.2138671875
3604.0,3973.8096,-369.8095703125
745.0,928.5447,-183.544677734375
905.0,1095.8549,-190.8548583984375
4631.0,5143.075,-512.0751953125
3577.0,4005.267,-428.26708984375
1122.0,1213.0973,-91.0972900390625
1777.0,1653.1542,123.8458251953125
402.0,428.65848,-26.658477783203125
548.0,469.62308,78.37692260742188
460.0,523.15924,-63.15924072265625
5006.0,4909.3604,96.6396484375
6646.0,6179.4595,466.54052734375
4414.0,4444.8394,-30.83935546875
6814.0,7409.86,-595.85986328125
1987.0,1774.9808,212.0191650390625
3626.0,3946.4219,-320.421875
10341.0,9837.884,503.1162109375
1772.0,1901.6582,-129.658203125
3994.0,3899.767,94.23291015625
7332.0,6954.7197,377.2802734375
17955.0,17306.297,648.703125
6157.0,5876.4697,280.5302734375
1273.0,1281.7966,-8.796630859375
3249.0,3368.8113,-119.811279296875
844.0,739.6878,104.31219482421875
600.0,634.8197,-34.8197021484375
706.0,792.6174,-86.61737060546875
7167.0,7671.9653,-504.96533203125
2357.0,2221.3962,135.603759765625
1399.0,1599.171,-200.1710205078125
2482.0,2275.4128,206.587158203125
1552.0,1646.9921,-94.9920654296875
2857.0,3396.3066,-539.306640625
4781.0,3999.853,781.14697265625
3283.0,3380.594,-97.593994140625
905.0,914.0409,-9.0408935546875
1257.0,1297.6378,-40.6378173828125
776.0,642.0729,133.9271240234375
2230.0,2252.4114,-22.411376953125
2770.0,2742.4255,27.574462890625
4547.0,4608.453,-61.453125
2679.0,2581.2532,97.746826171875
1094.0,968.90326,125.09674072265625
18139.0,15802.352,2336.6484375
746.0,613.35223,132.64776611328125
589.0,515.2512,73.748779296875
3058.0,3221.127,-163.126953125
2494.0,2677.9746,-183.974609375
8056.0,7933.9136,122.08642578125
17999.0,15880.645,2118.35546875
15756.0,14668.46,1087.5400390625
5386.0,5315.2,70.7998046875
3853.0,3609.7144,243.28564453125
600.0,694.843,-94.843017578125
2274.0,2670.8103,-396.810302734375
622.0,741.3447,-119.3447265625
1816.0,1831.9236,-15.923583984375
2446.0,2433.4446,12.555419921875
1154.0,1197.1847,-43.1846923828125
1237.0,1262.149,-25.1490478515625
2394.0,2174.7312,219.268798828125
2383.0,2317.3708,65.629150390625
1932.0,1916.6249,15.3751220703125
591.0,580.16907,10.8309326171875
4186.0,4756.723,-570.72314453125
1262.0,1258.7686,3.2314453125
2462.0,2535.724,-73.72412109375
4103.0,4164.672,-61.671875
1020.0,1010.88525,9.11474609375
5154.0,4833.4443,320.5556640625
4707.0,4778.2197,-71.2197265625
4633.0,4315.422,317.578125
2801.0,2674.8494,126.150634765625
18023.0,15421.979,2601.021484375
6623.0,6068.9194,554.08056640625
3801.0,4490.19,-689.18994140625
8743.0,8470.874,272.1259765625
666.0,792.2995,-126.29949951171875
9970.0,9536.491,433.5087890625
3348.0,3434.3442,-86.34423828125
2081.0,2015.2113,65.7886962890625
1668.0,1601.5962,66.40380859375
626.0,631.1301,-5.130126953125
3820.0,3450.2673,369.732666015625
1017.0,976.3742,40.62579345703125
2789.0,2417.5583,371.441650390625
1883.0,2138.4355,-255.435546875
2964.0,2902.4631,61.536865234375
854.0,889.7801,-35.78009033203125
16879.0,15240.392,1638.6083984375
1574.0,1584.761,-10.760986328125
2724.0,3041.6,-317.60009765625
577.0,453.13168,123.86831665039062
4620.0,4552.8965,67.103515625
1878.0,1915.3452,-37.34521484375
956.0,842.5759,113.424072265625
715.0,830.4437,-115.4437255859375
5292.0,4912.1616,379.83837890625
711.0,749.307,-38.3070068359375
2821.0,2607.6948,213.30517578125
1020.0,965.7123,54.2877197265625
589.0,606.3303,-17.330322265625
4463.0,4348.691,114.30908203125
1809.0,2169.0535,-360.053466796875
18251.0,15325.544,2925.4560546875
5539.0,4341.827,1197.1728515625
3276.0,3518.673,-242.673095703125
1950.0,2096.4338,-146.433837890625
8652.0,7891.424,760.576171875
743.0,651.20074,91.79925537109375
10214.0,9756.542,457.4580078125
15275.0,14492.232,782.767578125
6272.0,5982.347,289.65283203125
12897.0,12997.28,-100.2802734375
773.0,811.8032,-38.80322265625
3950.0,3962.4236,-12.423583984375
3622.0,3641.9434,-19.943359375
9513.0,8698.561,814.439453125
1627.0,1916.8883,-289.8883056640625
2863.0,3190.2886,-327.28857421875
4476.0,4579.6313,-103.63134765625
5260.0,5055.8237,204.17626953125
2218.0,2488.977,-270.97705078125
4836.0,4808.5107,27.4892578125
5524.0,5152.4097,371.59033203125
686.0,673.0027,12.997314453125
2264.0,2262.4902,1.509765625
1244.0,1133.3254,110.674560546875
3064.0,3018.2651,45.73486328125
3877.0,3748.6536,128.346435546875
518.0,496.0377,21.962310791015625
2227.0,2440.6501,-213.650146484375
675.0,581.97095,93.029052734375
1161.0,1177.4988,-16.498779296875
2672.0,2335.4094,336.590576171875
895.0,947.244,-52.2440185546875
635.0,672.0636,-37.0635986328125
2420.0,2569.3298,-149.329833984375
723.0,772.1533,-49.1533203125
1326.0,1278.6473,47.3526611328125
11927.0,11364.676,562.32421875
12883.0,14560.757,-1677.7568359375
7464.0,8082.5947,-618.5947265625
3724.0,3892.7798,-168.77978515625
827.0,922.1108,-95.11077880859375
736.0,786.983,-50.98297119140625
4262.0,4215.215,46.78515625
14292.0,12680.903,1611.0966796875
1883.0,1923.8604,-40.8603515625
3369.0,3503.487,-134.487060546875
6963.0,6674.689,288.31103515625
6398.0,5284.807,1113.19287109375
10384.0,9607.428,776.572265625
726.0,766.35614,-40.35614013671875
714.0,615.09717,98.90283203125
561.0,579.53204,-18.53204345703125
13728.0,12514.056,1213.9443359375
10483.0,10053.6045,429.3955078125
13903.0,12547.662,1355.337890625
526.0,525.5765,0.42352294921875
3580.0,3404.3447,175.6552734375
798.0,666.2207,131.779296875
2459.0,2569.364,-110.364013671875
3780.0,4024.708,-244.7080078125
491.0,519.30817,-28.30816650390625
13377.0,13104.163,272.8369140625
1665.0,1556.416,108.583984375
11549.0,10832.936,716.064453125
1789.0,1751.1825,37.8175048828125
891.0,726.0706,164.92938232421875
1911.0,1920.0001,-9.0001220703125
3842.0,4027.3425,-185.342529296875
899.0,860.0799,38.92010498046875
4398.0,4677.426,-279.42578125
2333.0,1751.8811,581.118896484375
17751.0,15641.432,2109.568359375
1806.0,1797.0306,8.9693603515625
4484.0,4672.9263,-188.92626953125
906.0,796.9051,109.09490966796875
15338.0,13833.987,1504.0126953125
3741.0,3464.1917,276.808349609375
5206.0,5129.152,76.84814453125
4887.0,5105.619,-218.619140625
1294.0,1309.8013,-15.80126953125
2559.0,2619.0066,-60.006591796875
835.0,932.2322,-97.232177734375
449.0,451.00565,-2.005645751953125
880.0,956.49066,-76.49066162109375
854.0,739.0269,114.97308349609375
2813.0,3407.1648,-594.164794921875
2815.0,2437.6436,377.3564453125
12085.0,12853.37,-768.3701171875
684.0,657.4353,26.564697265625
772.0,903.0096,-131.00958251953125
5229.0,5290.461,-61.4609375
1692.0,1712.0825,-20.08251953125
6013.0,6444.5166,-431.5166015625
5455.0,4889.5356,565.46435546875
3720.0,3691.0945,28.905517578125
3265.0,3907.4268,-642.4267578125
18421.0,14752.766,3668.234375
847.0,944.4033,-97.4033203125
2177.0,2240.2957,-63.295654296875
903.0,799.5759,103.424072265625
4381.0,4634.7007,-253.70068359375
858.0,807.86304,50.136962890625
1155.0,1289.1432,-134.1431884765625
700.0,713.2634,-13.263427734375
3146.0,3376.5361,-230.5361328125
3066.0,2928.3208,137.67919921875
6630.0,7166.6675,-536.66748046875
6076.0,7086.3174,-1010.3173828125
1913.0,1921.1317,-8.1317138671875
8299.0,9237.643,-938.642578125
8896.0,9069.126,-173.1259765625
2499.0,2299.45,199.550048828125
1140.0,1025.2916,114.7083740234375
4202.0,4482.5127,-280.5126953125
463.0,474.8887,-11.888702392578125
1433.0,1375.5038,57.4962158203125
4656.0,4817.8306,-161.83056640625
7385.0,7738.7334,-353.7333984375
383.0,434.5305,-51.530487060546875
830.0,935.66455,-105.66455078125
957.0,888.45966,68.54034423828125
5174.0,4883.5366,290.46337890625
956.0,879.458,76.5419921875
1753.0,1758.1226,-5.12255859375
1116.0,1082.426,33.573974609375
2177.0,2116.6575,60.342529296875
1076.0,1052.714,23.2860107421875
6777.0,6202.8506,574.1494140625
829.0,898.19196,-69.19195556640625
1577.0,1576.1425,0.8575439453125
5323.0,5389.4097,-66.40966796875
880.0,765.71204,114.2879638671875
2246.0,2162.935,83.06494140625
3350.0,3417.6208,-67.620849609375
4194.0,4601.6353,-407.63525390625
667.0,742.7627,-75.7626953125
939.0,938.86163,0.13836669921875
798.0,803.08875,-5.0887451171875
2253.0,2330.687,-77.68701171875
1027.0,1101.5181,-74.51806640625
1876.0,1938.9036,-62.903564453125
552.0,523.62933,28.37066650390625
2334.0,2657.029,-323.029052734375
2872.0,2985.6064,-113.6064453125
3991.0,4232.2456,-241.24560546875
5241.0,5173.5513,67.44873046875
1605.0,1707.1998,-102.1998291015625
4956.0,4851.218,104.7822265625
687.0,715.44446,-28.4444580078125
522.0,674.45215,-152.4521484375
3070.0,3175.9648,-105.96484375
4189.0,4585.03,-396.02978515625
11500.0,14090.145,-2590.14453125
571.0,634.66174,-63.6617431640625
832.0,758.47363,73.5263671875
3888.0,4372.8213,-484.8212890625
602.0,725.3429,-123.3428955078125
15708.0,15083.438,624.5615234375
16427.0,15020.6045,1406.3955078125
5780.0,5541.395,238.60498046875
3713.0,4398.6797,-685.6796875
14952.0,14118.582,833.41796875
633.0,554.7366,78.263427734375
802.0,697.94696,104.05303955078125
11147.0,11308.344,-161.34375
10291.0,9975.368,315.6318359375
874.0,799.06683,74.93316650390625
5090.0,4590.478,499.52197265625
2441.0,2719.3582,-278.358154296875
416.0,500.76578,-84.76577758789062
1448.0,1630.3674,-182.367431640625
1948.0,1949.404,-1.404052734375
865.0,935.1845,-70.18450927734375
526.0,593.02075,-67.020751953125
1041.0,904.6435,136.35650634765625
665.0,619.5824,45.4176025390625
16241.0,14710.924,1530.076171875
14975.0,15456.833,-481.8330078125
7223.0,6903.9873,319.0126953125
749.0,605.62384,143.37615966796875
3620.0,3572.181,47.819091796875
9731.0,8796.476,934.5244140625
2345.0,2361.803,-16.802978515625
605.0,623.3138,-18.31378173828125
2907.0,3010.6443,-103.644287109375
701.0,742.8017,-41.80169677734375
2175.0,2236.2979,-61.2978515625
5132.0,5008.224,123.77587890625
1423.0,1490.7653,-67.7652587890625
480.0,386.88876,93.11123657226562
10043.0,9988.126,54.8740234375
3073.0,3118.3909,-45.390869140625
789.0,856.6345,-67.634521484375
9925.0,11889.266,-1964.265625
1076.0,1125.4323,-49.4322509765625
445.0,498.53583,-53.53582763671875
1607.0,1778.9731,-171.97314453125
2862.0,4062.5474,-1200.54736328125
5856.0,5716.381,139.619140625
3114.0,3503.8713,-389.871337890625
5504.0,4987.125,516.875
3391.0,2516.528,874.471923828125
2633.0,2904.7458,-271.745849609375
3496.0,4158.2056,-662.20556640625
1305.0,1083.8767,221.123291015625
6085.0,5976.045,108.955078125
15109.0,14224.98,884.01953125
1120.0,1172.9468,-52.94677734375
1170.0,1067.9529,102.047119140625
743.0,677.2339,65.76611328125
802.0,648.9537,153.04632568359375
1076.0,1014.959,61.041015625
9030.0,8043.811,986.18896484375
1607.0,1663.759,-56.759033203125
1744.0,1828.7755,-84.7755126953125
907.0,746.6563,160.34368896484375
5604.0,5371.171,232.8291015625
2184.0,2368.3083,-184.308349609375
5291.0,5199.113,91.88720703125
1856.0,1884.9333,-28.933349609375
744.0,669.47986,74.5201416015625
2538.0,2691.5266,-153.526611328125
7980.0,10990.078,-3010.078125
7310.0,6592.65,717.35009765625
3516.0,3061.7285,454.271484375
804.0,822.84357,-18.84356689453125
686.0,712.4533,-26.45330810546875
866.0,745.5231,120.4769287109375
574.0,519.74994,54.25006103515625
8112.0,7637.504,474.49609375
830.0,706.4527,123.54730224609375
2068.0,1802.8048,265.1951904296875
2040.0,2372.5679,-332.56787109375
3897.0,4227.17,-330.169921875
879.0,936.1743,-57.17431640625
3745.0,3580.1023,164.897705078125
2190.0,2312.1226,-122.12255859375
9489.0,8258.003,1230.9970703125
827.0,861.024,-34.02398681640625
942.0,806.5,135.5
2426.0,2502.7034,-76.703369140625
5395.0,5818.7305,-423.73046875
7136.0,6949.7065,186.29345703125
5709.0,5513.1523,195.84765625
4657.0,5121.711,-464.7109375
1223.0,1365.4066,-142.4066162109375
791.0,748.263,42.73699951171875
2875.0,3250.5076,-375.507568359375
4838.0,4707.388,130.61181640625
1232.0,1053.8586,178.141357421875
3832.0,4114.7627,-282.7626953125
720.0,661.01984,58.98016357421875
548.0,544.1784,3.82159423828125
13046.0,14204.983,-1158.9833984375
2893.0,3164.7292,-271.729248046875
4655.0,4555.5635,99.4365234375
1061.0,907.73425,153.2657470703125
9789.0,9087.24,701.759765625
9961.0,10499.069,-538.0693359375
18432.0,15882.371,2549.62890625
8362.0,9146.709,-784.708984375
5864.0,5926.184,-62.18408203125
696.0,720.9796,-24.9796142578125
886.0,941.85565,-55.85565185546875
763.0,933.2852,-170.28521728515625
561.0,639.9804,-78.98040771484375
867.0,918.58997,-51.5899658203125
666.0,641.37164,24.62835693359375
720.0,635.3863,84.61370849609375
5019.0,5245.964,-226.9638671875
1696.0,1691.0494,4.9505615234375
1974.0,1875.3508,98.649169921875
2362.0,2493.4192,-131.419189453125
697.0,634.1043,62.89569091796875
2143.0,2423.238,-280.238037109375
886.0,932.8924,-46.89239501953125
7564.0,7792.2915,-228.29150390625
424.0,444.7676,-20.767608642578125
8252.0,7710.4194,541.58056640625
2901.0,2973.1287,-72.128662109375
1558.0,1661.3682,-103.3681640625
3704.0,3491.093,212.906982421875
2440.0,2443.3352,-3.335205078125
1079.0,1053.6539,25.3460693359375
3308.0,3064.9255,243.074462890625
6150.0,6331.5786,-181.57861328125
835.0,769.1229,65.8770751953125
5624.0,5469.0303,154.9697265625
576.0,662.1927,-86.19268798828125
2443.0,2823.7727,-380.772705078125
452.0,488.80597,-36.80596923828125
473.0,476.96912,-3.9691162109375
4166.0,4395.6343,-229.63427734375
1098.0,1164.4572,-66.4571533203125
1758.0,1882.3246,-124.3245849609375
2007.0,2189.272,-182.27197265625
1295.0,1270.3793,24.6207275390625
571.0,561.12494,9.87506103515625
1200.0,1141.1356,58.8643798828125
770.0,837.8687,-67.86871337890625
10993.0,10373.099,619.9013671875
4657.0,4460.6997,196.30029296875
814.0,855.81494,-41.81494140625
11793.0,12587.817,-794.8173828125
1088.0,1210.8542,-122.854248046875
3696.0,4395.085,-699.0849609375
1067.0,1025.2916,41.7083740234375
573.0,651.58307,-78.58306884765625
1899.0,2058.178,-159.177978515625
456.0,466.6028,-10.602813720703125
1192.0,1120.5957,71.404296875
2575.0,2817.496,-242.49609375
669.0,744.82996,-75.8299560546875
2445.0,2308.8457,136.154296875
1253.0,1324.736,-71.7359619140625
961.0,1004.86755,-43.8675537109375
3630.0,3362.6272,267.372802734375
2110.0,2054.0227,55.977294921875
645.0,686.3913,-41.39129638671875
842.0,949.0376,-107.03759765625
1939.0,1938.4504,0.549560546875
10830.0,10189.613,640.38671875
8631.0,8998.379,-367.37890625
10622.0,10012.619,609.380859375
10681.0,10421.591,259.4091796875
7388.0,7777.419,-389.4189453125
1877.0,1897.0721,-20.0721435546875
886.0,934.1151,-48.1151123046875
8915.0,8854.337,60.6630859375
904.0,899.3877,4.6123046875
5096.0,5566.1025,-470.1025390625
1754.0,1809.1697,-55.169677734375
1092.0,1007.0056,84.994384765625
589.0,608.66376,-19.66375732421875
5014.0,5452.503,-438.5029296875
8710.0,7840.8784,869.12158203125
1659.0,1774.2323,-115.2322998046875
953.0,903.60596,49.39404296875
3299.0,3315.6055,-16.60546875
6048.0,5837.1636,210.83642578125
685.0,809.9705,-124.97052001953125
4269.0,4440.356,-171.35595703125
663.0,590.6386,72.36138916015625
701.0,805.2884,-104.28839111328125
1107.0,1065.0159,41.984130859375
5666.0,5411.075,254.9248046875
11404.0,12281.992,-877.9921875
2723.0,2716.1094,6.890625
3137.0,3186.2617,-49.26171875
15615.0,15035.438,579.5615234375
1929.0,2168.509,-239.509033203125
825.0,809.84753,15.1524658203125
8113.0,8008.192,104.80810546875
17204.0,15831.647,1372.3525390625
720.0,647.27014,72.7298583984375
3168.0,4137.2476,-969.24755859375
5514.0,5150.3755,363.62451171875
712.0,650.2299,61.77008056640625
5013.0,4630.591,382.4091796875
456.0,514.33575,-58.33575439453125
9541.0,9697.427,-156.4267578125
2633.0,2447.48,185.52001953125
713.0,738.2884,-25.28839111328125
554.0,468.22305,85.77694702148438
925.0,974.2834,-49.28338623046875
4484.0,4519.3496,-35.349609375
477.0,497.48743,-20.4874267578125
1316.0,1351.3145,-35.314453125
1605.0,1701.9509,-96.950927734375
8602.0,8117.2676,484.732421875
910.0,888.5385,21.46148681640625
1116.0,1197.8848,-81.884765625
754.0,759.14246,-5.1424560546875
868.0,967.7223,-99.7222900390625
9769.0,12156.524,-2387.5244140625
2840.0,2870.3943,-30.394287109375
714.0,736.1313,-22.13128662109375
593.0,478.41583,114.58416748046875
9487.0,9640.481,-153.4814453125
926.0,776.65607,149.34393310546875
2481.0,2510.3125,-29.3125
7587.0,7247.617,339.3828125
1667.0,1802.3035,-135.303466796875
9642.0,9447.878,194.1220703125
17366.0,15109.326,2256.673828125
1890.0,1723.4484,166.5516357421875
6375.0,6308.8696,66.13037109375
7173.0,6243.082,929.91796875
4252.0,4052.0278,199.97216796875
5321.0,5323.877,-2.876953125
1588.0,1517.7451,70.2548828125
3634.0,3377.7893,256.210693359375
1097.0,1116.305,-19.3050537109375
602.0,599.86755,2.1324462890625
13099.0,12504.129,594.87109375
12874.0,12317.442,556.5576171875
12308.0,11182.066,1125.93359375
7395.0,6907.491,487.5087890625
1691.0,1756.2932,-65.293212890625
3653.0,3542.7922,110.207763671875
6837.0,6442.3535,394.646484375
6250.0,6295.891,-45.89111328125
807.0,829.33673,-22.33673095703125
1715.0,1976.4763,-261.476318359375
14196.0,13552.867,643.1328125
4720.0,4994.9517,-274.95166015625
1689.0,1468.528,220.4720458984375
3465.0,3201.0012,263.998779296875
614.0,698.58014,-84.58013916015625
4579.0,5148.705,-569.705078125
5515.0,5417.877,97.123046875
1025.0,863.2613,161.73870849609375
540.0,450.23965,89.76034545898438
990.0,1023.5167,-33.5167236328125
3004.0,3281.7993,-277.79931640625
3601.0,3191.0193,409.980712890625
17263.0,15170.811,2092.189453125
6667.0,6590.0723,76.927734375
1809.0,1795.8949,13.1051025390625
2793.0,2714.3762,78.623779296875
3884.0,5013.4004,-1129.400390625
7718.0,7337.1055,380.89453125
1699.0,1565.0007,133.999267578125
13001.0,13688.894,-687.8935546875
1956.0,1882.259,73.740966796875
3763.0,4416.9355,-653.935546875
1117.0,992.5527,124.44732666015625
14476.0,15517.274,-1041.2744140625
13536.0,13902.17,-366.169921875
3135.0,3860.3784,-725.37841796875
1286.0,1187.3208,98.67919921875
2430.0,2550.478,-120.47802734375
5551.0,6172.3438,-621.34375
3964.0,4663.0947,-699.0947265625
6443.0,7479.675,-1036.6748046875
1219.0,1167.3623,51.6376953125
3422.0,3074.9856,347.014404296875
1340.0,1424.9829,-84.98291015625
475.0,555.3448,-80.34478759765625
2858.0,3163.395,-305.39501953125
816.0,779.489,36.510986328125
17676.0,16847.832,828.16796875
14650.0,13784.9795,865.0205078125
4879.0,5661.8774,-782.87744140625
3738.0,4126.074,-388.07421875
5075.0,4974.7197,100.2802734375
2620.0,2372.8645,247.135498046875
879.0,1053.5232,-174.523193359375
528.0,658.2792,-130.2791748046875
650.0,621.6703,28.3297119140625
842.0,877.8297,-35.8297119140625
9386.0,7821.876,1564.1240234375
1893.0,2015.8218,-122.82177734375
439.0,458.16223,-19.1622314453125
878.0,886.9557,-8.9556884765625
878.0,722.8894,155.110595703125
1348.0,1482.5579,-134.557861328125
4688.0,4750.0127,-62.0126953125
628.0,482.30957,145.6904296875
9176.0,9236.118,-60.1181640625
1374.0,1097.0575,276.9425048828125
1637.0,1661.732,-24.7320556640625
4273.0,4518.4487,-245.44873046875
4114.0,3932.4502,181.5498046875
2202.0,2238.7124,-36.71240234375
17892.0,15489.27,2402.73046875
15134.0,16318.596,-1184.595703125
6791.0,6068.433,722.56689453125
762.0,796.77496,-34.77496337890625
2363.0,2359.1523,3.84765625
984.0,1000.296,-16.2960205078125
1289.0,1303.3922,-14.3922119140625
2503.0,2626.16,-123.159912109375
7441.0,8274.182,-833.181640625
9804.0,8839.579,964.4208984375
12271.0,15051.752,-2780.751953125
876.0,803.6867,72.31329345703125
1235.0,1191.1927,43.8072509765625
8645.0,7978.276,666.72412109375
473.0,525.28876,-52.28875732421875
2348.0,2429.618,-81.617919921875
3435.0,3275.6343,159.36572265625
1036.0,1117.7167,-81.7166748046875
605.0,606.3839,-1.3839111328125
2804.0,3097.1514,-293.1513671875
9208.0,9243.327,-35.3271484375
2952.0,2913.292,38.7080078125
521.0,524.66705,-3.66705322265625
3562.0,4360.2383,-798.23828125
1063.0,1266.4026,-203.402587890625
4884.0,4734.5015,149.49853515625
4580.0,4787.102,-207.10205078125
8736.0,8165.3804,570.61962890625
2428.0,2420.0854,7.91455078125
4416.0,4224.1387,191.861328125
723.0,787.04083,-64.04083251953125
5910.0,5234.6772,675.32275390625
1956.0,2128.0876,-172.087646484375
3650.0,3484.103,165.89697265625
8856.0,8648.98,207.01953125
7923.0,8838.609,-915.609375
2399.0,2470.7888,-71.788818359375
4641.0,4405.167,235.8330078125
1114.0,1036.0992,77.9007568359375
1227.0,1170.001,56.9990234375
3416.0,3254.7896,161.21044921875
3620.0,3866.5295,-246.529541015625
1007.0,1067.534,-60.5340576171875
411.0,445.45233,-34.45233154296875
1762.0,1823.5385,-61.5384521484375
6324.0,6374.9614,-50.96142578125
3795.0,4181.71,-386.7099609375
4748.0,5185.265,-437.26513671875
3602.0,4098.431,-496.43115234375
897.0,810.0753,86.9246826171875
1974.0,1912.7974,61.20263671875
6872.0,8051.6714,-1179.67138671875
3852.0,4003.1738,-151.173828125
5949.0,5495.291,453.708984375
2394.0,2592.8103,-198.810302734375
1153.0,1069.0774,83.922607421875
1041.0,868.21375,172.7862548828125
756.0,672.0893,83.91070556640625
491.0,573.9556,-82.95562744140625
7240.0,7262.8555,-22.85546875
6236.0,5789.3613,446.638671875
482.0,491.35016,-9.35015869140625
1187.0,1172.5349,14.465087890625
553.0,518.42914,34.57086181640625
1148.0,1054.2893,93.710693359375
1864.0,1893.6514,-29.6513671875
1145.0,1262.6154,-117.6153564453125
17849.0,14923.519,2925.4814453125
8776.0,9262.363,-486.36328125
3324.0,3394.5447,-70.544677734375
879.0,929.2284,-50.2283935546875
5866.0,5028.5537,837.4462890625
1600.0,1660.9917,-60.99169921875
3283.0,3255.8484,27.151611328125
7161.0,7581.8276,-420.82763671875
7426.0,6445.734,980.26611328125
755.0,772.01733,-17.017333984375
547.0,604.7509,-57.75091552734375
6653.0,6896.8525,-243.8525390625
8131.0,7391.7397,739.26025390625
14574.0,15134.695,-560.6953125
7928.0,8699.971,-771.970703125
702.0,641.9294,60.07061767578125
2831.0,3041.7017,-210.70166015625
1254.0,1334.5325,-80.532470703125
13485.0,12475.421,1009.5791015625
8120.0,8103.096,16.90380859375
18701.0,29801.29,-11100.2890625
4502.0,5696.84,-1194.83984375
988.0,927.82025,60.17974853515625
2189.0,2068.62,120.3798828125
865.0,907.07025,-42.07025146484375
2137.0,2061.1768,75.8232421875
523.0,464.70697,58.29302978515625
1056.0,1093.448,-37.447998046875
3563.0,4148.4194,-585.41943359375
680.0,641.4795,38.5205078125
3801.0,3537.2842,263.7158203125
959.0,914.8594,44.140625
2042.0,2299.915,-257.9150390625
6217.0,5665.1187,551.88134765625
552.0,627.7335,-75.7335205078125
2986.0,2970.9214,15.07861328125
1284.0,1349.483,-65.4830322265625
13976.0,13658.351,317.6494140625
10833.0,14053.64,-3220.6396484375
4044.0,4057.644,-13.64404296875
1044.0,961.6032,82.39678955078125
7602.0,7418.3457,183.654296875
2596.0,2683.6191,-87.619140625
1052.0,1029.9669,22.0330810546875
3129.0,3270.2485,-141.24853515625
477.0,512.02203,-35.02203369140625
1449.0,1433.4073,15.5926513671875
3472.0,3236.5217,235.478271484375
544.0,638.5653,-94.5653076171875
877.0,858.91376,18.08624267578125
4536.0,4627.712,-91.7119140625
1693.0,1621.0872,71.912841796875
771.0,781.9574,-10.9573974609375
2869.0,3098.972,-229.971923828125
7437.0,9277.96,-1840.9599609375
1056.0,1081.3541,-25.3541259765625
4707.0,4519.5737,187.42626953125
5051.0,4770.0454,280.95458984375
2854.0,2913.5435,-59.54345703125
2138.0,2169.2356,-31.235595703125
648.0,603.30066,44.6993408203125
5159.0,5270.234,-111.23388671875
4284.0,3996.8438,287.15625
5982.0,5114.315,867.68505859375
1133.0,1051.7859,81.214111328125
1678.0,1780.7385,-102.738525390625
732.0,668.80023,63.19976806640625
4493.0,4671.972,-178.97216796875
6559.0,6465.8945,93.10546875
4210.0,3976.1035,233.896484375
1402.0,1550.9376,-148.9376220703125
7773.0,7989.089,-216.0888671875
892.0,967.363,-75.36297607421875
5113.0,4582.6816,530.318359375
2859.0,2853.834,5.166015625
16316.0,15344.688,971.3115234375
11157.0,12086.558,-929.5576171875
8794.0,9655.757,-861.7568359375
8810.0,9564.328,-754.328125
1013.0,871.77765,141.22235107421875
3201.0,3481.2224,-280.222412109375
990.0,996.50366,-6.503662109375
625.0,718.7344,-93.734375
491.0,537.0061,-46.006103515625
4914.0,5126.6035,-212.603515625
12823.0,11957.7705,865.2294921875
1030.0,920.9407,109.059326171875
18293.0,15104.341,3188.6591796875
15813.0,14211.258,1601.7421875
557.0,499.76404,57.2359619140625
2178.0,2300.8357,-122.835693359375
2401.0,2433.1765,-32.176513671875
1350.0,1196.6638,153.336181640625
9124.0,8444.415,679.5849609375
399.0,462.76483,-63.76483154296875
4466.0,4302.0435,163.95654296875
6255.0,7500.8286,-1245.82861328125
3154.0,3358.4534,-204.453369140625
565.0,612.5147,-47.51470947265625
3854.0,3610.4202,243.579833984375
505.0,596.5848,-91.58477783203125
15826.0,15395.82,430.1796875
3031.0,2804.2651,226.73486328125
4422.0,4713.3955,-291.3955078125
766.0,808.0185,-42.01849365234375
936.0,1104.3933,-168.393310546875
4137.0,4192.5337,-55.53369140625
2342.0,2172.7703,169.229736328125
14731.0,14263.768,467.232421875
12179.0,11754.046,424.9541015625
854.0,900.6504,-46.650390625
5005.0,4891.602,113.39794921875
810.0,734.512,75.48797607421875
1640.0,1656.6157,-16.61572265625
2121.0,2279.5132,-158.51318359375
2313.0,2098.7986,214.201416015625
789.0,787.6882,1.31182861328125
608.0,556.03656,51.96343994140625
6897.0,6954.216,-57.2158203125
1292.0,1452.64,-160.6400146484375
4925.0,4922.532,2.4677734375
3357.0,3529.0435,-172.04345703125
540.0,485.7626,54.237396240234375
6865.0,7097.939,-232.93896484375
447.0,472.05206,-25.05206298828125
844.0,763.9807,80.019287109375
705.0,659.14233,45.857666015625
2898.0,3175.0684,-277.068359375
1107.0,1035.4249,71.5750732421875
11360.0,10787.004,572.99609375
5519.0,6010.562,-491.56201171875
2494.0,2525.386,-31.385986328125
2961.0,2682.3457,278.654296875
4186.0,4112.918,73.08203125
730.0,758.7514,-28.75140380859375
4318.0,4324.248,-6.248046875
596.0,677.85474,-81.854736328125
808.0,809.98596,-1.9859619140625
2117.0,2192.9766,-75.9765625
4133.0,4482.705,-349.705078125
1041.0,923.48425,117.5157470703125
990.0,918.5119,71.48809814453125
4918.0,5214.121,-296.12109375
521.0,534.18414,-13.18414306640625
2596.0,2381.2783,214.7216796875
2137.0,2522.7961,-385.796142578125
2789.0,2529.3804,259.61962890625
4779.0,5731.242,-952.2421875
7083.0,7242.918,-159.91796875
3660.0,3553.5996,106.400390625
5393.0,5272.471,120.52880859375
1958.0,2100.6707,-142.670654296875
1783.0,1878.8353,-95.8353271484375
9700.0,9281.694,418.3056640625
1076.0,1069.1167,6.88330078125
3387.0,3630.59,-243.590087890625
1125.0,1038.5505,86.449462890625
16583.0,15347.807,1235.193359375
1012.0,979.0305,32.969482421875
13828.0,12664.743,1163.2568359375
1163.0,973.647,189.35302734375
2199.0,2091.4243,107.57568359375
1364.0,1362.4928,1.5072021484375
555.0,663.1414,-108.14141845703125
2307.0,2549.4634,-242.46337890625
1263.0,1193.4108,69.5892333984375
765.0,670.04987,94.95013427734375
1320.0,1294.6324,25.3675537109375
5871.0,5004.432,866.56787109375
6468.0,6374.8457,93.154296875
5551.0,5582.985,-31.98486328125
6762.0,6113.645,648.35498046875
6846.0,6543.7905,302.20947265625
2389.0,2705.6648,-316.664794921875
1677.0,1890.1349,-213.1348876953125
710.0,576.64844,133.3515625
730.0,697.9676,32.03240966796875
1349.0,1166.3131,182.6868896484375
5193.0,5128.8584,64.1416015625
8950.0,8006.8936,943.1064453125
2510.0,2696.5103,-186.51025390625
8024.0,7416.9873,607.0126953125
6464.0,6427.224,36.77587890625
8707.0,8260.776,446.2236328125
589.0,656.0703,-67.0703125
1207.0,1205.2344,1.765625
4142.0,4054.255,87.7451171875
4793.0,4979.733,-186.73291015625
1360.0,1459.2384,-99.2384033203125
9326.0,8057.387,1268.61279296875
6644.0,6884.0435,-240.04345703125
15928.0,12981.163,2946.8369140625
1935.0,1843.0352,91.96484375
3457.0,3232.0571,224.94287109375
445.0,496.14767,-51.147674560546875
1024.0,1019.79895,4.2010498046875
3170.0,3262.7976,-92.797607421875
6439.0,6011.531,427.46923828125
9263.0,9640.638,-377.6376953125
9720.0,10228.581,-508.5810546875
886.0,944.38525,-58.38525390625
743.0,651.40045,91.59954833984375
631.0,555.71234,75.28765869140625
2197.0,2404.6958,-207.69580078125
855.0,792.2995,62.70050048828125
3535.0,3549.165,-14.1650390625
684.0,796.2631,-112.26312255859375
1624.0,1705.2867,-81.2867431640625
5491.0,5433.7188,57.28125
3250.0,3226.0042,23.995849609375
2967.0,3003.2034,-36.203369140625
4011.0,4159.074,-148.07421875
2648.0,2630.0913,17.90869140625
1607.0,1624.656,-17.656005859375
755.0,758.26794,-3.2679443359375
660.0,783.1205,-123.1204833984375
4277.0,3496.809,780.19091796875
15047.0,14070.189,976.810546875
743.0,634.27814,108.72186279296875
4125.0,4308.3594,-183.359375
1415.0,1535.3392,-120.3392333984375
15818.0,16538.941,-720.94140625
5224.0,5278.6206,-54.62060546875
16793.0,14765.913,2027.0869140625
2484.0,2450.3162,33.683837890625
5292.0,4886.174,405.826171875
1915.0,2086.5918,-171.591796875
737.0,732.8774,4.12261962890625
9901.0,10358.664,-457.6640625
2062.0,2057.257,4.742919921875
3450.0,4154.3833,-704.38330078125
2781.0,2706.6497,74.350341796875
489.0,504.58472,-15.584716796875
5456.0,5448.479,7.52099609375
3308.0,3513.3367,-205.336669921875
8170.0,7997.5664,172.43359375
1546.0,1511.2378,34.76220703125
1572.0,1588.2909,-16.2908935546875
1084.0,1040.422,43.5780029296875
18281.0,15888.432,2392.568359375
612.0,574.0159,37.98406982421875
7755.0,7363.4517,391.54833984375
17895.0,15900.377,1994.623046875
1569.0,1663.8749,-94.8748779296875
5198.0,4613.1943,584.8056640625
3169.0,3056.6125,112.387451171875
5783.0,6087.512,-304.51220703125
5767.0,6109.372,-342.3720703125
13132.0,12817.93,314.0703125
421.0,422.42526,-1.425262451171875
6773.0,6531.8984,241.1015625
8705.0,8099.156,605.84423828125
6931.0,7270.0913,-339.09130859375
974.0,1007.39746,-33.3974609375
449.0,436.93347,12.0665283203125
8321.0,7730.4785,590.521484375
2161.0,2227.6245,-66.62451171875
844.0,720.5604,123.4395751953125
8270.0,9157.376,-887.3759765625
1046.0,894.55054,151.449462890625
5376.0,5173.8525,202.1474609375
1884.0,1942.2903,-58.290283203125
2345.0,2533.2297,-188.229736328125
2041.0,2177.2756,-136.275634765625
7160.0,6395.1196,764.88037109375
2376.0,2199.5542,176.44580078125
754.0,744.3127,9.68731689453125
723.0,806.52075,-83.520751953125
10625.0,11054.942,-429.9423828125
7715.0,7922.9185,-207.91845703125
10180.0,11539.806,-1359.8056640625
4911.0,4673.4165,237.58349609375
990.0,867.34424,122.65576171875
4742.0,4850.6533,-108.6533203125
4496.0,4340.8496,155.150390625
16311.0,13804.056,2506.9443359375
6059.0,6184.743,-125.7431640625
9618.0,12496.284,-2878.2841796875
2564.0,2752.4434,-188.443359375
1580.0,1714.0409,-134.0408935546875
12720.0,14711.569,-1991.5693359375
1973.0,1904.1648,68.835205078125
4304.0,4299.828,4.171875
1811.0,2082.6724,-271.67236328125
5581.0,6001.745,-420.7451171875
7816.0,7792.864,23.13623046875
5070.0,5144.503,-74.5029296875
2573.0,2487.7104,85.28955078125
671.0,650.9237,20.0762939453125
1746.0,1856.715,-110.7149658203125
542.0,580.1768,-38.17681884765625
4785.0,5016.481,-231.48095703125
2563.0,2712.2266,-149.2265625
2239.0,2376.3613,-137.361328125
1562.0,1446.0382,115.9617919921875
1689.0,1750.6704,-61.67041015625
1378.0,1482.8309,-104.8309326171875
3864.0,5118.058,-1254.05810546875
997.0,896.7096,100.2904052734375
2177.0,2287.9236,-110.923583984375
945.0,874.02747,70.9725341796875
918.0,923.86255,-5.862548828125
2328.0,2568.8137,-240.813720703125
1085.0,961.9209,123.0791015625
4125.0,3881.6035,243.396484375
2482.0,2542.1492,-60.149169921875
2658.0,2521.5823,136.417724609375
2437.0,2750.463,-313.462890625
7534.0,10220.623,-2686.623046875
485.0,500.81244,-15.81243896484375
603.0,699.4276,-96.4276123046875
1239.0,1240.8988,-1.8988037109375
1799.0,1902.2372,-103.2371826171875
864.0,845.94543,18.0545654296875
898.0,835.4813,62.5186767578125
10268.0,10802.653,-534.6533203125
18050.0,15987.325,2062.6748046875
17891.0,15932.71,1958.2900390625
3528.0,3534.8826,-6.882568359375
923.0,822.80585,100.19415283203125
3914.0,4550.573,-636.5732421875
1607.0,1718.5889,-111.5888671875
12390.0,11694.591,695.4091796875
3208.0,3454.9443,-246.9443359375
3453.0,3783.631,-330.631103515625
720.0,593.6199,126.380126953125
5484.0,4623.653,860.34716796875
4935.0,4407.9917,527.00830078125
3574.0,3755.1997,-181.19970703125
574.0,455.69632,118.30368041992188
7964.0,7403.862,560.13818359375
2511.0,2453.946,57.053955078125
5899.0,5646.959,252.041015625
3947.0,3398.4067,548.59326171875
1721.0,1826.5555,-105.5555419921875
9274.0,9757.752,-483.751953125
2512.0,2440.6477,71.352294921875
4957.0,5223.2656,-266.265625
810.0,859.054,-49.05401611328125
2215.0,2294.0571,-79.05712890625
855.0,853.9356,1.06439208984375
4700.0,4555.1855,144.814453125
684.0,684.5386,-0.53857421875
8923.0,8624.745,298.2548828125
1936.0,1999.8721,-63.8720703125
4295.0,4562.8394,-267.83935546875
949.0,1001.15247,-52.1524658203125
10116.0,9706.227,409.7734375
5494.0,5597.3813,-103.38134765625
4137.0,4224.9526,-87.95263671875
4469.0,4374.7026,94.29736328125
2993.0,3130.2742,-137.274169921875
4666.0,4592.2603,73.73974609375
14857.0,15403.634,-546.6337890625
1377.0,1320.9926,56.0074462890625
884.0,869.85913,14.140869140625
7325.0,6940.923,384.0771484375
4604.0,4607.178,-3.17822265625
4416.0,4265.834,150.166015625
448.0,498.84177,-50.841766357421875
1665.0,1671.0837,-6.083740234375
1349.0,1331.5186,17.4814453125
12963.0,14068.807,-1105.806640625
610.0,642.26825,-32.26824951171875
4750.0,4904.296,-154.2958984375
12778.0,12293.993,484.0068359375
956.0,1108.7535,-152.7535400390625
4241.0,3812.4524,428.547607421875
6722.0,6496.8853,225.11474609375
4262.0,3975.4968,286.503173828125
1757.0,2122.407,-365.406982421875
608.0,534.9861,73.013916015625
7187.0,6239.79,947.2099609375
1061.0,929.0341,131.96588134765625
1131.0,1236.4648,-105.46484375
905.0,842.2297,62.77032470703125
1814.0,1777.3358,36.6641845703125
1265.0,1166.0393,98.960693359375
2045.0,1893.7263,151.273681640625
945.0,793.2541,151.74591064453125
9276.0,9548.187,-272.1865234375
1785.0,1806.4528,-21.4527587890625
601.0,557.57526,43.42474365234375
1857.0,1914.2607,-57.2607421875
526.0,500.18497,25.815032958984375
2303.0,2558.9548,-255.954833984375
797.0,701.8593,95.14068603515625
2131.0,2283.9106,-152.91064453125
1880.0,2039.9098,-159.9097900390625
628.0,670.24506,-42.24505615234375
788.0,845.373,-57.37298583984375
14215.0,15658.746,-1443.74609375
11640.0,12488.302,-848.3017578125
8281.0,10063.495,-1782.4951171875
17365.0,16369.803,995.197265625
1402.0,1552.5117,-150.51171875
5056.0,5117.0083,-61.00830078125
4150.0,4738.595,-588.59521484375
911.0,868.1653,42.834716796875
5257.0,5079.6455,177.3544921875
596.0,689.36896,-93.36895751953125
15968.0,14440.136,1527.8642578125
15249.0,14592.955,656.044921875
1267.0,1290.828,-23.8280029296875
607.0,648.55457,-41.5545654296875
1736.0,1844.7445,-108.7445068359375
4770.0,4680.0635,89.9365234375
3710.0,3911.4731,-201.47314453125
790.0,892.19385,-102.19384765625
1582.0,1555.4167,26.583251953125
5663.0,5419.7944,243.20556640625
791.0,882.91077,-91.9107666015625
3166.0,2908.8845,257.115478515625
1677.0,1794.7986,-117.798583984375
5744.0,5254.5127,489.4873046875
2164.0,2425.867,-261.866943359375
2885.0,3911.9731,-1026.97314453125
7903.0,7147.1714,755.82861328125
10161.0,9142.383,1018.6171875
2757.0,2829.0012,-72.001220703125
4142.0,4132.838,9.162109375
6132.0,6984.0483,-852.04833984375
1265.0,1411.3944,-146.3944091796875
790.0,764.5609,25.4390869140625
3472.0,4168.0225,-696.0224609375
10113.0,9649.404,463.595703125
881.0,857.62396,23.37603759765625
767.0,860.96106,-93.9610595703125
1624.0,1603.911,20.0889892578125
17138.0,15266.054,1871.9462890625
2066.0,1998.0343,67.9656982421875
13228.0,13619.496,-391.49609375
561.0,625.3937,-64.3936767578125
776.0,647.37805,128.6219482421875
2912.0,2876.6335,35.366455078125
2346.0,2565.9285,-219.928466796875
4653.0,5027.412,-374.412109375
776.0,666.1453,109.85467529296875
941.0,817.8883,123.1116943359375
482.0,475.14157,6.858428955078125
9645.0,8181.9077,1463.09228515625
948.0,976.2591,-28.25909423828125
2499.0,2547.4333,-48.433349609375
16357.0,14573.511,1783.4892578125
640.0,655.25745,-15.2574462890625
802.0,699.33014,102.66986083984375
8970.0,8417.34,552.66015625
2265.0,2658.047,-393.047119140625
1454.0,1388.8231,65.1768798828125
802.0,711.52344,90.4765625
2858.0,2738.7417,119.25830078125
628.0,506.19193,121.80807495117188
652.0,668.959,-16.958984375
624.0,537.53046,86.46954345703125
2599.0,2634.2676,-35.267578125
5082.0,4899.4194,182.58056640625
3266.0,3332.4465,-66.446533203125
4334.0,4676.752,-342.751953125
11262.0,11087.391,174.609375
737.0,837.8059,-100.805908203125
7588.0,7768.2183,-180.21826171875
7236.0,6675.3003,560.69970703125
2853.0,2619.2302,233.769775390625
2797.0,2644.2437,152.75634765625
1074.0,1116.9115,-42.9114990234375
4399.0,4883.714,-484.7138671875
780.0,716.9088,63.0911865234375
533.0,505.1091,27.890899658203125
716.0,833.59125,-117.59124755859375
995.0,976.0005,18.99951171875
544.0,521.2696,22.73040771484375
1702.0,1874.416,-172.416015625
906.0,792.6174,113.38262939453125
969.0,866.0951,102.9049072265625
8019.0,7789.2,229.7998046875
1338.0,1238.299,99.7010498046875
734.0,931.40533,-197.40533447265625
14691.0,15714.07,-1023.0703125
7823.0,7949.965,-126.96484375
5096.0,4887.4277,208.572265625
3599.0,3315.8838,283.1162109375
7577.0,6639.3726,937.62744140625
2285.0,2409.4897,-124.48974609375
1080.0,948.5585,131.4415283203125
984.0,840.93994,143.06005859375
1332.0,1217.622,114.3780517578125
3922.0,4097.8174,-175.8173828125
13811.0,14937.873,-1126.873046875
14725.0,15329.607,-604.607421875
4633.0,4837.697,-204.69677734375
4275.0,3807.1501,467.849853515625
3489.0,3563.1755,-74.175537109375
10993.0,11917.671,-924.6708984375
4746.0,4515.282,230.7177734375
4778.0,4553.578,224.421875
567.0,642.9557,-75.9556884765625
1802.0,2004.52,-202.52001953125
1400.0,1388.867,11.133056640625
1851.0,1902.4586,-51.4586181640625
2365.0,2362.4983,2.501708984375
7430.0,6080.293,1349.70703125
4958.0,5246.5693,-288.5693359375
498.0,471.15155,26.84844970703125
522.0,530.0353,-8.0352783203125
729.0,644.8768,84.12322998046875
579.0,664.05475,-85.05474853515625
7983.0,8560.175,-577.1748046875
4043.0,3656.2327,386.767333984375
1017.0,1023.61597,-6.615966796875
6257.0,6439.9453,-182.9453125
5599.0,5670.898,-71.89794921875
1080.0,973.6641,106.33587646484375
5781.0,5752.2725,28.7275390625
10839.0,10789.628,49.3720703125
1065.0,847.3176,217.682373046875
4906.0,4895.397,10.60302734375
4668.0,5008.3433,-340.34326171875
900.0,782.45935,117.5406494140625
3352.0,4125.921,-773.9208984375
2352.0,2406.803,-54.802978515625
452.0,483.40457,-31.404571533203125
2012.0,1923.1024,88.8975830078125
1605.0,1530.5271,74.472900390625
4281.0,4176.5195,104.48046875
619.0,732.904,-113.90399169921875
621.0,572.8094,48.19061279296875
844.0,685.2588,158.7412109375
4661.0,4705.6553,-44.6552734375
3510.0,3414.756,95.243896484375
11965.0,14700.672,-2735.671875
800.0,830.0089,-30.0089111328125
798.0,692.29083,105.70916748046875
16778.0,15010.4795,1767.5205078125
1656.0,1708.0609,-52.0609130859375
1063.0,967.90753,95.09246826171875
3833.0,3912.3164,-79.31640625
873.0,926.0959,-53.09588623046875
2233.0,2385.0312,-152.03125
4150.0,4231.071,-81.07080078125
4271.0,4010.7268,260.273193359375
597.0,580.19293,16.80706787109375
459.0,471.34116,-12.341156005859375
7503.0,7312.597,190.40283203125
723.0,775.937,-52.93701171875
367.0,374.3709,-7.37091064453125
15671.0,14073.114,1597.8857421875
4331.0,4457.093,-126.0927734375
558.0,548.04315,9.95684814453125
4228.0,4068.0657,159.934326171875
5056.0,5485.315,-429.31494140625
1221.0,1136.9438,84.05615234375
842.0,950.6091,-108.60906982421875
984.0,967.91956,16.0804443359375
1669.0,1721.1935,-52.1934814453125
4218.0,4519.3584,-301.3583984375
900.0,736.4305,163.56951904296875
1873.0,1969.9583,-96.958251953125
4953.0,5086.5015,-133.50146484375
679.0,612.05585,66.94415283203125
4278.0,5830.3584,-1552.3583984375
3303.0,3375.0354,-72.035400390625
17168.0,16139.438,1028.5615234375
8055.0,8034.043,20.95703125
4237.0,4559.4067,-322.40673828125
9831.0,8618.783,1212.216796875
460.0,418.18085,41.81915283203125
2729.0,2639.4233,89.57666015625
1109.0,1317.1221,-208.1220703125
5294.0,4459.81,834.18994140625
7832.0,7433.517,398.48291015625
1679.0,1476.6514,202.3486328125
8121.0,7865.274,255.72607421875
1318.0,1371.1963,-53.1962890625
17523.0,15664.691,1858.30859375
560.0,553.4814,6.51861572265625
671.0,757.2216,-86.22161865234375
16747.0,15147.49,1599.509765625
2313.0,2329.3965,-16.396484375
12321.0,15146.725,-2825.724609375
827.0,958.43445,-131.4344482421875
2367.0,2470.3765,-103.37646484375
2683.0,2582.2903,100.709716796875
1105.0,1035.5885,69.4114990234375
1200.0,1129.4152,70.5848388671875
1274.0,1451.1317,-177.1317138671875
492.0,487.81085,4.18914794921875
1084.0,974.515,109.4849853515625
4552.0,4677.444,-125.44384765625
1035.0,878.42413,156.57586669921875
945.0,750.28,194.719970703125
1135.0,1212.1725,-77.1724853515625
1341.0,1471.0183,-130.018310546875
1637.0,1652.0187,-15.0186767578125
635.0,655.3479,-20.347900390625
2662.0,2415.1262,246.873779296875
882.0,750.5807,131.4193115234375
935.0,1011.8406,-76.840576171875
16768.0,15275.243,1492.7568359375
4989.0,4760.6587,228.34130859375
3180.0,3185.265,-5.264892578125
2141.0,2147.316,-6.31591796875
7079.0,5598.5938,1480.40625
3669.0,3767.399,-98.39892578125
2701.0,2791.284,-90.283935546875
2147.0,2254.468,-107.468017578125
2098.0,2150.3103,-52.310302734375
576.0,491.83542,84.16458129882812
3539.0,3393.418,145.58203125
4688.0,4631.298,56.7021484375
2375.0,2650.9346,-275.9345703125
1125.0,912.2929,212.70709228515625
2306.0,2325.4617,-19.461669921875
5093.0,4739.174,353.826171875
7682.0,6879.5864,802.41357421875
842.0,850.37396,-8.37396240234375
900.0,792.4289,107.57110595703125
8718.0,8090.9404,627.0595703125
810.0,711.984,98.0159912109375
435.0,452.1935,-17.193511962890625
805.0,847.9631,-42.96307373046875
3267.0,3403.6045,-136.6044921875
1401.0,1596.2163,-195.21630859375
15783.0,15294.106,488.8935546875
775.0,786.78687,-11.786865234375
658.0,577.5324,80.46759033203125
10340.0,8836.477,1503.5234375
1187.0,1180.3057,6.6943359375
8711.0,7909.3276,801.67236328125
2352.0,1820.08,531.9200439453125
10309.0,10651.166,-342.166015625
1112.0,1178.635,-66.635009765625
1748.0,1896.2488,-148.248779296875
3713.0,3603.8823,109.11767578125
6451.0,5556.92,894.080078125
11043.0,10208.641,834.359375
6257.0,5633.3213,623.6787109375
15848.0,14108.513,1739.4873046875
2534.0,2651.601,-117.60107421875
2815.0,3070.3748,-255.374755859375
600.0,687.8504,-87.85040283203125
2043.0,2158.375,-115.375
11830.0,12152.397,-322.3974609375
6543.0,8793.011,-2250.0107421875
462.0,469.68524,-7.68524169921875
5049.0,5039.3433,9.65673828125
9464.0,9345.85,118.150390625
1656.0,1739.6721,-83.672119140625
4199.0,5270.249,-1071.2490234375
1033.0,873.54486,159.45513916015625
753.0,862.99963,-109.9996337890625
2777.0,2546.9497,230.05029296875
2375.0,2525.333,-150.3330078125
2411.0,2042.5586,368.44140625
4178.0,4205.708,-27.7080078125
1949.0,1893.01,55.989990234375
488.0,457.15793,30.842071533203125
562.0,568.34863,-6.3486328125
6465.0,6514.8,-49.7998046875
1557.0,1573.9451,-16.945068359375
776.0,716.9684,59.0316162109375
4536.0,4754.1333,-218.13330078125
7000.0,6864.8315,135.16845703125
1429.0,1707.4214,-278.42138671875
764.0,780.1514,-16.15142822265625
1408.0,1273.08,134.9200439453125
1656.0,1723.6572,-67.6572265625
8403.0,7292.3843,1110.61572265625
1841.0,1671.055,169.9449462890625
3330.0,2725.5486,604.451416015625
2065.0,2262.8735,-197.87353515625
1383.0,1460.1398,-77.1397705078125
17820.0,16151.957,1668.04296875
7114.0,7086.216,27.7841796875
6679.0,6735.6763,-56.67626953125
4892.0,4772.0933,119.90673828125
1370.0,1374.658,-4.657958984375
1875.0,1890.851,-15.8509521484375
492.0,552.7944,-60.79437255859375
942.0,924.47534,17.524658203125
1580.0,1609.9028,-29.90283203125
6199.0,5376.861,822.13916015625
541.0,642.20844,-101.20843505859375
2982.0,3213.6255,-231.62548828125
6028.0,6084.07,-56.06982421875
2270.0,2426.5637,-156.563720703125
4093.0,3931.3474,161.652587890625
684.0,736.06525,-52.06524658203125
593.0,571.99,21.010009765625
826.0,746.77893,79.2210693359375
1613.0,1697.0144,-84.014404296875
2360.0,2546.0508,-186.05078125
6122.0,6173.857,-51.85693359375
571.0,600.63995,-29.63995361328125
4805.0,4626.2817,178.71826171875
4805.0,3991.8105,813.189453125
1436.0,1370.5735,65.426513671875
764.0,796.0115,-32.011474609375
15365.0,14693.229,671.771484375
1624.0,1676.6095,-52.6094970703125
1170.0,1208.7423,-38.7423095703125
4548.0,5608.6367,-1060.63671875
2501.0,2353.4421,147.557861328125
5924.0,5651.2915,272.70849609375
1955.0,1996.0631,-41.0631103515625
446.0,473.31104,-27.31103515625
6447.0,6977.2437,-530.24365234375
789.0,799.4759,-10.47589111328125
402.0,434.71036,-32.710357666015625
4558.0,4832.8955,-274.8955078125
10046.0,9549.161,496.8388671875
4493.0,4717.47,-224.47021484375
16339.0,15707.388,631.6123046875
1401.0,1507.8121,-106.8121337890625
1129.0,1123.377,5.623046875
1151.0,1028.8486,122.1513671875
18791.0,15356.738,3434.26171875
4869.0,4625.0728,243.92724609375
2447.0,2603.2268,-156.226806640625
4385.0,4256.225,128.77490234375
950.0,1079.1711,-129.171142578125
4912.0,4672.079,239.9208984375
1391.0,1470.0808,-79.080810546875
1600.0,1654.468,-54.468017578125
2603.0,2689.7517,-86.751708984375
2924.0,2533.9863,390.013671875
3760.0,3841.7974,-81.79736328125
625.0,703.64923,-78.64923095703125
1239.0,1227.5012,11.498779296875
709.0,605.2135,103.7864990234375
10551.0,10301.382,249.6181640625
648.0,557.1397,90.86029052734375
2834.0,2504.662,329.337890625
1690.0,1573.8595,116.1405029296875
4714.0,4965.892,-251.89208984375
827.0,703.3966,123.6033935546875
789.0,839.17096,-50.17095947265625
605.0,665.88324,-60.88323974609375
791.0,773.58435,17.4156494140625
4416.0,4069.3618,346.63818359375
6342.0,6293.5435,48.45654296875
3478.0,3191.9873,286.0126953125
1822.0,2051.1487,-229.148681640625
1742.0,2099.669,-357.6689453125
11248.0,10911.557,336.443359375
850.0,731.6033,118.396728515625
14699.0,13175.294,1523.7060546875
657.0,792.89856,-135.8985595703125
6964.0,5929.661,1034.3388671875
5526.0,5515.593,10.4072265625
3682.0,3142.275,539.72509765625
2435.0,2422.9558,12.044189453125
2424.0,2051.2192,372.78076171875
1195.0,1424.2964,-229.29638671875
8400.0,6916.266,1483.73388671875
462.0,516.7014,-54.701416015625
12261.0,12246.374,14.6259765625
610.0,558.2487,51.75128173828125
11976.0,12570.721,-594.720703125
2579.0,2605.8208,-26.82080078125
734.0,817.89655,-83.89654541015625
6552.0,5738.4624,813.53759765625
13554.0,14044.555,-490.5546875
4435.0,3916.1174,518.882568359375
1289.0,1321.2151,-32.215087890625
6968.0,6814.6177,153.38232421875
489.0,542.1643,-53.164306640625
4312.0,4304.724,7.27587890625
6980.0,5848.1704,1131.82958984375
16626.0,15133.916,1492.083984375
3050.0,2855.8372,194.162841796875
3248.0,2765.38,482.6201171875
2484.0,2442.4436,41.556396484375
4619.0,4726.0776,-107.07763671875
2553.0,2623.2263,-70.226318359375
3703.0,3760.699,-57.698974609375
4044.0,3587.863,456.136962890625
1691.0,1850.83,-159.8299560546875
3935.0,3411.0706,523.929443359375
6266.0,8116.8804,-1850.88037109375
2125.0,2244.9753,-119.975341796875
1337.0,1394.1084,-57.1083984375
802.0,680.4308,121.5692138671875
1621.0,1653.2615,-32.261474609375
645.0,679.7877,-34.7877197265625
816.0,827.64545,-11.64544677734375
3528.0,4247.9062,-719.90625
1986.0,1856.2207,129.779296875
18680.0,17305.092,1374.908203125
6169.0,6054.4937,114.50634765625
4525.0,4692.7456,-167.74560546875
7357.0,6638.5874,718.41259765625
776.0,683.85504,92.14495849609375
4516.0,4623.0747,-107.07470703125
2572.0,2456.5684,115.431640625
8525.0,8376.639,148.361328125
4075.0,4311.92,-236.919921875
16023.0,14575.776,1447.2236328125
963.0,657.5744,305.42559814453125
5501.0,5367.8213,133.1787109375
1076.0,1127.1002,-51.1002197265625
4194.0,3745.8047,448.1953125
4592.0,4574.7456,17.25439453125
5692.0,7322.8154,-1630.8154296875
533.0,641.4718,-108.4718017578125
4077.0,4382.856,-305.85595703125
4315.0,4437.4937,-122.49365234375
2722.0,2497.3809,224.619140625
6397.0,5436.7827,960.21728515625
1438.0,1564.2311,-126.2310791015625
3335.0,3705.9197,-370.919677734375
9926.0,11318.886,-1392.8857421875
433.0,445.9412,-12.941192626953125
2255.0,1598.1337,656.8663330078125
10735.0,10546.883,188.1171875
1600.0,1761.787,-161.7869873046875
579.0,665.68866,-86.68865966796875
887.0,968.2199,-81.21990966796875
1892.0,1922.6896,-30.6895751953125
8073.0,8420.19,-347.1904296875
776.0,707.4901,68.5098876953125
625.0,683.78485,-58.78485107421875
5487.0,6039.0938,-552.09375
4566.0,4331.977,234.02294921875
2567.0,2763.377,-196.376953125
2454.0,2493.9724,-39.972412109375
486.0,489.1328,-3.1328125
3110.0,2663.66,446.340087890625
818.0,734.78705,83.21295166015625
2666.0,2820.9873,-154.9873046875
1657.0,2159.164,-502.1640625
548.0,546.5187,1.4813232421875
571.0,619.4214,-48.42138671875
1781.0,1722.3699,58.630126953125
4428.0,4290.6914,137.30859375
523.0,495.4344,27.56561279296875
2394.0,2309.079,84.9208984375
923.0,814.6266,108.3734130859375
1292.0,1583.8773,-291.8773193359375
1682.0,2146.6963,-464.6962890625
604.0,629.8338,-25.83380126953125
1593.0,1487.9319,105.068115234375
2250.0,2585.7107,-335.710693359375
992.0,898.1632,93.8367919921875
2168.0,2199.892,-31.89208984375
1213.0,1281.7875,-68.7874755859375
1012.0,973.01044,38.98956298828125
2594.0,2636.3757,-42.375732421875
945.0,813.16785,131.8321533203125
3886.0,3620.3909,265.609130859375
766.0,841.7831,-75.7830810546875
4145.0,4133.638,11.36181640625
537.0,509.5088,27.4912109375
3366.0,3049.6658,316.334228515625
2825.0,2865.1387,-40.138671875
4831.0,4857.029,-26.02880859375
5368.0,5280.358,87.64208984375
525.0,582.9132,-57.9132080078125
1171.0,1154.4847,16.5152587890625
707.0,736.4991,-29.49908447265625
10835.0,10784.689,50.310546875
2127.0,2357.1477,-230.147705078125
482.0,475.06802,6.931976318359375
1264.0,1252.3347,11.665283203125
1828.0,2194.8145,-366.814453125
3812.0,3841.2036,-29.20361328125
4585.0,4999.418,-414.41796875
391.0,440.99014,-49.990142822265625
617.0,697.2827,-80.28271484375
853.0,854.17334,-1.17333984375
1577.0,1517.2123,59.7877197265625
468.0,509.97247,-41.97247314453125
2415.0,2262.4956,152.50439453125
3881.0,4023.2876,-142.28759765625
4729.0,5176.5776,-447.57763671875
5583.0,5235.5464,347.45361328125
9118.0,8884.563,233.4365234375
16613.0,14507.527,2105.47265625
8985.0,8483.034,501.9658203125
7630.0,7792.864,-162.86376953125
781.0,711.21063,69.78936767578125
14139.0,14018.245,120.7548828125
432.0,462.86722,-30.867218017578125
452.0,496.6652,-44.665191650390625
8645.0,7348.893,1296.10693359375
557.0,543.0278,13.97222900390625
764.0,799.35034,-35.350341796875
7534.0,8466.2295,-932.2294921875
4099.0,4000.0667,98.933349609375
507.0,492.40823,14.591766357421875
906.0,799.88367,106.1163330078125
13797.0,14797.888,-1000.8876953125
1179.0,1175.0243,3.9757080078125
8887.0,9337.652,-450.65234375
1838.0,1838.8273,-0.8272705078125
3311.0,3080.4907,230.50927734375
3745.0,3246.5532,498.44677734375
12400.0,14908.9795,-2508.9794921875
654.0,658.50934,-4.50933837890625
5985.0,6117.32,-132.31982421875
1241.0,1243.8585,-2.8585205078125
487.0,516.5607,-29.56072998046875
16616.0,15380.043,1235.95703125
2311.0,2338.261,-27.260986328125
18164.0,14798.989,3365.0107421875
447.0,450.81473,-3.814727783203125
760.0,767.4326,-7.4326171875
651.0,662.82733,-11.82733154296875
990.0,844.47266,145.52734375
11106.0,11036.906,69.09375
842.0,884.7647,-42.76470947265625
4559.0,4972.3096,-413.3095703125
3013.0,2996.1836,16.81640625
10317.0,9874.423,442.5771484375
8051.0,7801.2,249.7998046875
3456.0,3988.1604,-532.160400390625
958.0,1004.9611,-46.96112060546875
7293.0,8055.704,-762.7041015625
838.0,875.4301,-37.43011474609375
9447.0,9830.511,-383.5107421875
15229.0,14265.032,963.9677734375
4078.0,4225.698,-147.6982421875
4133.0,3681.2417,451.75830078125
480.0,531.8745,-51.87451171875
3763.0,3725.855,37.14501953125
6416.0,6356.6606,59.33935546875
1971.0,1949.4832,21.516845703125
2795.0,2579.2717,215.728271484375
11726.0,11819.529,-93.529296875
12587.0,14644.444,-2057.4443359375
3084.0,3121.1616,-37.16162109375
1443.0,1534.1134,-91.1134033203125
1071.0,1053.4861,17.513916015625
4787.0,4588.3765,198.62353515625
1689.0,1771.0,-82.0
368.0,383.38528,-15.385284423828125
13148.0,12043.923,1104.0771484375
1122.0,1218.3048,-96.3048095703125
5998.0,6121.9077,-123.90771484375
4865.0,3873.2297,991.770263671875
6882.0,6564.5015,317.49853515625
573.0,482.93292,90.06707763671875
9727.0,7396.5215,2330.478515625
1244.0,1297.3035,-53.303466796875
8029.0,7678.854,350.14599609375
367.0,484.49188,-117.49188232421875
4836.0,4474.443,361.55712890625
9304.0,9000.988,303.01171875
764.0,814.5628,-50.56280517578125
6403.0,6740.2393,-337.2392578125
794.0,885.2248,-91.22479248046875
4385.0,4583.355,-198.35498046875
630.0,564.37604,65.62396240234375
3915.0,4191.0186,-276.0185546875
854.0,736.6594,117.340576171875
854.0,778.6603,75.3397216796875
13600.0,13433.584,166.416015625
905.0,927.8295,-22.82952880859375
1035.0,970.7522,64.247802734375
827.0,864.64874,-37.64874267578125
910.0,1046.122,-136.1219482421875
4799.0,4676.1636,122.83642578125
2930.0,3452.124,-522.1240234375
17062.0,14815.625,2246.375
7465.0,7259.7456,205.25439453125
6573.0,5886.102,686.89794921875
5723.0,5268.716,454.2841796875
6719.0,7191.016,-472.01611328125
1559.0,1542.9232,16.0767822265625
1079.0,1136.3466,-57.3465576171875
2548.0,2651.0686,-103.068603515625
854.0,748.73047,105.26953125
894.0,900.2008,-6.2008056640625
576.0,541.6176,34.38238525390625
11312.0,11798.625,-486.625
630.0,602.9132,27.0867919921875
3941.0,4040.0054,-99.00537109375
13595.0,13501.867,93.1328125
905.0,930.8115,-25.8115234375
5430.0,6215.8623,-785.8623046875
544.0,563.6556,-19.65557861328125
17841.0,15330.895,2510.10546875
1799.0,2026.5897,-227.5897216796875
15528.0,13875.65,1652.349609375
5630.0,5686.129,-56.12890625
9092.0,9329.382,-237.3818359375
707.0,814.21594,-107.2159423828125
605.0,607.7664,-2.76641845703125
6303.0,6950.489,-647.48876953125
9185.0,8793.699,391.30078125
10427.0,10232.367,194.6328125
486.0,466.8004,19.1995849609375
5383.0,5155.8213,227.1787109375
1237.0,1434.2803,-197.2802734375
3391.0,2516.0754,874.924560546875
601.0,661.43256,-60.43255615234375
429.0,513.63104,-84.63104248046875
4478.0,4404.6963,73.3037109375
453.0,486.8031,-33.8031005859375
1438.0,1386.6115,51.3885498046875
2504.0,2595.5737,-91.57373046875
2699.0,2629.6875,69.3125
2593.0,2812.638,-219.637939453125
698.0,638.7114,59.28857421875
2061.0,2122.9517,-61.95166015625
5607.0,5310.7,296.2998046875
8400.0,8209.454,190.5458984375
3205.0,3212.4517,-7.45166015625
5645.0,6571.5615,-926.5615234375
2987.0,3175.0107,-188.0107421875
5082.0,5228.998,-146.998046875
6097.0,5374.989,722.01123046875
675.0,637.87463,37.1253662109375
3360.0,3842.1418,-482.141845703125
5331.0,5129.5044,201.49560546875
4890.0,4897.4756,-7.4755859375
3427.0,3763.6309,-336.630859375
1689.0,1743.8904,-54.890380859375
984.0,1027.9366,-43.9366455078125
608.0,529.8935,78.10650634765625
1333.0,1224.8843,108.11572265625
1099.0,1028.8702,70.1297607421875
2604.0,2836.0688,-232.06884765625
3923.0,3971.0662,-48.066162109375
9314.0,10000.213,-686.212890625
5686.0,5136.29,549.7099609375
3191.0,3069.9675,121.032470703125
10728.0,9858.708,869.2919921875
1415.0,1337.8264,77.173583984375
2375.0,2594.0115,-219.011474609375
1678.0,1884.6852,-206.6851806640625
2956.0,3014.556,-58.555908203125
1185.0,1252.557,-67.5570068359375
803.0,674.8133,128.18670654296875
1339.0,1367.1102,-28.1102294921875
1955.0,1994.4583,-39.458251953125
2504.0,2403.1604,100.839599609375
4959.0,4965.551,-6.55078125
2294.0,2493.7773,-199.77734375
5988.0,6148.798,-160.7978515625
4092.0,4080.6465,11.353515625
8868.0,8739.025,128.974609375
486.0,494.03122,-8.031219482421875
2780.0,2649.156,130.843994140625
1024.0,866.19806,157.80194091796875
3856.0,3450.2246,405.775390625
1046.0,943.69354,102.30645751953125
5645.0,5354.214,290.7861328125
7625.0,8064.299,-439.298828125
2479.0,2454.3616,24.638427734375
597.0,528.397,68.60302734375
3609.0,3623.6077,-14.607666015625
2382.0,2466.6365,-84.636474609375
5120.0,5159.777,-39.77685546875
435.0,511.80804,-76.80804443359375
1167.0,1126.7866,40.21337890625
615.0,649.6408,-34.64080810546875
3850.0,3890.2925,-40.29248046875
436.0,496.1972,-60.19720458984375
12677.0,13561.181,-884.1806640625
2129.0,2546.629,-417.62890625
863.0,938.72723,-75.72723388671875
924.0,966.3878,-42.3878173828125
1061.0,922.1108,138.88922119140625
891.0,928.1857,-37.18572998046875
3662.0,3760.699,-98.698974609375
802.0,698.756,103.2440185546875
900.0,776.504,123.4959716796875
5247.0,5671.899,-424.89892578125
622.0,698.73193,-76.73193359375
4211.0,3934.8892,276.11083984375
4513.0,4605.289,-92.2890625
842.0,849.54736,-7.54736328125
722.0,879.9267,-157.92669677734375
886.0,714.9664,171.03363037109375
7085.0,7250.231,-165.23095703125
680.0,760.7651,-80.76507568359375
7239.0,6711.9854,527.0146484375
11927.0,11193.302,733.6982421875
1087.0,984.1568,102.84320068359375
441.0,472.67505,-31.675048828125
11138.0,11253.558,-115.5576171875
3743.0,3782.5198,-39.519775390625
890.0,942.14075,-52.1407470703125
9137.0,9095.521,41.478515625
1758.0,1723.057,34.9429931640625
877.0,934.7681,-57.76812744140625
730.0,709.21313,20.786865234375
2842.0,2560.9282,281.07177734375
17245.0,15264.029,1980.970703125
4325.0,4415.529,-90.52880859375
393.0,435.57135,-42.57135009765625
7723.0,7699.8516,23.1484375
4201.0,4606.1323,-405.13232421875
1881.0,2400.7393,-519.7392578125
3276.0,3477.2927,-201.292724609375
1953.0,2018.2043,-65.204345703125
5186.0,4985.194,200.80615234375
5443.0,5232.1763,210.82373046875
921.0,962.8571,-41.85711669921875
8414.0,8213.551,200.44921875
1667.0,1818.8507,-151.8507080078125
5783.0,5425.836,357.1640625
7413.0,7436.141,-23.14111328125
605.0,687.36676,-82.36676025390625
1751.0,1899.3308,-148.330810546875
1956.0,2022.7241,-66.72412109375
575.0,611.068,-36.0679931640625
453.0,429.90408,23.095916748046875
841.0,768.88135,72.11865234375
10850.0,10149.671,700.3291015625
4173.0,3966.4285,206.571533203125
2994.0,2732.005,261.9951171875
942.0,820.10297,121.89703369140625
5559.0,5028.9663,530.03369140625
1702.0,1776.2312,-74.231201171875
8644.0,8873.689,-229.689453125
1816.0,1856.3252,-40.3251953125
1230.0,1155.4929,74.507080078125
998.0,979.96747,18.03253173828125
3845.0,3594.6943,250.3056640625
2677.0,2655.634,21.365966796875
765.0,673.76385,91.23614501953125
2398.0,2466.3635,-68.363525390625
906.0,814.4617,91.538330078125
8887.0,8124.502,762.498046875
9593.0,8712.842,880.158203125
3702.0,3017.367,684.633056640625
5445.0,5218.654,226.34619140625
622.0,636.68005,-14.6800537109375
936.0,777.46265,158.537353515625
4502.0,4158.3643,343.6357421875
506.0,482.15057,23.84942626953125
1397.0,1321.5468,75.4532470703125
557.0,593.0142,-36.01422119140625
3427.0,3180.8953,246.104736328125
523.0,440.47495,82.52505493164062
7091.0,7411.8745,-320.87451171875
833.0,808.7564,24.24359130859375
5930.0,6433.609,-503.60888671875
4900.0,4948.826,-48.826171875
3795.0,3835.6162,-40.6162109375
5488.0,5453.5747,34.42529296875
1112.0,892.65607,219.34393310546875
6720.0,6557.1797,162.8203125
7357.0,7597.5654,-240.5654296875
2441.0,2628.9412,-187.941162109375
4754.0,4617.989,136.01123046875
693.0,576.7721,116.2279052734375
1996.0,1878.009,117.990966796875
12821.0,12869.82,-48.8203125
6288.0,6244.8213,43.1787109375
3226.0,3638.974,-412.97412109375
6580.0,6553.4907,26.50927734375
12822.0,12308.329,513.6708984375
2930.0,3115.3281,-185.328125
1176.0,1181.4768,-5.476806640625
862.0,896.1811,-34.18109130859375
1254.0,982.954,271.0460205078125
2034.0,2039.1431,-5.14306640625
665.0,745.8642,-80.86419677734375
518.0,520.9534,-2.95343017578125
10284.0,9934.39,349.6103515625
939.0,944.93585,-5.93585205078125
988.0,1063.6718,-75.6717529296875
1843.0,1861.4912,-18.4912109375
3816.0,4684.534,-868.5341796875
3219.0,2939.867,279.133056640625
1781.0,1734.4707,46.529296875
2160.0,399.88333,1760.1166687011719
492.0,570.34753,-78.3475341796875
5942.0,6923.9756,-981.9755859375
7235.0,6941.6377,293.3623046875
4804.0,4795.836,8.1640625
4390.0,4292.2305,97.76953125
18487.0,14842.001,3644.9990234375
734.0,763.1735,-29.17352294921875
1114.0,900.3555,213.64447021484375
2614.0,2597.476,16.52392578125
840.0,879.348,-39.3480224609375
3004.0,2867.89,136.110107421875
1917.0,1942.2162,-25.2161865234375
3142.0,4018.704,-876.7041015625
764.0,776.4002,-12.40020751953125
8596.0,8200.541,395.458984375
4242.0,4031.2437,210.75634765625
11040.0,11280.648,-240.6484375
2137.0,2292.6174,-155.617431640625
5292.0,5013.898,278.10205078125
9173.0,8403.695,769.3046875
8977.0,8627.032,349.9677734375
4274.0,4234.0747,39.92529296875
5491.0,5412.2725,78.7275390625
10887.0,10099.496,787.50390625
477.0,553.07513,-76.07513427734375
10814.0,9941.631,872.369140625
614.0,679.5086,-65.50860595703125
3363.0,3202.6355,160.364501953125
2605.0,2552.228,52.77197265625
2556.0,2106.6821,449.31787109375
476.0,561.8121,-85.81207275390625
4246.0,4043.1243,202.875732421875
4649.0,4257.959,391.041015625
967.0,1003.6136,-36.61358642578125
12831.0,16134.929,-3303.9287109375
707.0,691.3001,15.69989013671875
2652.0,2730.396,-78.39599609375
1817.0,1737.3372,79.662841796875
864.0,815.58075,48.41925048828125
6460.0,6852.3564,-392.3564453125
10485.0,7415.0493,3069.95068359375
681.0,782.53705,-101.53704833984375
1163.0,1079.1804,83.819580078125
8658.0,8444.923,213.0771484375
3857.0,4484.9893,-627.9892578125
6124.0,5955.5312,168.46875
504.0,563.416,-59.416015625
450.0,581.66693,-131.66693115234375
9660.0,8981.008,678.9921875
555.0,501.3801,53.619903564453125
1690.0,1812.4543,-122.454345703125
929.0,942.89294,-13.8929443359375
5698.0,5154.577,543.4228515625
1810.0,1820.8833,-10.88330078125
2111.0,2410.044,-299.0439453125
5846.0,6634.365,-788.365234375
4524.0,4939.8228,-415.82275390625
1786.0,1733.1174,52.882568359375
10080.0,8658.357,1421.642578125
1613.0,1687.7987,-74.7987060546875
5642.0,5029.892,612.10791015625
776.0,705.656,70.343994140625
4504.0,4672.636,-168.63623046875
791.0,873.2288,-82.22882080078125
2970.0,2120.2039,849.796142578125
854.0,736.72485,117.275146484375
4340.0,4248.2666,91.7333984375
1752.0,1692.7084,59.2916259765625
2690.0,3017.957,-327.95703125
3285.0,3819.62,-534.6201171875
7733.0,8360.851,-627.8505859375
6106.0,5734.605,371.39501953125
1046.0,847.7874,198.21258544921875
6713.0,6657.42,55.580078125
13812.0,13186.055,625.9453125
505.0,489.67368,15.326324462890625
603.0,748.17584,-145.17584228515625
3397.0,3472.9468,-75.94677734375
2804.0,2883.7737,-79.773681640625
10851.0,11942.794,-1091.7939453125
545.0,586.5682,-41.56817626953125
8774.0,8191.0586,582.94140625
15293.0,14460.946,832.0537109375
1187.0,1510.225,-323.2249755859375
6126.0,5773.529,352.47119140625
6773.0,6570.9414,202.05859375
5050.0,5236.67,-186.669921875
465.0,493.53293,-28.532928466796875
9030.0,9125.116,-95.1162109375
481.0,510.9673,-29.96728515625
923.0,830.9109,92.089111328125
1088.0,1087.0203,0.979736328125
4095.0,3968.2412,126.7587890625
6238.0,6639.259,-401.2587890625
16068.0,15063.944,1004.0556640625
598.0,650.7431,-52.74310302734375
591.0,635.6279,-44.6279296875
1743.0,1760.5535,-17.553466796875
2458.0,2350.3433,107.65673828125
2507.0,2473.1143,33.8857421875
2671.0,2780.4695,-109.469482421875
1433.0,1381.2722,51.727783203125
3254.0,3475.638,-221.637939453125
631.0,552.54675,78.4532470703125
10528.0,11862.41,-1334.41015625
1109.0,766.40955,342.5904541015625
7418.0,7354.51,63.490234375
794.0,816.8874,-22.88739013671875
851.0,743.34314,107.6568603515625
1892.0,1711.3712,180.6287841796875
678.0,720.13184,-42.1318359375
1758.0,1676.6895,81.310546875
16073.0,14979.417,1093.5830078125
5292.0,5260.129,31.87109375
2399.0,2427.4204,-28.42041015625
536.0,602.2892,-66.2891845703125
2560.0,2824.5378,-264.537841796875
4182.0,4411.264,-229.26416015625
4002.0,3847.9663,154.03369140625
15281.0,14641.4,639.599609375
548.0,550.1684,-2.16839599609375
1028.0,1172.1583,-144.1583251953125
4341.0,4165.371,175.62890625
743.0,692.0079,50.99212646484375
3008.0,3257.467,-249.467041015625
2907.0,3023.487,-116.487060546875
734.0,827.1809,-93.180908203125
911.0,790.2738,120.7261962890625
4256.0,4161.904,94.09619140625
7365.0,8124.378,-759.3779296875
974.0,798.20544,175.7945556640625
6717.0,5819.785,897.21484375
4231.0,4201.4297,29.5703125
7314.0,6770.6973,543.302734375
4488.0,5028.7217,-540.7216796875
8264.0,10139.144,-1875.1435546875
1690.0,1799.286,-109.2860107421875
1050.0,1000.1738,49.826171875
7528.0,7359.7446,168.25537109375
1374.0,1310.1582,63.841796875
3774.0,4195.3423,-421.34228515625
723.0,863.77905,-140.779052734375
357.0,413.46182,-56.461822509765625
6831.0,7066.009,-235.0087890625
5714.0,5814.8745,-100.87451171875
1965.0,1981.0171,-16.01708984375
1063.0,902.1186,160.88140869140625
4486.0,4821.656,-335.65576171875
1865.0,1764.1252,100.874755859375
675.0,567.97546,107.0245361328125
6618.0,6607.488,10.51220703125
4462.0,4737.9575,-275.95751953125
1400.0,1322.3195,77.6805419921875
1232.0,1276.6334,-44.6334228515625
5392.0,5062.8794,329.12060546875
5889.0,5402.746,486.25390625
3323.0,2739.4407,583.559326171875
802.0,757.42993,44.570068359375
1050.0,1053.9829,-3.98291015625
1443.0,1328.9186,114.0814208984375
7177.0,6441.3887,735.611328125
694.0,726.0706,-32.07061767578125
2863.0,2737.976,125.02392578125
2871.0,2956.4329,-85.432861328125
7387.0,8432.85,-1045.849609375
2819.0,2934.2688,-115.268798828125
862.0,884.7537,-22.75372314453125
792.0,805.59564,-13.59564208984375
13850.0,13167.054,682.9462890625
1920.0,1949.7882,-29.7882080078125
1908.0,1863.0967,44.9033203125
3713.0,3947.8828,-234.8828125
662.0,709.943,-47.9429931640625
596.0,692.6737,-96.6737060546875
812.0,639.1383,172.8616943359375
5347.0,5862.1157,-515.11572265625
3894.0,4250.35,-356.35009765625
2780.0,2987.8147,-207.814697265625
2855.0,3443.6514,-588.6513671875
4914.0,5026.4775,-112.4775390625
4455.0,5616.742,-1161.7421875
4400.0,4274.2324,125.767578125
2920.0,2995.1719,-75.171875
2448.0,2335.25,112.75
1634.0,1673.7322,-39.732177734375
1977.0,1978.8615,-1.8614501953125
4321.0,4440.301,-119.30078125
3789.0,4210.465,-421.46484375
790.0,876.54333,-86.5433349609375
5136.0,5144.15,-8.14990234375
794.0,761.49194,32.508056640625
432.0,451.9241,-19.924102783203125
1050.0,1017.4487,32.55126953125
4118.0,4473.901,-355.90087890625
12332.0,15357.983,-3025.9833984375
777.0,749.9162,27.08380126953125
3802.0,3139.8745,662.12548828125
2624.0,2478.8994,145.1005859375
1833.0,1919.3572,-86.357177734375
9716.0,8374.634,1341.3662109375
2287.0,2339.072,-52.072021484375
877.0,917.99817,-40.9981689453125
1300.0,1393.6309,-93.630859375
1960.0,1984.373,-24.373046875
11722.0,13625.992,-1903.9921875
6597.0,5824.583,772.4169921875
4265.0,4927.432,-662.43212890625
7049.0,6888.937,160.06298828125
617.0,690.0056,-73.005615234375
2236.0,2163.1343,72.86572265625
758.0,835.2843,-77.2843017578125
566.0,647.3453,-81.34527587890625
4003.0,3292.5427,710.457275390625
10111.0,9834.854,276.146484375
404.0,384.94455,19.055450439453125
7627.0,7792.3657,-165.36572265625
540.0,472.5829,67.4171142578125
1323.0,1197.4865,125.5135498046875
9916.0,10121.066,-205.06640625
4068.0,4149.1006,-81.1005859375
7699.0,7373.783,325.216796875
10504.0,9090.413,1413.5869140625
13675.0,15882.477,-2207.4765625
4426.0,5422.049,-996.048828125
4332.0,4933.1035,-601.103515625
3293.0,3419.0425,-126.04248046875
3170.0,3418.511,-248.510986328125
6701.0,6586.2896,114.71044921875
1737.0,1989.2167,-252.2166748046875
7646.0,7023.033,622.966796875
2184.0,2324.123,-140.123046875
1956.0,1895.3434,60.6566162109375
11636.0,10910.548,725.4521484375
1438.0,1423.3662,14.6337890625
5037.0,5162.943,-125.94287109375
2326.0,2386.5745,-60.574462890625
1746.0,1692.5072,53.4927978515625
2277.0,2298.9321,-21.93212890625
638.0,676.5625,-38.5625
723.0,798.433,-75.4329833984375
556.0,600.0819,-44.0819091796875
1292.0,1292.4133,-0.413330078125
3906.0,4245.682,-339.68212890625
5826.0,6057.5664,-231.56640625
4967.0,5292.616,-325.6162109375
2377.0,2292.321,84.678955078125
1020.0,1025.4385,-5.4384765625
12939.0,12207.018,731.982421875
6926.0,6815.125,110.875
5116.0,5045.8657,70.13427734375
3309.0,3205.316,103.68408203125
1554.0,1755.1298,-201.1297607421875
1722.0,1769.9745,-47.9744873046875
3354.0,3235.9568,118.043212890625
978.0,1020.74664,-42.74664306640625
874.0,857.56006,16.43994140625
6810.0,7021.439,-211.43896484375
761.0,851.5415,-90.54150390625
12202.0,12601.066,-399.06640625
849.0,922.1918,-73.1917724609375
1076.0,1025.9941,50.005859375
3531.0,3436.9924,94.007568359375
1026.0,1256.6979,-230.6978759765625
5938.0,5334.6636,603.33642578125
1436.0,1244.7261,191.27392578125
1743.0,1691.6483,51.3516845703125
828.0,707.1105,120.8895263671875
4410.0,4491.364,-81.36376953125
1076.0,1066.7527,9.247314453125
11816.0,11991.896,-175.896484375
4177.0,4235.339,-58.3388671875
9814.0,9055.53,758.4697265625
7724.0,7389.9277,334.072265625
1574.0,1423.4912,150.5087890625
12494.0,13590.858,-1096.8583984375
3443.0,3657.22,-214.219970703125
1170.0,1177.2291,-7.2291259765625
3980.0,3961.5354,18.464599609375
4419.0,5145.499,-726.4990234375
758.0,805.93994,-47.93994140625
2724.0,2728.387,-4.386962890625
11780.0,13041.945,-1261.9453125
1153.0,1070.7284,82.2716064453125
10204.0,10078.9795,125.0205078125
605.0,684.5026,-79.50262451171875
784.0,690.04083,93.95916748046875
9074.0,8485.64,588.3603515625
2125.0,2376.402,-251.402099609375
1053.0,1032.624,20.3759765625
3087.0,2889.8726,197.12744140625
6732.0,6597.8965,134.103515625
5684.0,5035.4897,648.51025390625
6604.0,6415.5195,188.48046875
3989.0,4157.333,-168.3330078125
15395.0,15640.0,-245.0
4419.0,4781.069,-362.06884765625
1343.0,1383.5289,-40.5289306640625
2718.0,2498.564,219.43603515625
3953.0,4058.5461,-105.546142578125
658.0,763.19324,-105.1932373046875
891.0,915.3102,-24.3101806640625
15646.0,15851.938,-205.9384765625
819.0,726.1261,92.8739013671875
16593.0,15066.114,1526.8857421875
1184.0,1251.797,-67.7969970703125
4615.0,4702.42,-87.419921875
675.0,629.7105,45.28948974609375
5310.0,4959.156,350.84423828125
6077.0,5811.592,265.408203125
1007.0,1034.4982,-27.4981689453125
707.0,707.29926,-0.29925537109375
558.0,507.05362,50.946380615234375
18426.0,17894.457,531.54296875
4138.0,4723.166,-585.166015625
448.0,461.79858,-13.798583984375
1689.0,1745.9218,-56.9217529296875
3261.0,3235.1912,25.808837890625
1885.0,1748.4601,136.5399169921875
4486.0,4176.073,309.9267578125
628.0,508.41183,119.58816528320312
8650.0,9050.039,-400.0390625
12907.0,14184.934,-1277.93359375
1107.0,1010.22925,96.770751953125
13823.0,11947.352,1875.6484375
445.0,451.20636,-6.20635986328125
9070.0,9962.685,-892.6845703125
1117.0,964.5932,152.40679931640625
15475.0,15343.284,131.7158203125
4244.0,3838.863,405.136962890625
439.0,498.00873,-59.00872802734375
1222.0,1243.0046,-21.004638671875
1610.0,1526.963,83.0369873046875
2458.0,2462.228,-4.22802734375
696.0,795.9469,-99.9468994140625
826.0,886.59796,-60.59796142578125
1027.0,1038.495,-11.4949951171875
5715.0,5686.1235,28.87646484375
3024.0,2693.4917,330.50830078125
1565.0,1486.6395,78.3604736328125
2071.0,1888.6592,182.3408203125
7197.0,7340.5356,-143.53564453125
8688.0,8273.598,414.40234375
4413.0,4319.466,93.5341796875
489.0,486.90872,2.091278076171875
827.0,909.4119,-82.41192626953125
1064.0,1070.3406,-6.340576171875
1076.0,1010.7825,65.217529296875
3963.0,4005.764,-42.763916015625
764.0,813.8953,-49.89532470703125
605.0,687.57947,-82.5794677734375
2318.0,2408.058,-90.05810546875
11954.0,14553.496,-2599.49609375
6809.0,6820.9126,-11.91259765625
5755.0,5488.8164,266.18359375
1069.0,882.69244,186.30755615234375
6559.0,6123.011,435.98876953125
4008.0,3673.2334,334.7666015625
5051.0,6391.65,-1340.64990234375
3398.0,3503.3967,-105.396728515625
1445.0,1443.0839,1.9161376953125
3193.0,3003.7993,189.20068359375
6492.0,6232.3726,259.62744140625
18707.0,15441.067,3265.9326171875
1015.0,1130.6691,-115.6690673828125
2805.0,2809.3528,-4.352783203125
2723.0,2665.4622,57.537841796875
898.0,765.07947,132.9205322265625
638.0,683.4454,-45.44537353515625
737.0,734.6337,2.36627197265625
658.0,764.57916,-106.57916259765625
2057.0,2203.7976,-146.797607421875
1759.0,1880.1606,-121.16064453125
10693.0,10845.734,-152.734375
512.0,557.8598,-45.85980224609375
4593.0,3791.287,801.712890625
2459.0,2591.6406,-132.640625
2188.0,2127.3862,60.61376953125
4429.0,4059.2158,369.7841796875
4491.0,4777.281,-286.28076171875
4868.0,5077.286,-209.2861328125
13465.0,12136.529,1328.470703125
1274.0,1239.6387,34.361328125
11021.0,10361.786,659.2138671875
5587.0,5750.5337,-163.53369140625
1125.0,1031.4807,93.519287109375
4372.0,4442.271,-70.27099609375
1758.0,1726.0997,31.9002685546875
12864.0,10938.398,1925.6015625
4434.0,4415.4194,18.58056640625
1687.0,2252.9487,-565.94873046875
734.0,811.91174,-77.9117431640625
1803.0,1993.9978,-190.997802734375
16198.0,13703.196,2494.8037109375
945.0,848.9198,96.0802001953125
1886.0,1940.3805,-54.3804931640625
2212.0,2630.05,-418.050048828125
729.0,766.9162,-37.91619873046875
666.0,646.51355,19.4864501953125
5028.0,5383.8403,-355.84033203125
3309.0,3210.206,98.7939453125
2625.0,2589.6028,35.397216796875
15841.0,14775.986,1065.013671875
625.0,619.7256,5.2744140625
9333.0,9559.212,-226.2119140625
956.0,824.7412,131.2587890625
636.0,693.4389,-57.43890380859375
3838.0,4087.5342,-249.5341796875
2048.0,2062.0403,-14.040283203125
939.0,911.5468,27.45318603515625
17760.0,17032.854,727.146484375
477.0,600.5183,-123.518310546875
1653.0,1808.0928,-155.0927734375
2608.0,1954.9596,653.0404052734375
506.0,463.00684,42.9931640625
5261.0,5288.0747,-27.07470703125
1013.0,996.8771,16.1229248046875
809.0,906.7304,-97.73040771484375
912.0,913.73425,-1.7342529296875
4882.0,4549.5146,332.4853515625
1046.0,889.14105,156.85894775390625
2113.0,1931.6632,181.3367919921875
702.0,772.69403,-70.69403076171875
1069.0,917.7484,151.2515869140625
1219.0,1360.5048,-141.5047607421875
7832.0,7978.1235,-146.12353515625
2036.0,1925.447,110.552978515625
4024.0,3694.1345,329.865478515625
2115.0,2227.9294,-112.929443359375
1044.0,1034.6567,9.34326171875
2367.0,2209.0657,157.934326171875
776.0,719.25415,56.745849609375
526.0,559.50885,-33.50885009765625
5175.0,5351.916,-176.916015625
1018.0,1153.4939,-135.493896484375
9540.0,11254.803,-1714.802734375
4791.0,4835.7686,-44.7685546875
11153.0,9892.7295,1260.2705078125
752.0,868.9846,-116.984619140625
5946.0,6011.892,-65.89208984375
995.0,777.83167,217.1683349609375
586.0,665.81775,-79.8177490234375
3705.0,3591.7053,113.294677734375
1134.0,1242.2753,-108.2752685546875
734.0,816.89984,-82.89984130859375
811.0,821.6216,-10.62158203125
17449.0,14991.022,2457.9775390625
2082.0,2137.9294,-55.929443359375
438.0,469.0727,-31.07269287109375
4063.0,4110.9175,-47.91748046875
2988.0,2915.8264,72.173583984375
1410.0,1316.9869,93.0130615234375
391.0,417.59518,-26.595184326171875
4034.0,4649.2153,-615.21533203125
12880.0,11372.135,1507.865234375
3822.0,4095.6953,-273.6953125
10702.0,10623.813,78.1865234375
6260.0,5630.7427,629.25732421875
802.0,714.6189,87.381103515625
3599.0,3878.2393,-279.2392578125
1631.0,1560.9795,70.0205078125
9053.0,8646.894,406.1064453125
15562.0,12786.086,2775.9140625
854.0,718.50275,135.49725341796875
886.0,912.7808,-26.78082275390625
1784.0,1710.479,73.52099609375
844.0,717.6891,126.3109130859375
733.0,817.8883,-84.8883056640625
772.0,922.264,-150.26397705078125
5241.0,5013.238,227.76220703125
1631.0,1688.2231,-57.22314453125
1864.0,2045.7065,-181.70654296875
3494.0,3213.9995,280.00048828125
13872.0,14845.498,-973.498046875
8475.0,8371.694,103.3056640625
18067.0,16164.841,1902.1591796875
1155.0,1231.2731,-76.2730712890625
3927.0,4456.3574,-529.357421875
2386.0,2478.6511,-92.651123046875
1001.0,1036.8279,-35.827880859375
18369.0,15039.454,3329.5458984375
918.0,935.42206,-17.42205810546875
678.0,646.8267,31.17327880859375
5832.0,5569.31,262.68994140625
3011.0,3471.784,-460.783935546875
6288.0,6109.4243,178.57568359375
6387.0,6528.6157,-141.61572265625
1584.0,1349.9906,234.0093994140625
3136.0,3553.3047,-417.3046875
5042.0,5102.5034,-60.50341796875
6962.0,7266.001,-304.0009765625
799.0,746.87555,52.12445068359375
12980.0,13607.278,-627.2783203125
4218.0,4467.325,-249.3251953125
608.0,574.36566,33.63433837890625
507.0,533.9846,-26.984619140625
4922.0,4254.2036,667.79638671875
984.0,846.393,137.60699462890625
1246.0,1312.1266,-66.1265869140625
2611.0,2623.9949,-12.994873046875
1799.0,1890.4829,-91.48291015625
2662.0,2479.997,182.0029296875
2348.0,3049.765,-701.764892578125
771.0,849.9295,-78.92950439453125
5914.0,5940.893,-26.89306640625
589.0,505.8602,83.13980102539062
8168.0,8029.0405,138.95947265625
10567.0,9085.048,1481.9521484375
8686.0,8611.266,74.734375
4054.0,4218.94,-164.93994140625
1814.0,1796.6105,17.3895263671875
8891.0,10447.237,-1556.2373046875
827.0,907.6463,-80.64630126953125
8645.0,7854.509,790.4912109375
705.0,775.80884,-70.808837890625
600.0,662.4539,-62.45391845703125
4824.0,4926.4546,-102.45458984375
5886.0,5315.266,570.73388671875
1911.0,1826.3995,84.6004638671875
10571.0,9824.399,746.6005859375
7584.0,7331.712,252.2880859375
10221.0,9557.781,663.21875
2141.0,2019.9459,121.0540771484375
3640.0,3754.512,-114.511962890625
868.0,874.085,-6.08502197265625
9474.0,11356.711,-1882.7109375
2394.0,2717.9458,-323.94580078125
3880.0,4772.2983,-892.29833984375
6785.0,7200.762,-415.76220703125
1249.0,1478.5325,-229.532470703125
3286.0,3505.2756,-219.275634765625
4257.0,4766.061,-509.06103515625
6096.0,6140.6685,-44.66845703125
6618.0,6110.415,507.5849609375
666.0,716.49884,-50.49884033203125
878.0,692.1381,185.86187744140625
1290.0,1162.7174,127.2825927734375
7247.0,7159.4663,87.53369140625
1383.0,1372.6692,10.330810546875
1007.0,1014.959,-7.958984375
921.0,884.83563,36.16436767578125
821.0,900.18317,-79.18316650390625
5098.0,6505.2,-1407.2001953125
3301.0,3225.0872,75.912841796875
404.0,456.67645,-52.67645263671875
2034.0,1817.6276,216.3724365234375
6989.0,6855.2456,133.75439453125
992.0,1153.7097,-161.709716796875
687.0,728.88043,-41.88043212890625
1026.0,892.1099,133.89007568359375
1015.0,887.81775,127.1822509765625
976.0,1073.8215,-97.821533203125
5768.0,5740.5483,27.45166015625
4470.0,4188.077,281.9228515625
458.0,530.634,-72.63397216796875
1881.0,1837.8582,43.141845703125
544.0,636.0612,-92.06121826171875
969.0,869.5938,99.40618896484375
3787.0,3417.8196,369.180419921875
603.0,553.4137,49.5863037109375
537.0,531.3615,5.63848876953125
2968.0,2890.752,77.248046875
847.0,933.56146,-86.56146240234375
16786.0,14963.539,1822.4609375
1572.0,1600.2961,-28.296142578125
1076.0,1002.49713,73.50286865234375
2528.0,2556.8855,-28.885498046875
2365.0,2716.905,-351.905029296875
8799.0,8282.757,516.2431640625
14498.0,13726.336,771.6640625
772.0,890.41364,-118.41363525390625
4435.0,4678.559,-243.55908203125
3130.0,2836.1907,293.809326171875
5864.0,5803.0225,60.9775390625
792.0,822.9143,-30.914306640625
4899.0,4247.0713,651.9287109375
3178.0,3006.0525,171.947509765625
8093.0,7209.944,883.05615234375
4739.0,4798.7144,-59.71435546875
668.0,679.9494,-11.94940185546875
1783.0,1897.0721,-114.0721435546875
435.0,518.7552,-83.75518798828125
732.0,648.1242,83.87579345703125
3050.0,2852.9602,197.039794921875
435.0,421.74136,13.258636474609375
729.0,732.58453,-3.58453369140625
15531.0,14638.049,892.951171875
5595.0,5213.9717,381.0283203125
9880.0,12441.152,-2561.15234375
4959.0,4837.8955,121.1044921875
11946.0,14147.859,-2201.859375
855.0,698.38837,156.61163330078125
15185.0,13280.486,1904.513671875
2300.0,2331.976,-31.97607421875
6580.0,6754.9517,-174.95166015625
1959.0,1815.5216,143.4783935546875
7437.0,6609.4165,827.58349609375
5854.0,5462.232,391.76806640625
650.0,744.95734,-94.95733642578125
642.0,626.40674,15.59326171875
10618.0,9944.4,673.599609375
465.0,498.02206,-33.022064208984375
878.0,730.4284,147.57159423828125
3064.0,2835.3276,228.67236328125
6115.0,5727.0396,387.96044921875
1271.0,1486.8353,-215.8353271484375
8362.0,7667.371,694.62890625
7999.0,8281.208,-282.2080078125
9959.0,9932.381,26.619140625
1281.0,1225.0842,55.915771484375
2473.0,2610.6233,-137.623291015625
7177.0,7255.0938,-78.09375
6377.0,6464.55,-87.5498046875
11459.0,11408.245,50.7548828125
828.0,714.1465,113.853515625
3450.0,4359.689,-909.68896484375
984.0,1196.7443,-212.7442626953125
1662.0,1765.2283,-103.228271484375
4746.0,5533.657,-787.6572265625
1401.0,1470.3348,-69.3348388671875
2446.0,2590.7295,-144.7294921875
3478.0,3239.9136,238.08642578125
4712.0,3891.421,820.5791015625
7587.0,7972.16,-385.16015625
1442.0,1607.8778,-165.8778076171875
3539.0,2722.1458,816.854248046875
669.0,725.2771,-56.277099609375
891.0,872.15894,18.841064453125
3642.0,3797.5562,-155.55615234375
1815.0,1931.571,-116.571044921875
2559.0,2606.2659,-47.265869140625
8777.0,8246.976,530.0244140625
724.0,734.03766,-10.03765869140625
14150.0,13088.3125,1061.6875
7577.0,9807.642,-2230.6416015625
1048.0,1047.1345,0.865478515625
6387.0,5878.236,508.76416015625
5588.0,5306.695,281.30517578125
1307.0,1566.3379,-259.337890625
4890.0,4923.7017,-33.70166015625
536.0,493.9701,42.0299072265625
709.0,619.90027,89.0997314453125
1046.0,838.32684,207.67315673828125
1002.0,1043.1229,-41.1229248046875
958.0,1085.1935,-127.1934814453125
8387.0,7530.2617,856.73828125
3091.0,3914.7766,-823.776611328125
5747.0,5895.176,-148.17578125
5278.0,5397.343,-119.3427734375
4006.0,3963.0776,42.92236328125
1308.0,1646.541,-338.541015625
828.0,942.61035,-114.6103515625
2562.0,2522.3137,39.686279296875
3620.0,4172.0835,-552.08349609375
4515.0,4996.3335,-481.33349609375
2845.0,2800.895,44.10498046875
5940.0,6016.384,-76.3837890625
9218.0,9073.236,144.763671875
1716.0,1827.272,-111.27197265625
702.0,784.94836,-82.9483642578125
5240.0,4447.7534,792.24658203125
499.0,588.7843,-89.7843017578125
1429.0,1504.55,-75.550048828125
760.0,753.137,6.86297607421875
640.0,572.9208,67.0792236328125
9777.0,12610.637,-2833.63671875
13721.0,12741.337,979.6630859375
3996.0,4274.4204,-278.42041015625
3692.0,3205.2456,486.75439453125
1123.0,1128.6079,-5.60791015625
403.0,480.0671,-77.06710815429688
5332.0,5129.636,202.36376953125
4948.0,4875.6846,72.3154296875
1698.0,2070.6384,-372.638427734375
7741.0,9192.414,-1451.4140625
658.0,763.1903,-105.1903076171875
1781.0,1730.0045,50.9954833984375
465.0,441.14572,23.854278564453125
445.0,505.53113,-60.5311279296875
1059.0,1083.0885,-24.0885009765625
1181.0,1346.4945,-165.4945068359375
2637.0,2507.743,129.257080078125
2508.0,2471.2969,36.703125
5195.0,5355.353,-160.35302734375
4234.0,4112.4746,121.525390625
4077.0,4538.574,-461.57421875
4312.0,4534.2686,-222.2685546875
10278.0,9570.022,707.9775390625
1067.0,1026.8215,40.178466796875
554.0,569.2183,-15.21832275390625
2287.0,1511.6626,775.33740234375
2801.0,3081.3313,-280.331298828125
758.0,797.6573,-39.65728759765625
1687.0,1667.7631,19.2369384765625
2657.0,2414.2622,242.73779296875
3062.0,2788.5903,273.40966796875
11472.0,14953.724,-3481.7236328125
561.0,661.0066,-100.006591796875
2051.0,1926.627,124.373046875
444.0,482.27545,-38.27545166015625
16100.0,17117.814,-1017.814453125
2028.0,1823.6593,204.3406982421875
5049.0,4897.7793,151.220703125
492.0,694.6161,-202.6160888671875
3724.0,3944.6755,-220.675537109375
17294.0,15279.235,2014.7646484375
7000.0,6705.9575,294.04248046875
648.0,767.122,-119.12200927734375
14348.0,16588.465,-2240.46484375
802.0,701.9035,100.09649658203125
789.0,697.1745,91.82550048828125
557.0,479.1582,77.841796875
10196.0,8992.133,1203.8671875
5739.0,5932.92,-193.919921875
871.0,660.2712,210.72882080078125
1838.0,1842.913,-4.9129638671875
5433.0,4633.021,799.97900390625
1800.0,1627.1471,172.8529052734375
521.0,613.9273,-92.92730712890625
6542.0,7532.855,-990.85498046875
5293.0,5530.074,-237.07421875
2804.0,2823.964,-19.964111328125
824.0,852.82587,-28.82586669921875
2538.0,2821.2498,-283.249755859375
8275.0,8048.976,226.02392578125
13609.0,12599.828,1009.171875
1188.0,892.2931,295.7069091796875
12111.0,9666.474,2444.5263671875
911.0,799.83936,111.16064453125
5748.0,4711.939,1036.06103515625
1642.0,1757.886,-115.885986328125
596.0,642.2925,-46.29248046875
1066.0,920.7758,145.22418212890625
3464.0,3069.8826,394.117431640625
2979.0,3168.8257,-189.82568359375
1218.0,1263.7751,-45.775146484375
4513.0,4562.9224,-49.92236328125
549.0,502.87955,46.120452880859375
4004.0,4281.263,-277.26318359375
1286.0,1354.8334,-68.8333740234375
3710.0,2886.4421,823.557861328125
984.0,1019.19507,-35.195068359375
15613.0,15175.601,437.3994140625
854.0,711.9194,142.08062744140625
898.0,806.5901,91.409912109375
2052.0,1850.219,201.781005859375
1020.0,962.01917,57.9808349609375
862.0,900.86755,-38.8675537109375
1080.0,965.40393,114.5960693359375
4464.0,4991.732,-527.73193359375
1048.0,1044.2268,3.773193359375
755.0,770.84424,-15.84423828125
1015.0,889.59955,125.40045166015625
599.0,786.1538,-187.15380859375
802.0,709.7484,92.2515869140625
1059.0,897.70154,161.2984619140625
15666.0,13401.516,2264.484375
1742.0,1909.0905,-167.0904541015625
576.0,556.10535,19.8946533203125
6303.0,5223.938,1079.06201171875
4558.0,4679.407,-121.4072265625
782.0,837.9907,-55.99072265625
6028.0,6357.3096,-329.3095703125
689.0,646.17896,42.821044921875
2863.0,2593.7961,269.203857421875
1690.0,1676.5134,13.486572265625
1565.0,1628.7285,-63.728515625
5290.0,5239.438,50.56201171875
6471.0,5916.9546,554.04541015625
1972.0,1897.5728,74.42724609375
4004.0,4135.571,-131.57080078125
1436.0,1618.6974,-182.6973876953125
472.0,489.51437,-17.514373779296875
4619.0,5182.086,-563.0859375
1112.0,973.4118,138.58819580078125
15915.0,13698.074,2216.92578125
2562.0,2230.8296,331.17041015625
705.0,590.76416,114.23583984375
454.0,532.56104,-78.56103515625
1109.0,1076.438,32.56201171875
5107.0,5339.7905,-232.79052734375
4053.0,3910.089,142.910888671875
16617.0,15011.739,1605.2607421875
786.0,860.95325,-74.9532470703125
9352.0,9210.949,141.05078125
951.0,980.66284,-29.662841796875
7862.0,9332.657,-1470.6572265625
2337.0,2350.7874,-13.787353515625
5540.0,5990.004,-450.00390625
3971.0,4436.7485,-465.74853515625
789.0,682.44574,106.55426025390625
891.0,752.105,138.89501953125
1554.0,1695.9104,-141.910400390625
882.0,842.1814,39.818603515625
8107.0,7674.1826,432.8173828125
10685.0,8469.202,2215.7978515625
636.0,823.3662,-187.3662109375
816.0,922.02496,-106.02496337890625
710.0,619.6617,90.33831787109375
449.0,493.50204,-44.502044677734375
1441.0,1722.0592,-281.0592041015625
1852.0,1734.6561,117.3438720703125
1030.0,1064.437,-34.43701171875
1147.0,1223.0374,-76.037353515625
791.0,831.6959,-40.6959228515625
17162.0,16582.645,579.35546875
16970.0,18609.424,-1639.423828125
737.0,857.5511,-120.55108642578125
5290.0,5369.5264,-79.5263671875
984.0,1002.1847,-18.1846923828125
827.0,922.4696,-95.4696044921875
1439.0,1423.354,15.64599609375
4475.0,5237.514,-762.51416015625
844.0,735.34155,108.658447265625
2078.0,2118.6558,-40.65576171875
4541.0,4246.1924,294.8076171875
2385.0,2358.3398,26.66015625
12416.0,12553.552,-137.5517578125
9343.0,9276.182,66.818359375
663.0,766.55304,-103.55303955078125
6765.0,7699.1904,-934.1904296875
2341.0,2408.2156,-67.215576171875
1723.0,1849.8121,-126.8121337890625
5537.0,5769.213,-232.212890625
1286.0,1165.3401,120.659912109375
3740.0,3605.8804,134.11962890625
1828.0,1686.7336,141.266357421875
540.0,498.1601,41.83990478515625
917.0,897.96686,19.03314208984375
8979.0,8786.598,192.40234375
944.0,1046.4052,-102.4051513671875
2264.0,2209.5315,54.468505859375
917.0,956.4761,-39.47607421875
4719.0,5146.5005,-427.50048828125
4117.0,3999.7576,117.242431640625
5390.0,5530.074,-140.07421875
4666.0,4458.785,207.21484375
829.0,901.2848,-72.2847900390625
4332.0,4313.409,18.5908203125
3387.0,3376.9226,10.077392578125
5768.0,6002.472,-234.47216796875
2913.0,3519.7542,-606.754150390625
773.0,867.8976,-94.8975830078125
4119.0,4221.299,-102.298828125
2327.0,2404.495,-77.4951171875
4477.0,5080.726,-603.72607421875
3993.0,3974.3137,18.686279296875
8794.0,8335.84,458.16015625
16960.0,14803.28,2156.7197265625
6703.0,6637.2007,65.79931640625
3126.0,3066.458,59.5419921875
6808.0,6033.1924,774.8076171875
827.0,713.85974,113.1402587890625
10412.0,10066.788,345.2119140625
863.0,861.68066,1.3193359375
11730.0,11361.424,368.576171875
9310.0,9550.883,-240.8828125
6036.0,6227.423,-191.4228515625
1166.0,1256.5791,-90.5791015625
2145.0,2108.5745,36.425537109375
5387.0,4823.7583,563.24169921875
507.0,524.6873,-17.68731689453125
702.0,544.7171,157.28289794921875
4980.0,4678.095,301.90478515625
17108.0,14208.005,2899.9951171875
2602.0,2672.9514,-70.951416015625
730.0,791.55505,-61.5550537109375
3770.0,3388.2812,381.71875
1589.0,1757.7048,-168.704833984375
3027.0,3141.073,-114.072998046875
9781.0,9382.88,398.1201171875
4538.0,4568.0566,-30.056640625
10641.0,9699.934,941.06640625
626.0,601.03595,24.96405029296875
3679.0,3521.047,157.952880859375
3216.0,3798.1685,-582.16845703125
4121.0,4029.9749,91.025146484375
921.0,942.2725,-21.27252197265625
5698.0,5383.2495,314.75048828125
13325.0,13330.154,-5.154296875
4782.0,4855.852,-73.85205078125
2211.0,2785.2961,-574.296142578125
12707.0,12251.468,455.5322265625
2573.0,2423.8103,149.189697265625
1207.0,1253.5402,-46.5401611328125
4586.0,5005.459,-419.458984375
955.0,950.3854,4.6146240234375
1767.0,1854.4963,-87.496337890625
5102.0,4955.671,146.3291015625
9317.0,7239.43,2077.56982421875
3584.0,3501.9634,82.03662109375
956.0,828.5931,127.40692138671875
3762.0,3786.0828,-24.082763671875
3964.0,4273.89,-309.89013671875
2905.0,3498.247,-593.2470703125
2787.0,2331.0662,455.933837890625
805.0,849.8938,-44.893798828125
8069.0,8445.253,-376.2529296875
1573.0,1865.7563,-292.75634765625
2834.0,2788.581,45.4189453125
2482.0,2343.1382,138.86181640625
2585.0,2960.0452,-375.045166015625
2960.0,3021.2583,-61.25830078125
1061.0,932.99744,128.0025634765625
523.0,486.96222,36.03778076171875
3588.0,3952.9438,-364.94384765625
683.0,745.03876,-62.03875732421875
2639.0,2464.3289,174.671142578125
2841.0,2919.8196,-78.819580078125
1801.0,2173.467,-372.467041015625
573.0,647.1728,-74.17279052734375
5451.0,5976.8203,-525.8203125
764.0,814.6538,-50.65380859375
854.0,746.9223,107.07769775390625
2142.0,1911.575,230.425048828125
879.0,803.7343,75.26568603515625
765.0,674.6219,90.37811279296875
666.0,738.1826,-72.1826171875
576.0,530.5868,45.4132080078125
4979.0,4793.325,185.6748046875
663.0,689.30707,-26.30706787109375
717.0,863.89703,-146.89703369140625
2278.0,2666.4949,-388.494873046875
4155.0,4845.1416,-690.1416015625
2246.0,2202.9775,43.0224609375
10349.0,9690.113,658.88671875
3773.0,4261.425,-488.4248046875
10236.0,9830.877,405.123046875
4503.0,4345.1416,157.8583984375
1323.0,1553.0667,-230.066650390625
1232.0,1201.9495,30.050537109375
1579.0,1787.8384,-208.83837890625
2517.0,2175.3975,341.6025390625
5768.0,3920.1692,1847.830810546875
574.0,527.9476,46.05242919921875
1806.0,1733.6724,72.32763671875
3856.0,3723.0696,132.930419921875
516.0,568.47894,-52.47894287109375
493.0,520.78894,-27.7889404296875
1242.0,1180.7593,61.24072265625
1385.0,1489.211,-104.2110595703125
544.0,611.8782,-67.878173828125
4518.0,4287.6143,230.3857421875
11251.0,10136.5625,1114.4375
8946.0,8510.361,435.638671875
3570.0,3253.3025,316.697509765625
932.0,838.6219,93.37811279296875
645.0,619.13513,25.8648681640625
745.0,693.56805,51.43194580078125
4242.0,3809.5369,432.463134765625
1548.0,1634.4738,-86.4737548828125
1375.0,1431.2175,-56.217529296875
680.0,635.3833,44.61669921875
1266.0,1216.2484,49.7515869140625
7486.0,7790.1807,-304.1806640625
684.0,724.4302,-40.43017578125
8794.0,6608.9062,2185.09375
8684.0,8798.347,-114.3466796875
2623.0,2333.7732,289.226806640625
13675.0,13096.217,578.783203125
709.0,601.23004,107.76995849609375
8008.0,7384.989,623.01123046875
5361.0,5235.3716,125.62841796875
911.0,792.5004,118.49957275390625
4484.0,4375.834,108.166015625
2012.0,1912.9069,99.0931396484375
761.0,855.77985,-94.77984619140625
5645.0,7047.398,-1402.39794921875
7111.0,7536.082,-425.08203125
3538.0,3532.2466,5.75341796875
3332.0,3083.2573,248.74267578125
11434.0,11575.984,-141.984375
5645.0,5634.2134,10.78662109375
625.0,642.5539,-17.55389404296875
16368.0,14401.899,1966.1005859375
4466.0,4564.389,-98.38916015625
8504.0,7567.2266,936.7734375
6639.0,6400.8623,238.1376953125
8647.0,7971.339,675.6611328125
1367.0,1395.371,-28.3709716796875
921.0,933.22375,-12.2237548828125
8643.0,9021.7705,-378.7705078125
1076.0,1021.95026,54.04974365234375
6505.0,5687.5444,817.45556640625
1743.0,2323.9268,-580.9267578125
6499.0,6269.488,229.51220703125
1220.0,1242.389,-22.3890380859375
565.0,640.3745,-75.37451171875
640.0,587.1535,52.84649658203125
2762.0,2616.3955,145.6044921875
734.0,814.0935,-80.093505859375
1035.0,1142.9724,-107.972412109375
807.0,928.8497,-121.84967041015625
675.0,611.437,63.56298828125
413.0,514.67474,-101.67474365234375
421.0,466.24042,-45.24041748046875
2161.0,2332.245,-171.2451171875
6275.0,5878.976,396.02392578125
2357.0,1952.2744,404.7255859375
608.0,548.11066,59.88934326171875
666.0,727.5744,-61.57440185546875
857.0,871.0014,-14.00140380859375
1893.0,1971.8002,-78.8001708984375
2206.0,2224.0852,-18.085205078125
792.0,656.4978,135.502197265625
7695.0,7709.6475,-14.6474609375
4121.0,4296.2036,-175.20361328125
3860.0,3979.5261,-119.526123046875
15030.0,16948.365,-1918.365234375
828.0,720.6547,107.34527587890625
9707.0,11281.305,-1574.3046875
5600.0,5481.4756,118.5244140625
1180.0,995.8142,184.185791015625
5664.0,4886.7285,777.271484375
733.0,857.81354,-124.81353759765625
658.0,709.53357,-51.5335693359375
1424.0,1618.1483,-194.1483154296875
17499.0,13885.818,3613.181640625
821.0,724.4014,96.59857177734375
9248.0,8042.5605,1205.439453125
939.0,961.5959,-22.59588623046875
3933.0,4062.2334,-129.2333984375
477.0,578.62256,-101.62255859375
2851.0,3068.8257,-217.82568359375
1316.0,1673.1173,-357.1173095703125
2318.0,1807.9349,510.0650634765625
3437.0,3304.7773,132.22265625
791.0,728.1816,62.81842041015625
1997.0,2146.5693,-149.5693359375
5780.0,5394.414,385.5859375
659.0,795.2191,-136.2191162109375
2404.0,2520.81,-116.81005859375
4969.0,4976.191,-7.19091796875
3956.0,4288.76,-332.759765625
13555.0,15242.02,-1687.01953125
1868.0,1813.7979,54.2021484375
2128.0,2280.9307,-152.9306640625
672.0,668.8922,3.1077880859375
4678.0,4701.702,-23.7021484375
2083.0,2003.8536,79.1463623046875
3295.0,3392.8386,-97.838623046875
402.0,442.38925,-40.389251708984375
1046.0,859.1045,186.8955078125
12622.0,11908.501,713.4990234375
2232.0,2374.4668,-142.466796875
4566.0,4534.5195,31.48046875
919.0,875.30225,43.69775390625
707.0,664.78705,42.21295166015625
3139.0,3451.1,-312.10009765625
389.0,387.38885,1.61114501953125
2434.0,2494.0698,-60.06982421875
1094.0,1044.2587,49.7413330078125
2385.0,2542.1128,-157.11279296875
4124.0,3924.7227,199.27734375
3846.0,4095.3828,-249.3828125
15575.0,13592.634,1982.3662109375
5576.0,4859.4526,716.54736328125
942.0,816.54816,125.45184326171875
612.0,563.60175,48.39825439453125
1592.0,1673.6139,-81.6138916015625
14542.0,13366.31,1175.6904296875
13320.0,14370.355,-1050.35546875
4887.0,5062.9614,-175.96142578125
675.0,614.1956,60.80438232421875
1330.0,1578.9493,-248.9493408203125
828.0,737.0982,90.90179443359375
3016.0,2911.3042,104.69580078125
8455.0,11207.767,-2752.7666015625
660.0,707.2098,-47.20977783203125
620.0,588.5611,31.43890380859375
3199.0,2799.9705,399.029541015625
2867.0,3059.1155,-192.115478515625
8772.0,8147.5806,624.41943359375
789.0,866.1534,-77.15338134765625
726.0,813.5865,-87.58648681640625
673.0,729.2348,-56.23480224609375
9127.0,9223.75,-96.75
1081.0,1142.8464,-61.846435546875
5016.0,5213.0566,-197.056640625
2583.0,2672.1814,-89.181396484375
758.0,838.7228,-80.7227783203125
2037.0,2020.9166,16.0833740234375
802.0,741.5019,60.49810791015625
1828.0,1749.8729,78.1270751953125
1999.0,1923.5989,75.401123046875
15254.0,14410.445,843.5546875
8888.0,7321.181,1566.81884765625
596.0,603.92566,-7.9256591796875
931.0,759.7665,171.2335205078125
18124.0,15718.897,2405.1025390625
7567.0,6646.1646,920.83544921875
4250.0,4729.009,-479.0087890625
3063.0,2881.784,181.216064453125
9596.0,8483.544,1112.4560546875
625.0,729.9626,-104.96258544921875
5696.0,6031.886,-335.88623046875
980.0,907.2569,72.74310302734375
798.0,1055.5486,-257.548583984375
3048.0,2587.9678,460.0322265625
2762.0,2482.3298,279.670166015625
935.0,974.6718,-39.67181396484375
4459.0,4246.1924,212.8076171875
3421.0,3103.0308,317.96923828125
2065.0,2037.0681,27.931884765625
5271.0,4945.353,325.64697265625
3344.0,3724.4302,-380.43017578125
3275.0,3254.2122,20.787841796875
4637.0,4627.6504,9.349609375
4455.0,4479.508,-24.5078125
5439.0,5162.9624,276.03759765625
911.0,755.5863,155.4136962890625
17068.0,15200.675,1867.3251953125
1110.0,1147.1333,-37.13330078125
523.0,558.21246,-35.21246337890625
1999.0,1940.101,58.8990478515625
9918.0,9548.696,369.3037109375
5119.0,5991.884,-872.8837890625
1055.0,1032.2437,22.75634765625
5908.0,5910.823,-2.8232421875
9540.0,8653.816,886.18359375
732.0,664.7953,67.2047119140625
1584.0,2048.4683,-464.46826171875
2283.0,2346.7468,-63.746826171875
1621.0,1741.9828,-120.9827880859375
1385.0,1284.4634,100.53662109375
11169.0,10319.349,849.6513671875
826.0,851.3208,-25.32080078125
2135.0,2193.2234,-58.223388671875
2437.0,2617.7476,-180.74755859375
1920.0,2051.369,-131.368896484375
2523.0,2069.3418,453.658203125
3282.0,3428.4324,-146.432373046875
17049.0,15246.236,1802.763671875
1740.0,2075.923,-335.923095703125
6930.0,7100.681,-170.68115234375
470.0,556.7345,-86.7344970703125
765.0,673.8202,91.1798095703125
470.0,634.5454,-164.54541015625
2717.0,2892.7493,-175.749267578125
1628.0,1450.337,177.6629638671875
914.0,1027.0107,-113.0107421875
4740.0,5439.3193,-699.3193359375
8928.0,9104.348,-176.34765625
2666.0,2916.7139,-250.7138671875
708.0,699.48175,8.51824951171875
1818.0,1916.452,-98.4520263671875
4234.0,4027.8958,206.104248046875
9290.0,8875.873,414.126953125
3780.0,4017.7075,-237.70751953125
1229.0,1264.2765,-35.2764892578125
12610.0,13581.14,-971.1396484375
10487.0,9178.204,1308.7958984375
2633.0,3098.694,-465.694091796875
3881.0,3742.7937,138.206298828125
507.0,524.927,-17.927001953125
5864.0,5867.62,-3.6201171875
14247.0,13327.281,919.71875
3655.0,4409.552,-754.5517578125
544.0,573.28925,-29.28924560546875
552.0,668.68427,-116.68426513671875
933.0,917.6218,15.378173828125
6746.0,5768.6465,977.353515625
737.0,730.02185,6.9781494140625
1715.0,1787.1117,-72.1116943359375
2451.0,2259.1985,191.801513671875
555.0,601.17896,-46.178955078125
772.0,865.22723,-93.22723388671875
3054.0,3917.1523,-863.15234375
816.0,894.55054,-78.550537109375
5242.0,5873.1523,-631.15234375
713.0,771.48816,-58.4881591796875
840.0,871.7277,-31.72772216796875
2026.0,1772.2527,253.747314453125
2372.0,2480.894,-108.89404296875
1286.0,1280.547,5.4530029296875
1847.0,1800.2649,46.735107421875
4166.0,4008.5505,157.449462890625
6602.0,5652.758,949.2421875
17469.0,15784.307,1684.693359375
4849.0,4342.026,506.97412109375
2680.0,2782.4822,-102.482177734375
1300.0,1168.3967,131.603271484375
384.0,423.21506,-39.215057373046875
658.0,587.8112,70.18878173828125
667.0,698.9429,-31.94287109375
4304.0,4443.165,-139.1650390625
1265.0,1164.9014,100.0986328125
3337.0,4478.9736,-1141.9736328125
1758.0,1697.6477,60.352294921875
802.0,713.6334,88.3665771484375
2016.0,2107.7065,-91.70654296875
645.0,706.26215,-61.26214599609375
1443.0,1408.0264,34.9736328125
473.0,441.70245,31.29754638671875
4234.0,4494.2695,-260.26953125
5859.0,4715.059,1143.94091796875
983.0,1017.20105,-34.2010498046875
4102.0,3779.3098,322.690185546875
5160.0,4629.001,530.9990234375
12814.0,11747.691,1066.30859375
1554.0,1692.3651,-138.3651123046875
16261.0,15300.308,960.6923828125
2251.0,2249.454,1.5458984375
3391.0,3552.5457,-161.545654296875
2745.0,2770.963,-25.962890625
2451.0,2530.2551,-79.255126953125
2317.0,2109.1167,207.88330078125
2686.0,2677.4766,8.5234375
4315.0,4181.642,133.35791015625
1429.0,1618.8666,-189.8665771484375
4972.0,4197.58,774.419921875
4230.0,5229.8213,-999.8212890625
499.0,480.21005,18.789947509765625
6597.0,7922.344,-1325.34423828125
5864.0,5882.0386,-18.03857421875
6296.0,5817.7427,478.25732421875
1728.0,1737.7161,-9.716064453125
1786.0,1740.4276,45.5723876953125
2313.0,2352.396,-39.39599609375
3308.0,3356.7686,-48.7685546875
1052.0,1012.83984,39.16015625
684.0,646.4364,37.5635986328125
7613.0,7398.4897,214.51025390625
17597.0,15321.4375,2275.5625
1046.0,976.9019,69.09808349609375
1104.0,1019.3065,84.6934814453125
1076.0,1014.0685,61.9315185546875
4256.0,4490.76,-234.759765625
710.0,790.39343,-80.3934326171875
10078.0,9193.483,884.5166015625
675.0,560.08136,114.91864013671875
832.0,847.19183,-15.19183349609375
3498.0,3207.7908,290.209228515625
2602.0,2681.879,-79.87890625
756.0,656.904,99.09600830078125
9817.0,8306.839,1510.1611328125
2703.0,2721.925,-18.925048828125
4149.0,4197.0312,-48.03125
979.0,865.3739,113.6260986328125
4480.0,4007.0059,472.994140625
666.0,629.40204,36.59796142578125
705.0,742.0055,-37.0054931640625
731.0,688.8043,42.1956787109375
13445.0,11841.633,1603.3671875
596.0,602.3211,-6.32110595703125
778.0,815.3207,-37.3206787109375
2338.0,2706.7827,-368.78271484375
2129.0,2013.444,115.5560302734375
2472.0,2437.7493,34.250732421875
4641.0,4450.584,190.416015625
5600.0,5220.8896,379.1103515625
4973.0,4484.5186,488.4814453125
5880.0,5485.336,394.6640625
9901.0,10061.212,-160.2119140625
608.0,534.2582,73.7418212890625
432.0,461.37836,-29.37835693359375
1350.0,1766.5088,-416.5087890625
8769.0,8470.777,298.22265625
1243.0,1172.5349,70.465087890625
756.0,659.2777,96.7222900390625
8846.0,8678.133,167.8671875
544.0,586.1142,-42.11419677734375
11390.0,12107.902,-717.90234375
708.0,733.55725,-25.5572509765625
3431.0,3148.516,282.48388671875
2522.0,2450.2275,71.7724609375
960.0,757.9154,202.0845947265625
1346.0,1592.801,-246.801025390625
4808.0,4521.821,286.17919921875
828.0,700.2588,127.7412109375
945.0,841.56165,103.4383544921875
793.0,827.90155,-34.90155029296875
2656.0,2976.8665,-320.866455078125
1019.0,1114.6558,-95.65576171875
13963.0,14253.718,-290.7177734375
3528.0,3419.336,108.6640625
2601.0,2752.4802,-151.480224609375
7351.0,7790.1807,-439.1806640625
5929.0,5936.5996,-7.599609375
794.0,919.86334,-125.86334228515625
3145.0,3094.6882,50.311767578125
9548.0,8762.369,785.630859375
1000.0,1086.1283,-86.1282958984375
855.0,746.85596,108.14404296875
821.0,960.72784,-139.72784423828125
3145.0,2723.9644,421.03564453125
578.0,425.59323,152.40676879882812
7277.0,7141.6587,135.34130859375
648.0,525.068,122.9320068359375
10035.0,9460.375,574.625
1715.0,1790.9374,-75.9373779296875
13007.0,13554.146,-547.146484375
702.0,788.9653,-86.96527099609375
1725.0,1946.0951,-221.0950927734375
959.0,888.9136,70.08642578125
622.0,650.2982,-28.2982177734375
899.0,888.8368,10.1632080078125
2656.0,2841.2793,-185.279296875
15188.0,14704.443,483.556640625
6788.0,5618.982,1169.01806640625
5312.0,5079.6694,232.33056640625
12378.0,11861.697,516.302734375
982.0,1046.8727,-64.8726806640625
2498.0,2804.0337,-306.03369140625
886.0,845.6289,40.37109375
18152.0,16177.858,1974.1416015625
3808.0,3826.4067,-18.40673828125
5518.0,5443.248,74.751953125
745.0,809.76135,-64.7613525390625
6837.0,6598.4375,238.5625
3447.0,3584.5413,-137.541259765625
1134.0,1151.3291,-17.3291015625
5783.0,5531.261,251.73876953125
605.0,609.03076,-4.03076171875
4247.0,4387.1226,-140.12255859375
709.0,657.3797,51.62030029296875
1172.0,1173.4446,-1.444580078125
8437.0,7894.1943,542.8056640625
1061.0,901.59937,159.400634765625
2579.0,1958.15,620.8499755859375
1264.0,1269.423,-5.4229736328125
3794.0,3901.9924,-107.992431640625
5504.0,5654.1704,-150.17041015625
4499.0,4352.3677,146.63232421875
10542.0,10128.734,413.265625
4492.0,4697.99,-205.990234375
3154.0,2947.1765,206.823486328125
1205.0,1154.5723,50.427734375
914.0,1034.3792,-120.379150390625
5497.0,5816.8213,-319.8212890625
1653.0,1747.7452,-94.7452392578125
17936.0,15257.059,2678.94140625
5407.0,5845.1367,-438.13671875
810.0,910.11456,-100.11456298828125
696.0,795.57117,-99.5711669921875
4229.0,4019.3518,209.648193359375
2680.0,2609.5974,70.402587890625
12226.0,12568.203,-342.203125
15132.0,13776.594,1355.40625
2565.0,2533.7278,31.272216796875
3398.0,3232.5999,165.400146484375
4691.0,4653.0083,37.99169921875
8852.0,8065.3755,786.62451171875
2316.0,2287.9543,28.045654296875
1103.0,1067.6512,35.3487548828125
10914.0,10916.47,-2.4697265625
3274.0,3441.054,-167.053955078125
2415.0,2414.6758,0.32421875
1696.0,1793.4392,-97.439208984375
631.0,574.54974,56.45025634765625
1902.0,1805.0537,96.9462890625
490.0,521.9225,-31.9224853515625
1904.0,2196.9817,-292.981689453125
689.0,569.1544,119.8455810546875
413.0,464.04413,-51.04412841796875
2724.0,2729.6406,-5.640625
552.0,619.0875,-67.0875244140625
1080.0,927.8539,152.1461181640625
2332.0,2427.8362,-95.836181640625
9344.0,8348.5625,995.4375
10004.0,9859.413,144.5869140625
10070.0,10099.043,-29.04296875
984.0,827.188,156.81201171875
4324.0,4362.281,-38.28076171875
1923.0,1742.4299,180.570068359375
3215.0,3323.1418,-108.141845703125
10951.0,10238.547,712.453125
11299.0,11518.693,-219.693359375
6586.0,6406.3594,179.640625
2801.0,3375.0066,-574.006591796875
10232.0,10074.453,157.546875
1216.0,1226.0961,-10.0960693359375
504.0,733.01874,-229.01873779296875
4721.0,5383.0547,-662.0546875
706.0,804.00104,-98.00103759765625
645.0,595.6418,49.35821533203125
5044.0,5373.1387,-329.138671875
1446.0,1522.6384,-76.638427734375
4098.0,4009.212,88.7880859375
4551.0,4264.109,286.89111328125
1546.0,1484.3047,61.6953125
698.0,607.0756,90.92437744140625
4170.0,3995.7458,174.254150390625
7279.0,7242.711,36.2890625
810.0,922.3648,-112.36480712890625
11382.0,10792.571,589.4287109375
2635.0,2529.4539,105.546142578125
7826.0,7398.6943,427.3056640625
1079.0,1040.9132,38.0867919921875
2450.0,2416.885,33.114990234375
928.0,795.3448,132.65521240234375
14224.0,14214.701,9.298828125
872.0,783.56555,88.4344482421875
2360.0,2472.0903,-112.09033203125
9346.0,9321.982,24.017578125
2699.0,2669.208,29.7919921875
2714.0,2806.4075,-92.407470703125
6262.0,5937.6133,324.38671875
3154.0,3190.5718,-36.57177734375
4969.0,5420.11,-451.10986328125
552.0,514.9559,37.04412841796875
749.0,904.62665,-155.62664794921875
2125.0,2282.73,-157.72998046875
988.0,1139.7107,-151.710693359375
1397.0,1215.2354,181.7646484375
4588.0,4597.213,-9.212890625
766.0,867.4448,-101.44482421875
492.0,538.17645,-46.17645263671875
2921.0,3087.166,-166.166015625
924.0,990.73553,-66.73553466796875
393.0,464.05255,-71.05255126953125
1998.0,2039.4631,-41.463134765625
3429.0,3435.4648,-6.46484375
1791.0,1789.0961,1.9039306640625
631.0,624.0045,6.9954833984375
4995.0,5415.81,-420.81005859375
1431.0,1401.8258,29.1741943359375
18541.0,16072.419,2468.5810546875
6472.0,6652.3354,-180.33544921875
703.0,689.9351,13.06488037109375
10802.0,12187.776,-1385.7763671875
4232.0,3948.768,283.23193359375
3998.0,3935.3735,62.62646484375
2298.0,2413.8052,-115.80517578125
844.0,744.90326,99.09674072265625
649.0,799.86224,-150.86224365234375
1158.0,1130.4915,27.508544921875
7723.0,7954.4175,-231.41748046875
1316.0,1446.6158,-130.6158447265625
13212.0,12000.581,1211.4189453125
3239.0,3548.2578,-309.2578125
1103.0,1070.5802,32.4197998046875
6259.0,6278.2305,-19.23046875
4704.0,4890.8325,-186.83251953125
544.0,559.4645,-15.4644775390625
545.0,439.00824,105.99176025390625
2513.0,2495.2576,17.742431640625
608.0,575.0234,32.97662353515625
4291.0,4346.92,-55.919921875
4334.0,4116.3994,217.6005859375
4309.0,3970.1987,338.80126953125
13903.0,13694.169,208.8310546875
16783.0,15290.009,1492.9912109375
2484.0,2499.4485,-15.448486328125
1323.0,1590.2837,-267.28369140625
895.0,930.17944,-35.179443359375
2040.0,2197.4985,-157.49853515625
4590.0,5135.991,-545.9912109375
633.0,574.0941,58.9058837890625
9828.0,8980.211,847.7890625
524.0,626.60425,-102.604248046875
419.0,478.0246,-59.02459716796875
4455.0,4860.9316,-405.931640625
5527.0,5701.4824,-174.482421875
4001.0,4609.614,-608.61376953125
2652.0,2673.677,-21.677001953125
791.0,892.86957,-101.86956787109375
505.0,497.9997,7.00030517578125
7056.0,7265.599,-209.59912109375
942.0,814.9335,127.0665283203125
5864.0,6375.5146,-511.5146484375
829.0,809.80774,19.1922607421875
552.0,589.37805,-37.3780517578125
1212.0,1542.8452,-330.84521484375
6070.0,6286.182,-216.18212890625
1250.0,1279.4652,-29.4652099609375
5872.0,6109.372,-237.3720703125
8975.0,8768.313,206.6865234375
3118.0,3318.0007,-200.000732421875
17534.0,14987.005,2546.9951171875
805.0,888.1662,-83.16619873046875
2569.0,2622.0005,-53.00048828125
485.0,484.20328,0.796722412109375
1736.0,1921.3636,-185.3636474609375
4191.0,4595.718,-404.7177734375
3924.0,3974.3137,-50.313720703125
4529.0,4560.8203,-31.8203125
1154.0,1175.4443,-21.4443359375
1902.0,1983.207,-81.20703125
3032.0,2884.6086,147.391357421875
1013.0,903.8031,109.1968994140625
1556.0,1747.7936,-191.7935791015625
757.0,887.95593,-130.9559326171875
447.0,523.25824,-76.25823974609375
1408.0,1385.189,22.81103515625
4013.0,4427.076,-414.076171875
5068.0,5315.4844,-247.484375
658.0,746.34265,-88.3426513671875
837.0,866.6009,-29.60089111328125
6415.0,6467.498,-52.498046875
14386.0,13309.803,1076.197265625
17405.0,15943.716,1461.2841796875
6494.0,6169.895,324.10498046875
4339.0,4848.8955,-509.8955078125
805.0,880.07666,-75.07666015625
18176.0,15590.764,2585.236328125
1318.0,1295.8539,22.1461181640625
515.0,560.5238,-45.5238037109375
1662.0,1734.8663,-72.8663330078125
936.0,985.3945,-49.39447021484375
615.0,654.8136,-39.8135986328125
1404.0,1713.1415,-309.1414794921875
828.0,1005.61414,-177.6141357421875
1778.0,2071.0493,-293.04931640625
18735.0,15857.458,2877.5419921875
5038.0,5032.8823,5.11767578125
3098.0,3826.458,-728.4580078125
3941.0,4021.3616,-80.361572265625
979.0,975.08594,3.9140625
911.0,806.88513,104.1148681640625
5052.0,5213.4697,-161.4697265625
863.0,875.8247,-12.82470703125
8688.0,8313.79,374.2099609375
15840.0,15149.686,690.314453125
2633.0,2429.9993,203.000732421875
719.0,824.1488,-105.1488037109375
1326.0,1320.211,5.7889404296875
2339.0,2362.6436,-23.6435546875
658.0,739.6878,-81.68780517578125
10977.0,10539.995,437.0048828125
689.0,662.7843,26.2156982421875
844.0,724.672,119.3280029296875
5279.0,5695.5957,-416.595703125
617.0,635.7451,-18.7451171875
530.0,600.53094,-70.53094482421875
4668.0,5307.52,-639.52001953125
3583.0,3493.6482,89.351806640625
1800.0,1758.3574,41.642578125
2016.0,1929.9231,86.076904296875
3125.0,3381.8906,-256.890625
3035.0,2921.2893,113.710693359375
771.0,890.755,-119.7550048828125
17714.0,15832.75,1881.25
5068.0,5116.574,-48.57421875
7369.0,7641.8687,-272.86865234375
597.0,571.77747,25.2225341796875
1087.0,942.66345,144.3365478515625
1901.0,1801.7996,99.200439453125
1871.0,1783.2594,87.7406005859375
5287.0,5484.415,-197.4150390625
1084.0,1009.4696,74.5303955078125
893.0,946.4106,-53.41058349609375
1998.0,2046.0715,-48.071533203125
613.0,773.94086,-160.94085693359375
3389.0,3059.2935,329.70654296875
3247.0,3251.903,-4.903076171875
828.0,712.58563,115.41436767578125
8223.0,8580.013,-357.0126953125
3036.0,3124.4417,-88.441650390625
732.0,667.1201,64.8798828125
2318.0,2618.5955,-300.595458984375
14527.0,14306.684,220.31640625
3450.0,3335.9963,114.003662109375
956.0,885.019,70.98101806640625
10410.0,11777.972,-1367.9716796875
4412.0,5037.8438,-625.84375
11577.0,10801.149,775.8505859375
666.0,736.43787,-70.4378662109375
3114.0,3197.8516,-83.8515625
870.0,932.00305,-62.0030517578125
3965.0,3882.6367,82.36328125
11302.0,10757.855,544.14453125
5280.0,5651.1406,-371.140625
3811.0,4079.1558,-268.15576171875
2232.0,2192.4482,39.5517578125
10801.0,10132.551,668.44921875
11794.0,11739.381,54.619140625
587.0,590.9922,-3.9921875
4101.0,3366.177,734.822998046875
394.0,462.41467,-68.4146728515625
1435.0,1041.2197,393.7802734375
3915.0,3861.0671,53.932861328125
491.0,614.65314,-123.65313720703125
769.0,705.83093,63.1690673828125
4514.0,4840.693,-326.69287109375
1145.0,1097.0815,47.91845703125
6291.0,5907.9204,383.07958984375
1170.0,1161.1957,8.8043212890625
2596.0,2503.391,92.60888671875
3097.0,2977.372,119.6279296875
1257.0,1284.7932,-27.793212890625
12008.0,9546.102,2461.8984375
828.0,733.1038,94.89617919921875
1981.0,2032.3137,-51.313720703125
4661.0,4713.1343,-52.13427734375
589.0,676.8491,-87.84912109375
7357.0,6796.157,560.8427734375
3116.0,3493.0984,-377.098388671875
4101.0,4177.5396,-76.53955078125
622.0,821.6074,-199.607421875
3990.0,4658.2134,-668.21337890625
2575.0,2685.904,-110.904052734375
576.0,487.85187,88.14813232421875
1893.0,1926.6876,-33.6876220703125
3773.0,3093.413,679.5869140625
2587.0,2654.0498,-67.0498046875
7404.0,7456.1836,-52.18359375
2517.0,2854.1091,-337.109130859375
428.0,515.29724,-87.2972412109375
17000.0,14815.498,2184.501953125
533.0,617.34424,-84.34423828125
1567.0,1827.3164,-260.31640625
2949.0,3072.7483,-123.748291015625
906.0,835.3026,70.6973876953125
658.0,744.90326,-86.90325927734375
3756.0,3328.9324,427.067626953125
5207.0,4993.937,213.06298828125
755.0,835.7969,-80.796875
1559.0,1677.2463,-118.246337890625
15802.0,14200.514,1601.486328125
4141.0,4212.622,-71.6220703125
6470.0,6313.7817,156.21826171875
1315.0,1274.2329,40.76708984375
5551.0,5716.3374,-165.33740234375
4274.0,4372.8047,-98.8046875
816.0,823.3662,-7.3662109375
814.0,737.60974,76.3902587890625
2043.0,2233.2554,-190.25537109375
959.0,931.73083,27.2691650390625
4399.0,5436.342,-1037.341796875
10076.0,7719.662,2356.337890625
1600.0,1652.7827,-52.78271484375
6164.0,5693.575,470.4248046875
4476.0,4491.381,-15.380859375
789.0,816.41016,-27.41015625
8020.0,7834.083,185.9169921875
11746.0,12383.395,-637.39453125
3920.0,3792.2456,127.75439453125
1389.0,1315.4825,73.5174560546875
1814.0,1867.5677,-53.5677490234375
10304.0,9801.853,502.1474609375
854.0,744.8531,109.14691162109375
1578.0,1772.3457,-194.345703125
357.0,442.42142,-85.42141723632812
2926.0,3034.5574,-108.557373046875
2725.0,2836.2124,-111.21240234375
774.0,852.06726,-78.0672607421875
1125.0,1036.8156,88.1844482421875
675.0,752.15814,-77.15814208984375
1041.0,914.74976,126.250244140625
1792.0,1870.2551,-78.255126953125
4608.0,4523.6323,84.36767578125
2327.0,3364.3118,-1037.311767578125
1662.0,1628.2063,33.793701171875
4312.0,4919.429,-607.42919921875
9574.0,8941.537,632.462890625
1250.0,1260.6147,-10.61474609375
918.0,890.10675,27.89324951171875
988.0,903.50714,84.49285888671875
1852.0,1733.5756,118.4244384765625
681.0,712.80383,-31.8038330078125
1560.0,1661.3999,-101.39990234375
880.0,741.90454,138.095458984375
737.0,801.5175,-64.51751708984375
6062.0,5478.3345,583.66552734375
706.0,861.93695,-155.93695068359375
1002.0,827.59564,174.40435791015625
3819.0,4459.67,-640.669921875
3172.0,4322.5366,-1150.53662109375
600.0,561.4306,38.56939697265625
5334.0,4607.0947,726.9052734375
5785.0,5837.342,-52.341796875
2125.0,2271.3503,-146.350341796875
889.0,818.04376,70.95623779296875
612.0,721.4263,-109.42626953125
1602.0,1672.0999,-70.099853515625
1289.0,1133.1951,155.804931640625
2273.0,2232.975,40.02490234375
5121.0,4922.856,198.14404296875
851.0,746.9444,104.05560302734375
2059.0,2357.3433,-298.34326171875
3136.0,2991.1086,144.891357421875
2737.0,2749.3125,-12.3125
4523.0,5073.1133,-550.11328125
4385.0,4394.947,-9.94677734375
957.0,901.5864,55.41357421875
544.0,571.08795,-27.08795166015625
505.0,547.05023,-42.05023193359375
9527.0,9330.8955,196.1044921875
9663.0,10091.591,-428.5908203125
18026.0,16387.627,1638.373046875
7688.0,9423.237,-1735.2373046875
863.0,879.04456,-16.0445556640625
9683.0,8844.816,838.18359375
3363.0,3224.5703,138.4296875
9478.0,9365.159,112.8408203125
4044.0,4250.2124,-206.21240234375
5387.0,5310.867,76.1328125
3013.0,2850.781,162.218994140625
3275.0,3405.3647,-130.36474609375
2789.0,2783.057,5.943115234375
789.0,703.22363,85.7763671875
2848.0,2346.962,501.0380859375
1136.0,1228.2935,-92.29345703125
2753.0,2809.925,-56.925048828125
919.0,832.84937,86.150634765625
686.0,765.74384,-79.74383544921875
649.0,720.9886,-71.98858642578125
7151.0,6852.376,298.6240234375
5793.0,5718.9224,74.07763671875
630.0,582.1072,47.892822265625
854.0,765.0955,88.90447998046875
473.0,456.73016,16.26983642578125
5916.0,5487.832,428.16796875
12616.0,11559.744,1056.255859375
2965.0,2520.1343,444.86572265625
12551.0,11959.174,591.826171875
16059.0,15924.112,134.8876953125
487.0,530.8061,-43.80609130859375
4662.0,4354.947,307.05322265625
725.0,839.4206,-114.42059326171875
873.0,776.2112,96.788818359375
1088.0,991.04346,96.95654296875
1813.0,1788.0251,24.974853515625
2663.0,2808.2917,-145.291748046875
7188.0,7437.1836,-249.18359375
942.0,811.0943,130.90570068359375
14654.0,14476.525,177.474609375
678.0,642.64655,35.35345458984375
983.0,1032.0239,-49.02392578125
1148.0,1101.177,46.822998046875
2359.0,2442.3074,-83.307373046875
4072.0,4754.532,-682.5322265625
1823.0,1940.4324,-117.432373046875
5593.0,5357.0186,235.9814453125
595.0,599.01294,-4.012939453125
620.0,681.4535,-61.4534912109375
1161.0,1244.5764,-83.576416015625
8451.0,7098.4937,1352.50634765625
820.0,856.4644,-36.46441650390625
5974.0,7008.345,-1034.34521484375
4253.0,4507.351,-254.35107421875
1191.0,1169.7526,21.2474365234375
2093.0,2159.3967,-66.396728515625
2202.0,2352.7136,-150.713623046875
2209.0,2263.6897,-54.689697265625
589.0,491.45816,97.54183959960938
3091.0,3526.8694,-435.869384765625
2111.0,1596.5316,514.4683837890625
16215.0,15063.944,1151.0556640625
9586.0,9079.2,506.7998046875
2682.0,2992.8125,-310.8125
12454.0,15283.506,-2829.505859375
5055.0,5055.062,-0.06201171875
421.0,504.4114,-83.41140747070312
816.0,856.9994,-40.9993896484375
1060.0,1062.5027,-2.502685546875
7222.0,7252.818,-30.81787109375
2833.0,2812.6099,20.39013671875
6797.0,6334.019,462.98095703125
9214.0,8587.528,626.4716796875
457.0,508.08356,-51.08355712890625
6458.0,6767.2046,-309.20458984375
1097.0,1103.3265,-6.3265380859375
6838.0,7166.1343,-328.13427734375
363.0,379.70877,-16.708770751953125
2826.0,2863.017,-37.01708984375
1232.0,1058.5616,173.4383544921875
4263.0,3878.7166,384.283447265625
1815.0,1742.8806,72.119384765625
6435.0,6881.87,-446.8701171875
11111.0,11127.382,-16.3818359375
876.0,812.2638,63.7362060546875
8543.0,9175.421,-632.4208984375
3677.0,4088.8328,-411.832763671875
765.0,652.107,112.89300537109375
713.0,739.05414,-26.05413818359375
2840.0,4320.1665,-1480.16650390625
4326.0,4484.489,-158.48876953125
666.0,726.44165,-60.441650390625
801.0,782.0986,18.90142822265625
2882.0,2758.6975,123.302490234375
904.0,787.0356,116.96441650390625
3445.0,3512.7468,-67.746826171875
828.0,850.92664,-22.9266357421875
687.0,755.7797,-68.77972412109375
2546.0,2547.64,-1.639892578125
5137.0,5132.5337,4.46630859375
2822.0,3037.3494,-215.349365234375
11795.0,11271.7,523.2998046875
4205.0,3731.069,473.930908203125
3959.0,3894.9377,64.062255859375
924.0,881.69604,42.303955078125
3026.0,3064.4138,-38.413818359375
2399.0,2467.7617,-68.76171875
4668.0,5213.7334,-545.7333984375
1789.0,1746.07,42.9300537109375
4588.0,4698.6533,-110.6533203125
4480.0,5200.338,-720.337890625
1675.0,1832.5382,-157.5382080078125
776.0,652.84735,123.15264892578125
2042.0,2243.6616,-201.66162109375
625.0,608.45245,16.54754638671875
10697.0,10476.423,220.5771484375
828.0,702.20325,125.7967529296875
13720.0,12760.369,959.630859375
3057.0,2813.0713,243.9287109375
9057.0,8749.659,307.3408203125
1563.0,1657.2987,-94.2987060546875
1844.0,1819.868,24.1319580078125
6190.0,6367.3467,-177.3466796875
622.0,632.3427,-10.34271240234375
10852.0,9599.898,1252.1015625
5712.0,5226.44,485.56005859375
1013.0,900.1157,112.88427734375
5883.0,4667.3667,1215.63330078125
10246.0,9523.721,722.279296875
17598.0,15038.006,2559.994140625
7507.0,7693.01,-186.009765625
752.0,807.895,-55.89501953125
3612.0,3305.8967,306.103271484375
627.0,750.18475,-123.18475341796875
833.0,888.40155,-55.40155029296875
13029.0,12665.42,363.580078125
6666.0,6673.785,-7.78515625
10407.0,9557.781,849.21875
2419.0,2443.8982,-24.898193359375
871.0,904.09045,-33.0904541015625
633.0,542.8771,90.1229248046875
3192.0,3553.3047,-361.3046875
886.0,937.128,-51.12799072265625
13068.0,15332.883,-2264.8828125
710.0,608.0234,101.97662353515625
9023.0,9403.826,-380.826171875
1181.0,1232.9271,-51.9271240234375
3177.0,3510.9646,-333.964599609375
9697.0,9004.758,692.2421875
4283.0,4147.482,135.51806640625
9050.0,8604.139,445.861328125
9813.0,9385.779,427.220703125
1944.0,1569.9563,374.043701171875
2145.0,2021.1934,123.806640625
745.0,808.3588,-63.35882568359375
1040.0,974.282,65.718017578125
1729.0,1790.0695,-61.0694580078125
521.0,517.9355,3.06451416015625
6271.0,6264.216,6.7841796875
6521.0,6379.56,141.43994140625
694.0,803.3902,-109.39019775390625
1384.0,1582.8771,-198.8770751953125
1000.0,1100.1715,-100.1715087890625
638.0,637.0888,0.91119384765625
8540.0,7763.6035,776.396484375
2358.0,2511.4958,-153.495849609375
1286.0,1475.592,-189.592041015625
893.0,846.9092,46.0908203125
453.0,502.42612,-49.426116943359375
5442.0,5513.063,-71.06298828125
596.0,581.20703,14.79296875
2394.0,2249.5852,144.414794921875
14957.0,14221.346,735.654296875
4853.0,5367.4883,-514.48828125
1865.0,2018.4442,-153.4442138671875
6449.0,6033.112,415.88818359375
1226.0,1131.5269,94.47314453125
625.0,591.1768,33.82318115234375
2905.0,2524.5947,380.4052734375
2112.0,2039.2521,72.7479248046875
1063.0,1021.05316,41.94683837890625
9697.0,9072.232,624.767578125
1619.0,1748.5826,-129.5826416015625
696.0,646.2774,49.72259521484375
7616.0,10045.927,-2429.9267578125
14080.0,12413.205,1666.794921875
756.0,715.2853,40.7147216796875
645.0,701.7393,-56.73931884765625
1061.0,861.024,199.97601318359375
14853.0,14337.391,515.609375
988.0,1049.1666,-61.1666259765625
1438.0,1565.2151,-127.215087890625
5331.0,5765.291,-434.291015625
1052.0,980.95496,71.0450439453125
1605.0,1735.421,-130.4210205078125
3871.0,5385.16,-1514.16015625
373.0,437.20483,-64.204833984375
3384.0,3077.204,306.7958984375
3689.0,3482.2588,206.7412109375
2872.0,2873.5342,-1.5341796875
1546.0,1513.594,32.406005859375
3640.0,3307.5403,332.459716796875
949.0,982.67816,-33.67816162109375
1629.0,1615.1385,13.8614501953125
687.0,872.96625,-185.96624755859375
8645.0,8588.773,56.2265625
666.0,663.53235,2.4676513671875
10824.0,10550.143,273.857421875
4564.0,4979.7046,-415.70458984375
658.0,711.02185,-53.0218505859375
863.0,865.0914,-2.09136962890625
2271.0,2364.7488,-93.748779296875
1698.0,1767.7145,-69.7144775390625
8366.0,8796.686,-430.685546875
4514.0,4613.973,-99.97314453125
363.0,375.02588,-12.02587890625
1272.0,1574.7195,-302.719482421875
921.0,754.39813,166.60186767578125
419.0,476.31638,-57.316375732421875
4766.0,4983.116,-217.1162109375
368.0,450.6788,-82.67880249023438
1624.0,1594.6809,29.319091796875
3473.0,3400.518,72.48193359375
5684.0,5194.6416,489.3583984375
2161.0,2271.2139,-110.2138671875
766.0,897.7097,-131.709716796875
5381.0,5396.3594,-15.359375
551.0,557.67145,-6.67144775390625
9254.0,9475.862,-221.8623046875
872.0,765.98157,106.0184326171875
4116.0,4148.8984,-32.8984375
569.0,665.11285,-96.11285400390625
1295.0,1261.6288,33.3712158203125
524.0,624.4771,-100.47711181640625
4484.0,5426.773,-942.77294921875
3536.0,3203.8853,332.11474609375
574.0,533.955,40.04498291015625
803.0,805.0896,-2.089599609375
1081.0,780.3578,300.6422119140625
1587.0,1691.7112,-104.711181640625
1214.0,1267.7183,-53.71826171875
1814.0,1787.9637,26.0362548828125
7836.0,8060.8384,-224.83837890625
871.0,847.96954,23.03045654296875
16466.0,14117.666,2348.333984375
781.0,856.5568,-75.55682373046875
3738.0,3737.2388,0.76123046875
914.0,1005.1995,-91.19952392578125
1674.0,2060.469,-386.468994140625
2590.0,2962.4917,-372.49169921875
2585.0,2688.6548,-103.65478515625
2688.0,2877.158,-189.157958984375
3965.0,4011.7751,-46.775146484375
14691.0,13939.744,751.255859375
678.0,700.6732,-22.6732177734375
3696.0,3985.411,-289.410888671875
4586.0,4488.884,97.1162109375
551.0,701.28174,-150.28173828125
723.0,808.2407,-85.24072265625
2121.0,2148.6729,-27.6728515625
3992.0,3805.5923,186.40771484375
2835.0,2844.0251,-9.025146484375
661.0,781.4715,-120.47149658203125
1100.0,1071.1771,28.8228759765625
3808.0,3847.5479,-39.5478515625
3087.0,3444.1968,-357.19677734375
1240.0,1242.1354,-2.1353759765625
1807.0,1928.4772,-121.4771728515625
571.0,549.5892,21.41082763671875
18207.0,15826.031,2380.96875
4444.0,3905.9773,538.022705078125
1007.0,1035.204,-28.2039794921875
5914.0,5902.6255,11.37451171875
2279.0,2467.7617,-188.76171875
772.0,904.2588,-132.2587890625
6659.0,6441.862,217.13818359375
8701.0,8962.798,-261.7978515625
4516.0,4391.7324,124.267578125
3680.0,3546.4067,133.59326171875
14165.0,12841.35,1323.650390625
434.0,520.9358,-86.935791015625
4410.0,4483.9883,-73.98828125
4255.0,4183.4336,71.56640625
1591.0,1663.5256,-72.525634765625
4208.0,4807.0615,-599.0615234375
730.0,701.54095,28.45904541015625
8039.0,7216.2803,822.7197265625
942.0,824.3877,117.6123046875
12862.0,12593.425,268.5751953125
665.0,708.97986,-43.9798583984375
7408.0,7195.112,212.88818359375
4372.0,4551.9194,-179.91943359375
850.0,1090.1958,-240.19580078125
3246.0,3315.131,-69.131103515625
1125.0,1081.319,43.6810302734375
1033.0,847.9631,185.03692626953125
720.0,628.01654,91.98345947265625
3151.0,3132.7717,18.228271484375
8982.0,9809.568,-827.568359375
1746.0,1691.7565,54.2435302734375
802.0,710.24677,91.75323486328125
5288.0,5784.934,-496.93408203125
4150.0,4017.604,132.39599609375
842.0,961.27185,-119.2718505859375
4739.0,5022.2744,-283.2744140625
878.0,740.9781,137.02191162109375
767.0,840.93994,-73.93994140625
1320.0,1489.469,-169.468994140625
886.0,930.991,-44.99102783203125
4295.0,4423.3486,-128.3486328125
2599.0,2556.4294,42.570556640625
975.0,990.7247,-15.72467041015625
16532.0,13912.277,2619.72265625
2913.0,2737.976,175.02392578125
18656.0,15839.758,2816.2421875
3204.0,3348.9004,-144.900390625
4916.0,5094.7124,-178.71240234375
13595.0,11546.764,2048.236328125
709.0,612.9721,96.02789306640625
3429.0,3348.4436,80.556396484375
18524.0,15915.761,2608.2392578125
1721.0,1783.3777,-62.377685546875
935.0,977.60345,-42.60345458984375
680.0,761.00635,-81.00634765625
1949.0,1720.3691,228.630859375
4044.0,4987.791,-943.791015625
2578.0,2044.1787,533.8212890625
3941.0,3873.7136,67.286376953125
803.0,682.2737,120.726318359375
4981.0,4869.8047,111.1953125
12932.0,12765.1045,166.8955078125
5010.0,5396.3545,-386.3544921875
1699.0,2076.8086,-377.80859375
2748.0,3680.736,-932.736083984375
827.0,919.9433,-92.94329833984375
4869.0,5385.8896,-516.8896484375
6072.0,6866.0757,-794.07568359375
13691.0,14212.627,-521.626953125
2840.0,2433.6047,406.395263671875
5602.0,5658.519,-56.51904296875
4185.0,3997.652,187.347900390625
7032.0,7530.8364,-498.83642578125
766.0,818.4938,-52.4937744140625
13437.0,15211.755,-1774.7548828125
1363.0,1337.1562,25.84375
876.0,824.2645,51.7354736328125
1895.0,1964.8654,-69.8653564453125
4538.0,4069.3892,468.61083984375
705.0,776.10815,-71.108154296875
6769.0,6805.771,-36.77099609375
11719.0,11084.948,634.0517578125
1815.0,1729.3047,85.6953125
5885.0,5976.923,-91.9228515625
4497.0,4220.4854,276.5146484375
2781.0,2885.2776,-104.277587890625
2581.0,2899.7688,-318.768798828125
1133.0,998.6773,134.32269287109375
11950.0,11389.611,560.388671875
2039.0,1928.5029,110.4970703125
2215.0,2367.6553,-152.6552734375
684.0,774.4595,-90.45947265625
809.0,912.09,-103.09002685546875
4644.0,3730.5781,913.421875
7216.0,7592.067,-376.06689453125
10038.0,9596.236,441.763671875
710.0,731.1671,-21.1671142578125
6609.0,6589.092,19.908203125
2020.0,1834.6753,185.32470703125
6346.0,5360.295,985.705078125
4989.0,4913.0283,75.9716796875
895.0,809.0592,85.9407958984375
996.0,921.44507,74.554931640625
1432.0,1357.0747,74.92529296875
5194.0,5215.6235,-21.62353515625
789.0,882.83826,-93.8382568359375
827.0,922.54755,-95.54754638671875
16409.0,14565.841,1843.1591796875
4199.0,3726.0862,472.913818359375
9119.0,8724.825,394.1748046875
2139.0,2263.4824,-124.482421875
1964.0,2824.0044,-860.00439453125
3066.0,2804.189,261.81103515625
825.0,1091.2146,-266.214599609375
17760.0,14904.771,2855.228515625
504.0,463.39508,40.60491943359375
660.0,694.2301,-34.2301025390625
6825.0,7003.5874,-178.58740234375
557.0,601.68713,-44.6871337890625
3889.0,4120.0293,-231.029296875
1013.0,1065.6438,-52.643798828125
3547.0,3010.3342,536.665771484375
7338.0,7433.645,-95.64501953125
700.0,724.41943,-24.41943359375
1580.0,1761.9769,-181.9769287109375
12048.0,12278.244,-230.244140625
2896.0,2601.3398,294.66015625
3219.0,2935.0442,283.955810546875
2086.0,2070.3894,15.610595703125
969.0,820.50165,148.49835205078125
716.0,832.84937,-116.849365234375
1001.0,1035.7704,-34.7703857421875
2218.0,2278.5957,-60.595703125
1696.0,1791.3458,-95.3458251953125
583.0,601.0839,-18.08392333984375
741.0,784.5505,-43.55047607421875
14208.0,11983.745,2224.2548828125
6191.0,5638.837,552.1630859375
15385.0,15168.597,216.4033203125
7044.0,6679.236,364.76416015625
1569.0,1531.8838,37.1162109375
1966.0,1833.1738,132.826171875
7459.0,7429.413,29.5869140625
2840.0,2760.2534,79.74658203125
731.0,694.48773,36.51226806640625
880.0,746.9715,133.02850341796875
495.0,524.3706,-29.37060546875
580.0,559.8676,20.13238525390625
11351.0,10361.253,989.7470703125
945.0,877.98145,67.0185546875
2039.0,2059.665,-20.6650390625
1779.0,1939.0571,-160.05712890625
1343.0,1309.2782,33.7218017578125
2555.0,2739.0525,-184.052490234375
694.0,758.3856,-64.3856201171875
475.0,474.21524,0.784759521484375
3075.0,2641.1665,433.83349609375
900.0,740.91406,159.0859375
7629.0,7232.439,396.56103515625
4838.0,5313.791,-475.791015625
1402.0,1584.913,-182.9129638671875
5996.0,5531.2085,464.79150390625
2283.0,2267.6694,15.33056640625
4252.0,4061.0557,190.9443359375
1397.0,1317.4281,79.5718994140625
4150.0,4509.1484,-359.1484375
2426.0,2346.5767,79.42333984375
606.0,677.0382,-71.0382080078125
8381.0,8450.394,-69.3935546875
505.0,498.84796,6.15203857421875
2557.0,2757.916,-200.916015625
628.0,596.08264,31.9173583984375
1102.0,994.01385,107.98614501953125
553.0,667.426,-114.426025390625
2381.0,2472.1494,-91.1494140625
7990.0,7715.54,274.4599609375
1088.0,976.3742,111.62579345703125
819.0,892.0026,-73.00262451171875
2596.0,2904.3135,-308.3134765625
984.0,968.6517,15.34832763671875
8169.0,7531.397,637.60302734375
461.0,511.95526,-50.95526123046875
5292.0,4959.9316,332.068359375
8912.0,8823.044,88.9560546875
11602.0,11456.812,145.1884765625
720.0,681.36725,38.63275146484375
7230.0,8180.7686,-950.7685546875
5331.0,6239.6353,-908.63525390625
2165.0,2232.009,-67.009033203125
2604.0,2343.061,260.93896484375
1689.0,1761.2853,-72.2852783203125
736.0,766.4579,-30.4578857421875
769.0,824.8936,-55.89361572265625
1808.0,2012.5979,-204.597900390625
2335.0,2218.3071,116.69287109375
645.0,723.0171,-78.01708984375
5996.0,6313.872,-317.8720703125
3751.0,3678.3142,72.685791015625
8568.0,8771.141,-203.140625
1607.0,1560.0167,46.9832763671875
1451.0,1691.3206,-240.320556640625
670.0,795.7284,-125.7283935546875
633.0,687.9513,-54.9512939453125
6494.0,5854.544,639.4560546875
2574.0,3061.9973,-487.997314453125
7406.0,7788.0415,-382.04150390625
872.0,892.7255,-20.72552490234375
7583.0,8125.2383,-542.23828125
999.0,1002.13446,-3.13446044921875
3105.0,3209.811,-104.81103515625
1929.0,1867.3041,61.6959228515625
9362.0,9827.652,-465.65234375
3169.0,2850.9714,318.028564453125
4630.0,4729.406,-99.40576171875
4209.0,3684.537,524.462890625
3495.0,3234.8179,260.18212890625
1057.0,1137.8792,-80.879150390625
4244.0,4747.4536,-503.45361328125
984.0,836.8777,147.122314453125
1646.0,1614.2325,31.7674560546875
3246.0,3156.6755,89.324462890625
4827.0,5400.134,-573.1337890625
3435.0,3347.6675,87.33251953125
4588.0,4154.8115,433.1884765625
2657.0,2473.5474,183.45263671875
709.0,620.4885,88.511474609375
7204.0,6971.124,232.8759765625
5114.0,4993.937,120.06298828125
1046.0,778.8432,267.15679931640625
8928.0,9645.365,-717.365234375
6509.0,6653.535,-144.53515625
622.0,600.1817,21.81829833984375
773.0,710.8609,62.13909912109375
6592.0,6553.928,38.07177734375
523.0,555.091,-32.09100341796875
2047.0,2033.556,13.4439697265625
1607.0,1619.1022,-12.1021728515625
12261.0,12050.714,210.2861328125
1580.0,1638.7764,-58.7763671875
526.0,553.3291,-27.3291015625
2063.0,1998.8839,64.1160888671875
9857.0,9924.219,-67.21875
7937.0,7213.789,723.2109375
552.0,625.2375,-73.23748779296875
6380.0,6412.6504,-32.650390625
1079.0,1064.7003,14.2996826171875
605.0,697.13025,-92.1302490234375
4654.0,4799.273,-145.27294921875
2593.0,2844.9043,-251.904296875
6295.0,6010.636,284.36376953125
1018.0,1011.14343,6.8565673828125
915.0,983.29376,-68.29376220703125
666.0,718.5069,-52.50689697265625
945.0,1083.9812,-138.981201171875
579.0,653.25183,-74.2518310546875
4751.0,4431.563,319.43701171875
3927.0,4111.31,-184.31005859375
13853.0,12604.54,1248.4599609375
3390.0,2916.693,473.306884765625
800.0,881.1764,-81.1763916015625
5598.0,5452.4097,145.59033203125
6707.0,7109.193,-402.19287109375
16955.0,15396.202,1558.7978515625
3481.0,3319.0232,161.976806640625
11088.0,14319.789,-3231.7890625
16709.0,15232.399,1476.6005859375
1250.0,1212.6075,37.3924560546875
11180.0,9913.188,1266.8115234375
7906.0,7685.1333,220.86669921875
720.0,623.81476,96.18524169921875
3304.0,3939.7944,-635.79443359375
1750.0,1877.1707,-127.170654296875
5546.0,5178.4688,367.53125
1599.0,2070.588,-471.587890625
1859.0,1933.308,-74.3079833984375
583.0,506.42172,76.57827758789062
956.0,950.70844,5.29156494140625
1050.0,990.4079,59.59210205078125
14027.0,12727.782,1299.2177734375
5294.0,6335.8677,-1041.86767578125
3322.0,3032.118,289.882080078125
530.0,490.46188,39.538116455078125
4007.0,4148.697,-141.69677734375
605.0,707.4901,-102.4901123046875
17667.0,15265.908,2401.091796875
2681.0,2953.473,-272.472900390625
421.0,477.60428,-56.604278564453125
4285.0,4075.8574,209.142578125
2206.0,2210.8127,-4.812744140625
12392.0,14709.619,-2317.619140625
1649.0,1675.8232,-26.8232421875
2440.0,2822.9485,-382.948486328125
1035.0,1218.556,-183.5560302734375
1212.0,1273.695,-61.6949462890625
1235.0,1280.0778,-45.0777587890625
756.0,624.2099,131.79010009765625
9759.0,9391.752,367.248046875
581.0,625.7373,-44.7373046875
4339.0,4686.246,-347.24609375
803.0,804.8214,-1.8214111328125
5166.0,6239.6826,-1073.6826171875
1308.0,1582.1107,-274.1107177734375
12766.0,15933.819,-3167.8193359375
631.0,702.94196,-71.94195556640625
2319.0,2272.4082,46.591796875
5808.0,6166.812,-358.81201171875
4830.0,4899.475,-69.47509765625
6146.0,6072.544,73.4560546875
1279.0,1285.9286,-6.9285888671875
4194.0,4341.2515,-147.25146484375
5466.0,5079.2725,386.7275390625
666.0,733.4543,-67.45428466796875
3620.0,3914.3809,-294.380859375
638.0,722.25244,-84.25244140625
7306.0,7107.0977,198.90234375
1890.0,1905.1108,-15.11083984375
8975.0,8171.426,803.57421875
3556.0,3587.0007,-31.000732421875
15105.0,14991.251,113.7490234375
4616.0,4136.762,479.23779296875
5012.0,4687.5293,324.470703125
1982.0,2105.328,-123.327880859375
3323.0,3545.402,-222.402099609375
3704.0,3330.8574,373.142578125
13500.0,13972.635,-472.634765625
3613.0,4059.5916,-446.591552734375
1087.0,919.84406,167.15594482421875
719.0,747.85443,-28.85443115234375
2648.0,2581.5771,66.4228515625
2295.0,2539.7163,-244.71630859375
2672.0,2872.2666,-200.2666015625
3540.0,3755.884,-215.884033203125
3127.0,2713.5374,413.462646484375
5313.0,4908.316,404.68408203125
586.0,593.06323,-7.063232421875
1925.0,1972.4174,-47.4173583984375
828.0,888.1289,-60.12890625
5392.0,5393.8174,-1.8173828125
1041.0,877.77606,163.22393798828125
2949.0,2927.6377,21.3623046875
732.0,670.6869,61.3131103515625
4209.0,4069.059,139.94091796875
1400.0,1343.1357,56.8642578125
4751.0,4179.2134,571.78662109375
679.0,589.52386,89.47613525390625
1409.0,1489.1201,-80.1201171875
1412.0,1503.2018,-91.2017822265625
5146.0,5998.3057,-852.3056640625
7512.0,8627.51,-1115.509765625
447.0,466.14685,-19.1468505859375
1781.0,1739.6721,41.327880859375
7751.0,7323.29,427.7099609375
579.0,576.6162,2.3837890625
1041.0,869.6735,171.32647705078125
2560.0,2519.43,40.570068359375
1163.0,980.28375,182.71624755859375
4444.0,5135.1045,-691.1044921875
2518.0,2533.3977,-15.397705078125
10107.0,9693.857,413.142578125
703.0,670.4999,32.5001220703125
1009.0,1135.0923,-126.09228515625
3858.0,3958.3926,-100.392578125
1654.0,1515.3146,138.6854248046875
802.0,821.48236,-19.48236083984375
15851.0,14293.332,1557.66796875
1577.0,1634.7787,-57.7786865234375
5713.0,4918.308,794.69189453125
2877.0,2593.6453,283.354736328125
1116.0,1125.5902,-9.5902099609375
596.0,700.7294,-104.7293701171875
2843.0,3055.6882,-212.688232421875
1911.0,1892.1116,18.888427734375
11853.0,10478.582,1374.41796875
16618.0,15582.944,1035.0556640625
5556.0,5666.118,-110.1181640625
528.0,597.2157,-69.2156982421875
11212.0,11059.835,152.1650390625
792.0,851.1046,-59.1046142578125
7828.0,7378.1943,449.8056640625
610.0,655.63184,-45.6318359375
2111.0,2476.6028,-365.602783203125
3206.0,3117.0195,88.98046875
3920.0,4159.987,-239.98681640625
8394.0,7631.766,762.23388671875
883.0,925.43567,-42.4356689453125
4774.0,5528.8667,-754.86669921875
764.0,804.3689,-40.368896484375
12648.0,11191.647,1456.3525390625
9513.0,8924.838,588.162109375
1813.0,1761.4894,51.5106201171875
6618.0,6557.117,60.8828125
2145.0,2259.7644,-114.764404296875
612.0,532.632,79.36798095703125
2773.0,2769.517,3.48291015625
1368.0,1094.4692,273.53076171875
5204.0,5078.9043,125.095703125
1832.0,1969.0355,-137.0355224609375
5938.0,6373.1313,-435.13134765625
505.0,494.3748,10.625213623046875
666.0,712.21655,-46.216552734375
12148.0,12038.238,109.76171875
4223.0,4738.595,-515.59521484375
3230.0,3414.235,-184.235107421875
2032.0,2307.8281,-275.828125
2385.0,2236.6787,148.3212890625
1781.0,1723.4178,57.5821533203125
3670.0,3744.5793,-74.579345703125
1079.0,1065.0103,13.98974609375
2648.0,2553.6895,94.310546875
3241.0,3120.2952,120.704833984375
1970.0,2034.8721,-64.8720703125
802.0,705.19183,96.80816650390625
684.0,573.64343,110.3565673828125
4452.0,4442.271,9.72900390625
2855.0,3711.9663,-856.96630859375
4666.0,4563.2617,102.73828125
2801.0,2789.4949,11.505126953125
617.0,636.25415,-19.254150390625
5586.0,5935.3823,-349.38232421875
710.0,805.7887,-95.7886962890625
3644.0,3660.2424,-16.242431640625
6488.0,6656.7534,-168.75341796875
2039.0,2193.714,-154.714111328125
4798.0,4625.245,172.7548828125
8442.0,7675.947,766.05322265625
2792.0,2794.4133,-2.413330078125
645.0,679.3672,-34.3671875
1571.0,1709.6035,-138.603515625
3081.0,2833.8591,247.140869140625
590.0,639.9104,-49.910400390625
5015.0,4745.0674,269.9326171875
764.0,780.08325,-16.083251953125
639.0,743.2125,-104.2125244140625
4375.0,4091.9348,283.065185546875
1890.0,1813.0166,76.9833984375
1658.0,1739.5094,-81.5093994140625
8387.0,9270.246,-883.24609375
4488.0,4558.85,-70.85009765625
710.0,727.9723,-17.9722900390625
1370.0,1339.86,30.1400146484375
1815.0,1742.8241,72.1759033203125
2891.0,2899.5876,-8.587646484375
779.0,891.1518,-112.15179443359375
1238.0,1452.6511,-214.651123046875
3030.0,3127.0806,-97.08056640625
1115.0,1121.6626,-6.66259765625
3159.0,3081.881,77.118896484375
7291.0,7581.8276,-290.82763671875
1000.0,1063.013,-63.012939453125
4480.0,3974.5981,505.40185546875
2059.0,1981.3119,77.6881103515625
863.0,820.6356,42.3643798828125
10711.0,10015.103,695.8974609375
2825.0,2650.6982,174.3017578125
1419.0,1487.9695,-68.969482421875
15760.0,15557.181,202.8193359375
1299.0,1242.9204,56.07958984375
6256.0,6930.7744,-674.7744140625
4129.0,5050.1074,-921.107421875
1759.0,1632.9865,126.0135498046875
4209.0,4694.2363,-485.236328125
3577.0,2705.1846,871.8154296875
394.0,422.7642,-28.764190673828125
5560.0,6140.001,-580.0009765625
1833.0,1709.9584,123.0416259765625
741.0,874.78595,-133.78594970703125
6501.0,5256.7183,1244.28173828125
4013.0,4309.8354,-296.83544921875
4918.0,5160.166,-242.166015625
1381.0,1515.1172,-134.1171875
6828.0,6696.7915,131.20849609375
624.0,703.5283,-79.5283203125
4390.0,4338.349,51.65087890625
5215.0,5194.151,20.84912109375
698.0,618.32806,79.67193603515625
1016.0,898.07574,117.92425537109375
490.0,461.84668,28.1533203125
364.0,375.04703,-11.047027587890625
3309.0,3820.932,-511.931884765625
700.0,835.4813,-135.4813232421875
422.0,452.23584,-30.23583984375
1757.0,1795.1085,-38.1085205078125
2691.0,2730.831,-39.8310546875
4714.0,5864.09,-1150.08984375
947.0,946.61847,0.38153076171875
12207.0,12187.951,19.048828125
15826.0,15662.167,163.8330078125
14266.0,16103.567,-1837.5673828125
13756.0,12433.905,1322.0947265625
3502.0,3075.402,426.597900390625
2617.0,2565.309,51.69091796875
552.0,520.7646,31.23541259765625
2390.0,2042.5586,347.44140625
1005.0,1035.6261,-30.6260986328125
459.0,505.8602,-46.860198974609375
794.0,732.904,61.09600830078125
7326.0,9426.662,-2100.662109375
7695.0,8115.5645,-420.564453125
936.0,901.80896,34.1910400390625
10920.0,10742.005,177.9951171875
1446.0,1426.2285,19.771484375
872.0,776.79254,95.20745849609375
878.0,800.46014,77.53985595703125
1135.0,1281.7875,-146.7874755859375
12440.0,12166.708,273.2919921875
10049.0,8949.353,1099.6474609375
4588.0,4319.0044,268.99560546875
8373.0,7714.826,658.173828125
666.0,752.6841,-86.68408203125
6005.0,5634.4766,370.5234375
6095.0,6226.579,-131.5791015625
1229.0,1172.9468,56.05322265625
807.0,900.0702,-93.0701904296875
5044.0,5151.943,-107.94287109375
750.0,857.9618,-107.9617919921875
9823.0,9759.901,63.0986328125
447.0,434.79245,12.207550048828125
3265.0,4375.6836,-1110.68359375
7553.0,7477.6704,75.32958984375
10874.0,9975.892,898.1083984375
6822.0,5362.376,1459.6240234375
1857.0,1894.0516,-37.0516357421875
7358.0,7332.978,25.02197265625
3489.0,3307.1238,181.876220703125
13065.0,16010.488,-2945.48828125
1408.0,1104.9496,303.0504150390625
827.0,805.63525,21.36474609375
454.0,500.80432,-46.8043212890625
777.0,896.7096,-119.7095947265625
1069.0,1007.2503,61.74969482421875
6628.0,6787.263,-159.26318359375
5324.0,4973.22,350.77978515625
1415.0,1530.0605,-115.060546875
3763.0,3151.2356,611.764404296875
1440.0,1595.3087,-155.3087158203125
10011.0,3973.8474,6037.152587890625
3812.0,3819.4814,-7.4814453125
1007.0,1020.4188,-13.4188232421875
1125.0,1037.0753,87.9246826171875
4181.0,3945.7935,235.20654296875
1715.0,1769.5287,-54.5286865234375
378.0,403.3779,-25.377899169921875
9275.0,10433.426,-1158.42578125
11385.0,11315.853,69.1474609375
16336.0,14774.027,1561.97265625
765.0,664.65784,100.3421630859375
1768.0,1693.3279,74.672119140625
5701.0,5670.898,30.10205078125
2990.0,3619.607,-629.60693359375
1758.0,1799.5059,-41.505859375
2290.0,2179.0503,110.94970703125
2460.0,2500.157,-40.156982421875
6401.0,7700.395,-1299.39501953125
10685.0,8827.725,1857.275390625
1754.0,1800.2649,-46.264892578125
408.0,426.74002,-18.740020751953125
4044.0,4860.0137,-816.013671875
2239.0,2431.493,-192.492919921875
10046.0,9491.031,554.96875
737.0,855.1652,-118.16522216796875
2320.0,2114.655,205.344970703125
459.0,509.64755,-50.647552490234375
5042.0,5156.5986,-114.5986328125
1228.0,1229.579,-1.5789794921875
7349.0,7290.1587,58.84130859375
573.0,671.24506,-98.24505615234375
4401.0,4398.6587,2.34130859375
815.0,879.5172,-64.5172119140625
10913.0,15014.445,-4101.4453125
3423.0,2946.187,476.81298828125
605.0,666.7685,-61.76849365234375
1317.0,1227.8926,89.107421875
2398.0,2470.334,-72.333984375
10889.0,10764.526,124.4736328125
6987.0,7167.932,-180.93212890625
2704.0,2833.439,-129.43896484375
477.0,484.41595,-7.41595458984375
407.0,469.8226,-62.822601318359375
3780.0,3928.296,-148.2958984375
2607.0,3058.9578,-451.957763671875
2896.0,2901.0015,-5.00146484375
983.0,1004.3516,-21.35162353515625
4013.0,3454.5981,558.40185546875
1856.0,1840.8303,15.169677734375
9279.0,9236.18,42.8203125
3743.0,4178.161,-435.1611328125
552.0,603.00336,-51.00335693359375
596.0,667.7435,-71.7435302734375
11075.0,11030.171,44.8291015625
2001.0,2039.147,-38.14697265625
971.0,864.1981,106.8018798828125
1294.0,1423.7874,-129.787353515625
17492.0,15990.299,1501.701171875
2458.0,2494.5244,-36.5244140625
8583.0,9515.703,-932.703125
706.0,889.2459,-183.24591064453125
2590.0,2073.7693,516.230712890625
1919.0,1822.0496,96.950439453125
1758.0,1704.8767,53.123291015625
485.0,520.95465,-35.95465087890625
492.0,658.5961,-166.59613037109375
6670.0,5875.758,794.2421875
1957.0,1824.1797,132.8203125
5055.0,4669.063,385.93701171875
3060.0,2925.9597,134.040283203125
6361.0,6732.2656,-371.265625
5306.0,5325.6953,-19.6953125
3667.0,3641.2,25.800048828125
11009.0,11549.605,-540.60546875
6752.0,6754.6167,-2.61669921875
707.0,729.0879,-22.087890625
3468.0,3201.2854,266.714599609375
4832.0,4663.824,168.17578125
544.0,582.3614,-38.36138916015625
947.0,954.79877,-7.79876708984375
7024.0,7124.4453,-100.4453125
556.0,586.68616,-30.6861572265625
5361.0,4728.797,632.203125
421.0,420.63452,0.365478515625
10380.0,9176.663,1203.3369140625
394.0,414.2521,-20.252105712890625
9005.0,8297.067,707.9326171875
648.0,594.6687,53.331298828125
673.0,627.4194,45.58062744140625
2012.0,2795.5186,-783.5185546875
3838.0,3131.3464,706.653564453125
17607.0,15694.15,1912.849609375
422.0,450.83066,-28.830657958984375
6139.0,5675.7793,463.220703125
648.0,577.9519,70.048095703125
6271.0,5290.2793,980.720703125
9399.0,8453.513,945.4873046875
4160.0,4778.4155,-618.41552734375
1593.0,1410.4358,182.564208984375
15559.0,16277.467,-718.466796875
944.0,923.9415,20.0584716796875
4639.0,4943.9946,-304.99462890625
826.0,777.0069,48.99310302734375
651.0,625.89777,25.10223388671875
2739.0,3098.8743,-359.874267578125
666.0,599.6275,66.37249755859375
6562.0,6178.9883,383.01171875
3398.0,3688.5005,-290.50048828125
571.0,538.746,32.2540283203125
3050.0,2756.2063,293.793701171875
698.0,627.7227,70.27728271484375
537.0,592.74097,-55.740966796875
1382.0,1511.3856,-129.3856201171875
593.0,577.69464,15.30535888671875
2362.0,2356.8306,5.16943359375
5074.0,4169.4062,904.59375
5717.0,5422.504,294.49609375
5576.0,5456.8994,119.1005859375
457.0,513.1461,-56.1461181640625
2744.0,2667.608,76.39208984375
795.0,795.23584,-0.23583984375
3102.0,3218.6973,-116.697265625
15339.0,15070.67,268.330078125
5020.0,5124.2324,-104.232421875
4968.0,4889.466,78.5341796875
2476.0,2571.0732,-95.0732421875
4199.0,4057.741,141.259033203125
5556.0,5243.6274,312.37255859375
1804.0,1809.6653,-5.665283203125
3497.0,3707.829,-210.8291015625
5398.0,5082.8833,315.11669921875
1197.0,1404.3412,-207.3411865234375
15922.0,14696.845,1225.1552734375
695.0,712.60645,-17.6064453125
4321.0,4501.0054,-180.00537109375
6200.0,5587.998,612.001953125
1813.0,1793.5385,19.4615478515625
2456.0,2311.2568,144.7431640625
477.0,476.48026,0.519744873046875
4244.0,4471.1323,-227.13232421875
2499.0,2490.5566,8.443359375
616.0,807.8372,-191.83721923828125
1413.0,1367.7373,45.2626953125
4218.0,4592.83,-374.830078125
1687.0,1677.0983,9.9017333984375
799.0,788.9709,10.02911376953125
1949.0,1877.4913,71.5086669921875
11108.0,13154.15,-2046.150390625
409.0,424.6216,-15.621612548828125
6962.0,6378.8296,583.17041015625
3190.0,3304.2952,-114.295166015625
526.0,581.3025,-55.302490234375
3326.0,3415.437,-89.43701171875
6165.0,5341.293,823.70703125
799.0,817.85474,-18.854736328125
3878.0,3759.7053,118.294677734375
4368.0,4739.9106,-371.91064453125
16861.0,15232.399,1628.6005859375
3211.0,3261.9263,-50.92626953125
683.0,751.1977,-68.19769287109375
6796.0,5414.6685,1381.33154296875
4284.0,4081.678,202.322021484375
461.0,541.35815,-80.358154296875
7976.0,7781.3145,194.685546875
7022.0,6623.2373,398.7626953125
806.0,711.79224,94.207763671875
1580.0,1761.4852,-181.4852294921875
1350.0,1329.9596,20.0404052734375
1984.0,1938.443,45.5570068359375
734.0,812.4864,-78.48638916015625
14937.0,14723.754,213.24609375
599.0,751.46387,-152.4638671875
3806.0,3693.7222,112.27783203125
5387.0,5705.0454,-318.04541015625
2569.0,2429.5264,139.4736328125
735.0,721.23096,13.76904296875
523.0,459.40842,63.591583251953125
9281.0,8404.705,876.294921875
1114.0,955.0604,158.9395751953125
765.0,673.6239,91.3760986328125
1013.0,875.8423,137.15771484375
378.0,443.70288,-65.702880859375
10916.0,10811.343,104.6572265625
6504.0,6535.3257,-31.32568359375
3428.0,3486.763,-58.762939453125
1778.0,2009.8931,-231.89306640625
14889.0,13765.285,1123.71484375
3293.0,3318.523,-25.52294921875
5154.0,5260.0938,-106.09375
9234.0,8906.283,327.716796875
11844.0,11030.655,813.3447265625
5759.0,6105.5913,-346.59130859375
1655.0,1697.3966,-42.3966064453125
3913.0,3615.7454,297.254638671875
337.0,397.64468,-60.644683837890625
5233.0,5464.4624,-231.46240234375
4427.0,4404.335,22.6650390625
605.0,671.6616,-66.66162109375
1774.0,1867.5891,-93.589111328125
984.0,919.94635,64.05364990234375
4238.0,4261.401,-23.40087890625
2063.0,2043.5216,19.4783935546875
430.0,464.3993,-34.3992919921875
3089.0,2647.3823,441.61767578125
4732.0,4904.081,-172.0810546875
516.0,594.6102,-78.6102294921875
7267.0,7153.9575,113.04248046875
11115.0,14860.968,-3745.9677734375
646.0,639.4491,6.5509033203125
815.0,800.58014,14.41986083984375
2585.0,2354.691,230.30908203125
1105.0,1125.5564,-20.556396484375
4892.0,4795.836,96.1640625
14659.0,16314.488,-1655.48828125
1289.0,1234.3024,54.6976318359375
12112.0,11759.697,352.302734375
780.0,801.09973,-21.0997314453125
827.0,911.5855,-84.58551025390625
10920.0,10030.14,889.8603515625
4721.0,4406.415,314.5849609375
3832.0,4764.566,-932.56591796875
2968.0,3689.5667,-721.566650390625
3284.0,3330.3428,-46.3427734375
3077.0,3128.6829,-51.682861328125
3398.0,3452.7202,-54.72021484375
1629.0,1572.4138,56.586181640625
7392.0,7118.1084,273.8916015625
2726.0,2795.8333,-69.833251953125
7129.0,6699.1553,429.8447265625
697.0,669.62695,27.373046875
2042.0,2531.1052,-489.105224609375
5154.0,4441.1143,712.8857421875
449.0,488.9036,-39.903594970703125
2659.0,2833.72,-174.719970703125
12268.0,11091.822,1176.177734375
2022.0,2086.535,-64.534912109375
7815.0,6989.373,825.626953125
2577.0,2540.8943,36.105712890625
10693.0,11064.045,-371.044921875
5431.0,5547.625,-116.625
5884.0,5736.9795,147.0205078125
982.0,909.26953,72.73046875
1005.0,1018.0326,-13.0325927734375
417.0,493.9701,-76.9700927734375
4912.0,5306.9326,-394.9326171875
1980.0,1916.645,63.35498046875
2196.0,2392.9014,-196.9013671875
3888.0,4008.91,-120.909912109375
6468.0,6952.372,-484.3720703125
5529.0,5095.869,433.130859375
1061.0,889.46027,171.53973388671875
4313.0,4625.5806,-312.58056640625
1776.0,1828.9535,-52.9534912109375
14341.0,12544.79,1796.2099609375
391.0,407.60315,-16.6031494140625
829.0,895.1896,-66.1895751953125
706.0,796.5126,-90.5125732421875
995.0,862.28186,132.7181396484375
626.0,770.50055,-144.50054931640625
9167.0,8330.61,836.3896484375
673.0,716.1575,-43.157470703125
4258.0,4243.184,14.81591796875
4699.0,5636.772,-937.77197265625
18692.0,16047.192,2644.8076171875
5622.0,4986.516,635.48388671875
800.0,794.7572,5.2427978515625
8254.0,8143.331,110.6689453125
530.0,493.42377,36.57623291015625
2304.0,2671.581,-367.5810546875
495.0,555.80817,-60.80816650390625
3268.0,3117.6768,150.3232421875
5034.0,4689.64,344.35986328125
1646.0,1753.3219,-107.3218994140625
12291.0,10981.276,1309.7236328125
737.0,848.28375,-111.28375244140625
2531.0,2989.9219,-458.921875
1928.0,1876.6862,51.3138427734375
2362.0,2720.4739,-358.473876953125
2743.0,2728.5315,14.468505859375
863.0,967.0163,-104.01629638671875
3073.0,2753.4624,319.53759765625
12799.0,12572.268,226.732421875
2868.0,2814.1086,53.891357421875
13768.0,11890.739,1877.2607421875
608.0,716.07745,-108.07745361328125
1273.0,1309.4506,-36.4505615234375
5575.0,5574.949,0.05078125
1554.0,1743.6442,-189.6441650390625
633.0,549.06744,83.93255615234375
761.0,692.071,68.92901611328125
9836.0,9448.346,387.654296875
3742.0,3672.974,69.02587890625
