{
  "accuracy": 0.9593872095414353,
  "f1_macro": 0.9151568252106426,
  "f1_weighted": 0.9590408396803707
}