strategy,accuracy_test,f1_macro_test,minority_class_recall,notes,cv_f1_macro_mean,cv_f1_macro_std
SMOTE,0.9598670230995956,0.9157863242862742,0.9675925925925926,SMOTE inside pipeline,0.8935814769118108,0.0033448427106441965
baseline,0.9592158475563781,0.914571441166691,0.9583333333333334,No imbalance handling,0.8946869898213029,0.004350606738916883
class_weight,0.9591815751593666,0.9122036527412868,0.9583333333333334,Uses class_weight='balanced',0.895177665744657,0.004057712901915577
random_oversampling,0.9156899033518404,0.8791856928060111,0.9351851851851852,Random over-sampling inside pipeline,0.8722316927647294,0.0021736885915449636
